2026/10/04 18:27:29 - mmengine - INFO - 
------------------------------------------------------------
System environment:
    sys.platform: linux
    Python: 3.10.21 (main, Aug 27 2026, 14:42:07) [GCC 14.3.0]
    CUDA available: True
    MUSA available: False
    numpy_random_seed: 21
    GPU 0: NVIDIA GeForce RTX 5070 Ti
    CUDA_HOME: /home/PavYtr/miniconda3/envs/mmpose
    NVCC: Cuda compilation tools, release 13.0, V13.0.88
    GCC: gcc (GCC) 16.2.1 20260810
    PyTorch: 2.14.0+cu130
    PyTorch compiling details: PyTorch built with:
  - GCC 13.3
  - C++ Version: 202002
  - Intel(R) oneAPI Math Kernel Library Version 2024.2-Product Build 20240605 for Intel(R) 64 architecture applications
  - Intel(R) MKL-DNN v3.12.0 (Git Hash 80afa71049cd69a3df32adcccb623b12cd7baa22)
  - OpenMP 201511 (a.k.a. OpenMP 4.5)
  - LAPACK is enabled (usually provided by MKL)
  - NNPACK is enabled
  - CPU capability usage: AVX2
  - CUDA Runtime 13.0
  - NVCC architecture flags: -gencode;arch=compute_75,code=sm_75;-gencode;arch=compute_80,code=sm_80;-gencode;arch=compute_86,code=sm_86;-gencode;arch=compute_90,code=sm_90;-gencode;arch=compute_100,code=sm_100;-gencode;arch=compute_120,code=sm_120
  - CuDNN 92.4  (built against CUDA 13.3)
  - Magma 2.6.1
  - Build settings: BLAS_INFO=mkl, BUILD_TYPE=Release, COMMIT_SHA=08187d9e0fba026dc8217405802ab5381dc88d90, CUDA_FLAGS= -DLIBCUDACXX_ENABLE_SIMPLIFIED_COMPLEX_OPERATIONS -Xfatbin -compress-all -DONNX_NAMESPACE=onnx_torch -gencode arch=compute_75,code=sm_75 -gencode arch=compute_80,code=sm_80 -gencode arch=compute_86,code=sm_86 -gencode arch=compute_90,code=sm_90 -gencode arch=compute_100,code=sm_100 -gencode arch=compute_120,code=sm_120 -Xcudafe --diag_suppress=cc_clobber_ignored,--diag_suppress=field_without_dll_interface,--diag_suppress=base_class_has_different_dll_interface,--diag_suppress=dll_interface_conflict_none_assumed,--diag_suppress=dll_interface_conflict_dllexport_assumed,--diag_suppress=bad_friend_decl --expt-relaxed-constexpr --expt-extended-lambda -Xfatbin -compress-all --threads 2 -compress-mode=size -Wno-deprecated-gpu-targets --expt-extended-lambda -DCUB_WRAPPED_NAMESPACE=at_cuda_detail -DDISABLE_CUSPARSE_DEPRECATED -DCUDA_HAS_FP16=1 -D__CUDA_NO_HALF_OPERATORS__ -D__CUDA_NO_HALF_CONVERSIONS__ -D__CUDA_NO_HALF2_OPERATORS__ -D__CUDA_NO_BFLOAT16_CONVERSIONS__ -DC10_NODEPRECATED, CUDA_VERSION=13.0, CUDNN_VERSION=9.24.0, CXX_COMPILER=/opt/rh/gcc-toolset-13/root/usr/bin/c++, CXX_FLAGS= -fvisibility-inlines-hidden -DUSE_PTHREADPOOL -DNDEBUG -DUSE_KINETO -DHAS_CUPTI -DUSE_FBGEMM -DUSE_MSLK -DUSE_PYTORCH_QNNPACK -DSYMBOLICATE_MOBILE_DEBUG_HANDLE -O2 -fPIC -DC10_NODEPRECATED -Wall -Wextra -Werror=return-type -Werror=non-virtual-dtor -Werror=range-loop-construct -Werror=bool-operation -Wnarrowing -Wno-missing-field-initializers -Wno-unknown-pragmas -Wno-unused-parameter -Wno-strict-overflow -Wno-strict-aliasing -Wno-stringop-overflow -Wsuggest-override -Wno-psabi -Wno-error=old-style-cast -faligned-new -Wno-maybe-uninitialized -fno-math-errno -fno-trapping-math -Werror=format -Wno-dangling-reference -Wno-error=dangling-reference -Wno-stringop-overflow, LAPACK_INFO=mkl, PERF_WITH_AVX=1, PERF_WITH_AVX2=1, TORCH_VERSION=2.14.0, USE_CUDA=1, USE_CUDNN=ON, USE_CUSPARSELT=1, USE_GFLAGS=OFF, USE_GLOG=OFF, USE_GLOO=ON, USE_HIPSPARSELT=OFF, USE_MKL=ON, USE_MKLDNN=ON, USE_MPI=OFF, USE_NCCL=ON, USE_NNPACK=ON, USE_OPENMP=ON, USE_ROCM=OFF, USE_ROCM_KERNEL_ASSERT=OFF, USE_XCCL=OFF, USE_XPU=OFF, 

    TorchVision: 0.29.0+cu130
    OpenCV: 4.14.0
    MMEngine: 0.10.7

Runtime environment:
    cudnn_benchmark: False
    mp_cfg: {'mp_start_method': 'fork', 'opencv_num_threads': 0}
    dist_cfg: {'backend': 'nccl'}
    seed: 21
    Distributed launcher: none
    Distributed training: False
    GPU number: 1
------------------------------------------------------------

2026/10/04 18:27:29 - mmengine - INFO - Config:
BATCH = 64
MAX_EPOCHS = 210
WORKERS = 8
auto_scale_lr = dict(base_batch_size=32)
backend_args = dict(backend='local')
base_lr = 0.0005
codec = dict(
    input_size=(
        256,
        512,
    ),
    normalize=False,
    sigma=(
        6.0,
        9.0,
    ),
    simcc_split_ratio=2.0,
    type='SimCCLabel',
    use_dark=False)
custom_hooks = [
    dict(
        ema_type='ExpMomentumEMA',
        momentum=0.0002,
        priority=49,
        type='EMAHook',
        update_buffers=True),
    dict(count=20, type='AugmentationComparisonHook'),
]
custom_imports = dict(
    allow_failed_imports=False,
    imports=[
        'augmentations.bbox',
        'metric.local_pck',
    ])
data_mode = 'topdown'
data_root = 'data/LumbarCoco2000/'
dataset_type = 'CocoDataset'
default_hooks = dict(
    badcase=dict(
        _scope_='mmpose',
        badcase_thr=5,
        enable=False,
        metric_type='loss',
        out_dir='badcase',
        type='BadCaseAnalysisHook'),
    checkpoint=dict(
        _scope_='mmpose',
        interval=10,
        max_keep_ckpts=3,
        rule='greater',
        save_best='LocalPCK/segment@0.1/PCK',
        type='CheckpointHook'),
    logger=dict(_scope_='mmpose', interval=10, type='LoggerHook'),
    param_scheduler=dict(_scope_='mmpose', type='ParamSchedulerHook'),
    sampler_seed=dict(_scope_='mmpose', type='DistSamplerSeedHook'),
    timer=dict(_scope_='mmpose', type='IterTimerHook'),
    visualization=dict(
        _scope_='mmpose', enable=False, type='PoseVisualizationHook'))
default_scope = 'mmpose'
env_cfg = dict(
    cudnn_benchmark=False,
    dist_cfg=dict(backend='nccl'),
    mp_cfg=dict(mp_start_method='fork', opencv_num_threads=0))
input_size = (
    256,
    512,
)
launcher = 'none'
load_from = None
log_level = 'INFO'
log_processor = dict(
    _scope_='mmpose',
    by_epoch=True,
    num_digits=6,
    type='LogProcessor',
    window_size=50)
metainfo = dict(from_file='configs/_base_/datasets/lumbar_coco.py')
model = dict(
    backbone=dict(
        _scope_='mmdet',
        act_cfg=dict(type='SiLU'),
        arch='P5',
        channel_attention=True,
        deepen_factor=0.67,
        expand_ratio=0.5,
        init_cfg=dict(
            checkpoint=
            'https://download.openmmlab.com/mmpose/v1/projects/rtmposev1/cspnext-m_udp-aic-coco_210e-256x192-f2f7d6f6_20230130.pth',
            prefix='backbone.',
            type='Pretrained'),
        norm_cfg=dict(type='SyncBN'),
        out_indices=(4, ),
        type='CSPNeXt',
        widen_factor=0.75),
    data_preprocessor=dict(
        bgr_to_rgb=True,
        mean=[
            123.675,
            116.28,
            103.53,
        ],
        std=[
            58.395,
            57.12,
            57.375,
        ],
        type='PoseDataPreprocessor'),
    head=dict(
        decoder=dict(
            input_size=(
                256,
                512,
            ),
            normalize=False,
            sigma=(
                6.0,
                9.0,
            ),
            simcc_split_ratio=2.0,
            type='SimCCLabel',
            use_dark=False),
        final_layer_kernel_size=7,
        gau_cfg=dict(
            act_fn='SiLU',
            drop_path=0.0,
            dropout_rate=0.0,
            expansion_factor=2,
            hidden_dims=256,
            pos_enc=False,
            s=128,
            use_rel_bias=False),
        in_channels=768,
        in_featuremap_size=(
            8,
            16,
        ),
        input_size=(
            256,
            512,
        ),
        loss=dict(
            beta=10.0,
            label_softmax=True,
            type='KLDiscretLoss',
            use_target_weight=True),
        out_channels=22,
        simcc_split_ratio=2.0,
        type='RTMCCHead'),
    test_cfg=dict(flip_test=False),
    type='TopdownPoseEstimator')
num_keypoints = 22
optim_wrapper = dict(
    clip_grad=dict(max_norm=35, norm_type=2),
    loss_scale='dynamic',
    optimizer=dict(lr=0.0005, type='AdamW', weight_decay=0.05),
    paramwise_cfg=dict(
        bias_decay_mult=0, bypass_duplicate=True, norm_decay_mult=0),
    type='AmpOptimWrapper')
param_scheduler = [
    dict(
        begin=0, by_epoch=False, end=500, start_factor=1e-05, type='LinearLR'),
    dict(
        T_max=105,
        begin=105,
        by_epoch=True,
        convert_to_iter_based=True,
        end=210,
        eta_min=2.5e-05,
        type='CosineAnnealingLR'),
]
randomness = dict(seed=21)
resume = False
test_cfg = dict()
test_dataloader = dict(
    batch_size=16,
    dataset=dict(
        ann_file='annotations/lumbar_keypoints_test.json',
        data_mode='topdown',
        data_prefix=dict(img='images/'),
        data_root='data/LumbarCoco2000/',
        metainfo=dict(from_file='configs/_base_/datasets/lumbar_coco.py'),
        pipeline=[
            dict(backend_args=dict(backend='local'), type='LoadImage'),
            dict(padding=1.15, type='GetBBoxCenterScale'),
            dict(input_size=(
                256,
                512,
            ), type='TopdownAffine'),
            dict(type='PackPoseInputs'),
        ],
        test_mode=True,
        type='CocoDataset'),
    drop_last=False,
    num_workers=4,
    persistent_workers=True,
    sampler=dict(round_up=False, shuffle=False, type='DefaultSampler'))
test_evaluator = [
    dict(
        mode='segment',
        prefix='LocalPCK/segment@0.1',
        threshold=0.1,
        type='LocalPCK'),
]
train_cfg = dict(by_epoch=True, max_epochs=210, val_interval=10)
train_dataloader = dict(
    batch_size=64,
    dataset=dict(
        ann_file='annotations/lumbar_keypoints_train.json',
        data_mode='topdown',
        data_prefix=dict(img='images/'),
        data_root='data/LumbarCoco2000/',
        metainfo=dict(from_file='configs/_base_/datasets/lumbar_coco.py'),
        pipeline=[
            dict(backend_args=dict(backend='local'), type='LoadImage'),
            dict(padding=1.15, type='GetBBoxCenterScale'),
            dict(
                apply_prob=0.8,
                clip_to_image=True,
                expansion_ranges=dict(
                    bottom=(
                        0.0,
                        0.5,
                    ),
                    left=(
                        0.0,
                        0.5,
                    ),
                    right=(
                        0.0,
                        0.5,
                    ),
                    top=(
                        0.0,
                        0.5,
                    )),
                rotation_range=(
                    -15.0,
                    15.0,
                ),
                side_probs=dict(bottom=0.5, left=0.5, right=0.5, top=0.5),
                type='RandomLumbarBBoxExpansion'),
            dict(input_size=(
                256,
                512,
            ), type='TopdownAffine'),
            dict(
                encoder=dict(
                    input_size=(
                        256,
                        512,
                    ),
                    normalize=False,
                    sigma=(
                        6.0,
                        9.0,
                    ),
                    simcc_split_ratio=2.0,
                    type='SimCCLabel',
                    use_dark=False),
                type='GenerateTarget'),
            dict(type='PackPoseInputs'),
        ],
        type='CocoDataset'),
    num_workers=8,
    persistent_workers=True,
    sampler=dict(shuffle=True, type='DefaultSampler'))
train_pipeline = [
    dict(backend_args=dict(backend='local'), type='LoadImage'),
    dict(padding=1.15, type='GetBBoxCenterScale'),
    dict(
        apply_prob=0.8,
        clip_to_image=True,
        expansion_ranges=dict(
            bottom=(
                0.0,
                0.5,
            ),
            left=(
                0.0,
                0.5,
            ),
            right=(
                0.0,
                0.5,
            ),
            top=(
                0.0,
                0.5,
            )),
        rotation_range=(
            -15.0,
            15.0,
        ),
        side_probs=dict(bottom=0.5, left=0.5, right=0.5, top=0.5),
        type='RandomLumbarBBoxExpansion'),
    dict(input_size=(
        256,
        512,
    ), type='TopdownAffine'),
    dict(
        encoder=dict(
            input_size=(
                256,
                512,
            ),
            normalize=False,
            sigma=(
                6.0,
                9.0,
            ),
            simcc_split_ratio=2.0,
            type='SimCCLabel',
            use_dark=False),
        type='GenerateTarget'),
    dict(type='PackPoseInputs'),
]
val_cfg = dict()
val_dataloader = dict(
    batch_size=16,
    dataset=dict(
        ann_file='annotations/lumbar_keypoints_val.json',
        data_mode='topdown',
        data_prefix=dict(img='images/'),
        data_root='data/LumbarCoco2000/',
        metainfo=dict(from_file='configs/_base_/datasets/lumbar_coco.py'),
        pipeline=[
            dict(backend_args=dict(backend='local'), type='LoadImage'),
            dict(padding=1.15, type='GetBBoxCenterScale'),
            dict(input_size=(
                256,
                512,
            ), type='TopdownAffine'),
            dict(type='PackPoseInputs'),
        ],
        test_mode=True,
        type='CocoDataset'),
    drop_last=False,
    num_workers=4,
    persistent_workers=True,
    sampler=dict(round_up=False, shuffle=False, type='DefaultSampler'))
val_evaluator = [
    dict(
        mode='segment',
        prefix='LocalPCK/segment@0.1',
        threshold=0.1,
        type='LocalPCK'),
]
val_pipeline = [
    dict(backend_args=dict(backend='local'), type='LoadImage'),
    dict(padding=1.15, type='GetBBoxCenterScale'),
    dict(input_size=(
        256,
        512,
    ), type='TopdownAffine'),
    dict(type='PackPoseInputs'),
]
vis_backends = [
    dict(_scope_='mmpose', type='LocalVisBackend'),
]
visualizer = dict(
    _scope_='mmpose',
    name='visualizer',
    type='PoseLocalVisualizer',
    vis_backends=[
        dict(type='LocalVisBackend'),
        dict(type='TensorboardVisBackend'),
    ])
work_dir = 'work_dirs/rtmpose-m-lumbar-coco2000-randombbox-localpck'

2026/10/04 18:27:31 - mmengine - INFO - Distributed training is not used, all SyncBatchNorm (SyncBN) layers in the model will be automatically reverted to BatchNormXd layers if they are used.
2026/10/04 18:27:31 - mmengine - INFO - Hooks will be executed in the following order:
before_run:
(VERY_HIGH   ) RuntimeInfoHook                    
(49          ) EMAHook                            
(BELOW_NORMAL) LoggerHook                         
 -------------------- 
after_load_checkpoint:
(49          ) EMAHook                            
 -------------------- 
before_train:
(VERY_HIGH   ) RuntimeInfoHook                    
(49          ) EMAHook                            
(NORMAL      ) IterTimerHook                      
(NORMAL      ) AugmentationComparisonHook         
(VERY_LOW    ) CheckpointHook                     
 -------------------- 
before_train_epoch:
(VERY_HIGH   ) RuntimeInfoHook                    
(NORMAL      ) IterTimerHook                      
(NORMAL      ) DistSamplerSeedHook                
 -------------------- 
before_train_iter:
(VERY_HIGH   ) RuntimeInfoHook                    
(NORMAL      ) IterTimerHook                      
 -------------------- 
after_train_iter:
(VERY_HIGH   ) RuntimeInfoHook                    
(49          ) EMAHook                            
(NORMAL      ) IterTimerHook                      
(NORMAL      ) AugmentationComparisonHook         
(BELOW_NORMAL) LoggerHook                         
(LOW         ) ParamSchedulerHook                 
(VERY_LOW    ) CheckpointHook                     
 -------------------- 
after_train_epoch:
(NORMAL      ) IterTimerHook                      
(LOW         ) ParamSchedulerHook                 
(VERY_LOW    ) CheckpointHook                     
 -------------------- 
before_val:
(VERY_HIGH   ) RuntimeInfoHook                    
 -------------------- 
before_val_epoch:
(49          ) EMAHook                            
(NORMAL      ) IterTimerHook                      
 -------------------- 
before_val_iter:
(NORMAL      ) IterTimerHook                      
 -------------------- 
after_val_iter:
(NORMAL      ) IterTimerHook                      
(NORMAL      ) PoseVisualizationHook              
(BELOW_NORMAL) LoggerHook                         
 -------------------- 
after_val_epoch:
(VERY_HIGH   ) RuntimeInfoHook                    
(49          ) EMAHook                            
(NORMAL      ) IterTimerHook                      
(BELOW_NORMAL) LoggerHook                         
(LOW         ) ParamSchedulerHook                 
(VERY_LOW    ) CheckpointHook                     
 -------------------- 
after_val:
(VERY_HIGH   ) RuntimeInfoHook                    
 -------------------- 
before_save_checkpoint:
(49          ) EMAHook                            
 -------------------- 
after_train:
(VERY_HIGH   ) RuntimeInfoHook                    
(VERY_LOW    ) CheckpointHook                     
 -------------------- 
before_test:
(VERY_HIGH   ) RuntimeInfoHook                    
 -------------------- 
before_test_epoch:
(49          ) EMAHook                            
(NORMAL      ) IterTimerHook                      
 -------------------- 
before_test_iter:
(NORMAL      ) IterTimerHook                      
 -------------------- 
after_test_iter:
(NORMAL      ) IterTimerHook                      
(NORMAL      ) PoseVisualizationHook              
(NORMAL      ) BadCaseAnalysisHook                
(BELOW_NORMAL) LoggerHook                         
 -------------------- 
after_test_epoch:
(VERY_HIGH   ) RuntimeInfoHook                    
(49          ) EMAHook                            
(NORMAL      ) IterTimerHook                      
(NORMAL      ) BadCaseAnalysisHook                
(BELOW_NORMAL) LoggerHook                         
 -------------------- 
after_test:
(VERY_HIGH   ) RuntimeInfoHook                    
 -------------------- 
after_run:
(BELOW_NORMAL) LoggerHook                         
 -------------------- 
2026/10/04 18:27:31 - mmengine - INFO - paramwise_options -- backbone.stem.0.bn.weight:weight_decay=0.0
2026/10/04 18:27:31 - mmengine - INFO - paramwise_options -- backbone.stem.0.bn.bias:weight_decay=0.0
2026/10/04 18:27:31 - mmengine - INFO - paramwise_options -- backbone.stem.1.bn.weight:weight_decay=0.0
2026/10/04 18:27:31 - mmengine - INFO - paramwise_options -- backbone.stem.1.bn.bias:weight_decay=0.0
2026/10/04 18:27:31 - mmengine - INFO - paramwise_options -- backbone.stem.2.bn.weight:weight_decay=0.0
2026/10/04 18:27:31 - mmengine - INFO - paramwise_options -- backbone.stem.2.bn.bias:weight_decay=0.0
2026/10/04 18:27:31 - mmengine - INFO - paramwise_options -- backbone.stage1.0.bn.weight:weight_decay=0.0
2026/10/04 18:27:31 - mmengine - INFO - paramwise_options -- backbone.stage1.0.bn.bias:weight_decay=0.0
2026/10/04 18:27:31 - mmengine - INFO - paramwise_options -- backbone.stage1.1.main_conv.bn.weight:weight_decay=0.0
2026/10/04 18:27:31 - mmengine - INFO - paramwise_options -- backbone.stage1.1.main_conv.bn.bias:weight_decay=0.0
2026/10/04 18:27:31 - mmengine - INFO - paramwise_options -- backbone.stage1.1.short_conv.bn.weight:weight_decay=0.0
2026/10/04 18:27:31 - mmengine - INFO - paramwise_options -- backbone.stage1.1.short_conv.bn.bias:weight_decay=0.0
2026/10/04 18:27:31 - mmengine - INFO - paramwise_options -- backbone.stage1.1.final_conv.bn.weight:weight_decay=0.0
2026/10/04 18:27:31 - mmengine - INFO - paramwise_options -- backbone.stage1.1.final_conv.bn.bias:weight_decay=0.0
2026/10/04 18:27:31 - mmengine - INFO - paramwise_options -- backbone.stage1.1.blocks.0.conv1.bn.weight:weight_decay=0.0
2026/10/04 18:27:31 - mmengine - INFO - paramwise_options -- backbone.stage1.1.blocks.0.conv1.bn.bias:weight_decay=0.0
2026/10/04 18:27:31 - mmengine - INFO - paramwise_options -- backbone.stage1.1.blocks.0.conv2.depthwise_conv.bn.weight:weight_decay=0.0
2026/10/04 18:27:31 - mmengine - INFO - paramwise_options -- backbone.stage1.1.blocks.0.conv2.depthwise_conv.bn.bias:weight_decay=0.0
2026/10/04 18:27:31 - mmengine - INFO - paramwise_options -- backbone.stage1.1.blocks.0.conv2.pointwise_conv.bn.weight:weight_decay=0.0
2026/10/04 18:27:31 - mmengine - INFO - paramwise_options -- backbone.stage1.1.blocks.0.conv2.pointwise_conv.bn.bias:weight_decay=0.0
2026/10/04 18:27:31 - mmengine - INFO - paramwise_options -- backbone.stage1.1.blocks.1.conv1.bn.weight:weight_decay=0.0
2026/10/04 18:27:31 - mmengine - INFO - paramwise_options -- backbone.stage1.1.blocks.1.conv1.bn.bias:weight_decay=0.0
2026/10/04 18:27:31 - mmengine - INFO - paramwise_options -- backbone.stage1.1.blocks.1.conv2.depthwise_conv.bn.weight:weight_decay=0.0
2026/10/04 18:27:31 - mmengine - INFO - paramwise_options -- backbone.stage1.1.blocks.1.conv2.depthwise_conv.bn.bias:weight_decay=0.0
2026/10/04 18:27:31 - mmengine - INFO - paramwise_options -- backbone.stage1.1.blocks.1.conv2.pointwise_conv.bn.weight:weight_decay=0.0
2026/10/04 18:27:31 - mmengine - INFO - paramwise_options -- backbone.stage1.1.blocks.1.conv2.pointwise_conv.bn.bias:weight_decay=0.0
2026/10/04 18:27:31 - mmengine - INFO - paramwise_options -- backbone.stage1.1.attention.fc.bias:weight_decay=0.0
2026/10/04 18:27:31 - mmengine - INFO - paramwise_options -- backbone.stage2.0.bn.weight:weight_decay=0.0
2026/10/04 18:27:31 - mmengine - INFO - paramwise_options -- backbone.stage2.0.bn.bias:weight_decay=0.0
2026/10/04 18:27:31 - mmengine - INFO - paramwise_options -- backbone.stage2.1.main_conv.bn.weight:weight_decay=0.0
2026/10/04 18:27:31 - mmengine - INFO - paramwise_options -- backbone.stage2.1.main_conv.bn.bias:weight_decay=0.0
2026/10/04 18:27:31 - mmengine - INFO - paramwise_options -- backbone.stage2.1.short_conv.bn.weight:weight_decay=0.0
2026/10/04 18:27:31 - mmengine - INFO - paramwise_options -- backbone.stage2.1.short_conv.bn.bias:weight_decay=0.0
2026/10/04 18:27:31 - mmengine - INFO - paramwise_options -- backbone.stage2.1.final_conv.bn.weight:weight_decay=0.0
2026/10/04 18:27:31 - mmengine - INFO - paramwise_options -- backbone.stage2.1.final_conv.bn.bias:weight_decay=0.0
2026/10/04 18:27:31 - mmengine - INFO - paramwise_options -- backbone.stage2.1.blocks.0.conv1.bn.weight:weight_decay=0.0
2026/10/04 18:27:31 - mmengine - INFO - paramwise_options -- backbone.stage2.1.blocks.0.conv1.bn.bias:weight_decay=0.0
2026/10/04 18:27:31 - mmengine - INFO - paramwise_options -- backbone.stage2.1.blocks.0.conv2.depthwise_conv.bn.weight:weight_decay=0.0
2026/10/04 18:27:31 - mmengine - INFO - paramwise_options -- backbone.stage2.1.blocks.0.conv2.depthwise_conv.bn.bias:weight_decay=0.0
2026/10/04 18:27:31 - mmengine - INFO - paramwise_options -- backbone.stage2.1.blocks.0.conv2.pointwise_conv.bn.weight:weight_decay=0.0
2026/10/04 18:27:31 - mmengine - INFO - paramwise_options -- backbone.stage2.1.blocks.0.conv2.pointwise_conv.bn.bias:weight_decay=0.0
2026/10/04 18:27:31 - mmengine - INFO - paramwise_options -- backbone.stage2.1.blocks.1.conv1.bn.weight:weight_decay=0.0
2026/10/04 18:27:31 - mmengine - INFO - paramwise_options -- backbone.stage2.1.blocks.1.conv1.bn.bias:weight_decay=0.0
2026/10/04 18:27:31 - mmengine - INFO - paramwise_options -- backbone.stage2.1.blocks.1.conv2.depthwise_conv.bn.weight:weight_decay=0.0
2026/10/04 18:27:31 - mmengine - INFO - paramwise_options -- backbone.stage2.1.blocks.1.conv2.depthwise_conv.bn.bias:weight_decay=0.0
2026/10/04 18:27:31 - mmengine - INFO - paramwise_options -- backbone.stage2.1.blocks.1.conv2.pointwise_conv.bn.weight:weight_decay=0.0
2026/10/04 18:27:31 - mmengine - INFO - paramwise_options -- backbone.stage2.1.blocks.1.conv2.pointwise_conv.bn.bias:weight_decay=0.0
2026/10/04 18:27:31 - mmengine - INFO - paramwise_options -- backbone.stage2.1.blocks.2.conv1.bn.weight:weight_decay=0.0
2026/10/04 18:27:31 - mmengine - INFO - paramwise_options -- backbone.stage2.1.blocks.2.conv1.bn.bias:weight_decay=0.0
2026/10/04 18:27:31 - mmengine - INFO - paramwise_options -- backbone.stage2.1.blocks.2.conv2.depthwise_conv.bn.weight:weight_decay=0.0
2026/10/04 18:27:31 - mmengine - INFO - paramwise_options -- backbone.stage2.1.blocks.2.conv2.depthwise_conv.bn.bias:weight_decay=0.0
2026/10/04 18:27:31 - mmengine - INFO - paramwise_options -- backbone.stage2.1.blocks.2.conv2.pointwise_conv.bn.weight:weight_decay=0.0
2026/10/04 18:27:31 - mmengine - INFO - paramwise_options -- backbone.stage2.1.blocks.2.conv2.pointwise_conv.bn.bias:weight_decay=0.0
2026/10/04 18:27:31 - mmengine - INFO - paramwise_options -- backbone.stage2.1.blocks.3.conv1.bn.weight:weight_decay=0.0
2026/10/04 18:27:31 - mmengine - INFO - paramwise_options -- backbone.stage2.1.blocks.3.conv1.bn.bias:weight_decay=0.0
2026/10/04 18:27:31 - mmengine - INFO - paramwise_options -- backbone.stage2.1.blocks.3.conv2.depthwise_conv.bn.weight:weight_decay=0.0
2026/10/04 18:27:31 - mmengine - INFO - paramwise_options -- backbone.stage2.1.blocks.3.conv2.depthwise_conv.bn.bias:weight_decay=0.0
2026/10/04 18:27:31 - mmengine - INFO - paramwise_options -- backbone.stage2.1.blocks.3.conv2.pointwise_conv.bn.weight:weight_decay=0.0
2026/10/04 18:27:31 - mmengine - INFO - paramwise_options -- backbone.stage2.1.blocks.3.conv2.pointwise_conv.bn.bias:weight_decay=0.0
2026/10/04 18:27:31 - mmengine - INFO - paramwise_options -- backbone.stage2.1.attention.fc.bias:weight_decay=0.0
2026/10/04 18:27:31 - mmengine - INFO - paramwise_options -- backbone.stage3.0.bn.weight:weight_decay=0.0
2026/10/04 18:27:31 - mmengine - INFO - paramwise_options -- backbone.stage3.0.bn.bias:weight_decay=0.0
2026/10/04 18:27:31 - mmengine - INFO - paramwise_options -- backbone.stage3.1.main_conv.bn.weight:weight_decay=0.0
2026/10/04 18:27:31 - mmengine - INFO - paramwise_options -- backbone.stage3.1.main_conv.bn.bias:weight_decay=0.0
2026/10/04 18:27:31 - mmengine - INFO - paramwise_options -- backbone.stage3.1.short_conv.bn.weight:weight_decay=0.0
2026/10/04 18:27:31 - mmengine - INFO - paramwise_options -- backbone.stage3.1.short_conv.bn.bias:weight_decay=0.0
2026/10/04 18:27:31 - mmengine - INFO - paramwise_options -- backbone.stage3.1.final_conv.bn.weight:weight_decay=0.0
2026/10/04 18:27:31 - mmengine - INFO - paramwise_options -- backbone.stage3.1.final_conv.bn.bias:weight_decay=0.0
2026/10/04 18:27:31 - mmengine - INFO - paramwise_options -- backbone.stage3.1.blocks.0.conv1.bn.weight:weight_decay=0.0
2026/10/04 18:27:31 - mmengine - INFO - paramwise_options -- backbone.stage3.1.blocks.0.conv1.bn.bias:weight_decay=0.0
2026/10/04 18:27:31 - mmengine - INFO - paramwise_options -- backbone.stage3.1.blocks.0.conv2.depthwise_conv.bn.weight:weight_decay=0.0
2026/10/04 18:27:31 - mmengine - INFO - paramwise_options -- backbone.stage3.1.blocks.0.conv2.depthwise_conv.bn.bias:weight_decay=0.0
2026/10/04 18:27:31 - mmengine - INFO - paramwise_options -- backbone.stage3.1.blocks.0.conv2.pointwise_conv.bn.weight:weight_decay=0.0
2026/10/04 18:27:31 - mmengine - INFO - paramwise_options -- backbone.stage3.1.blocks.0.conv2.pointwise_conv.bn.bias:weight_decay=0.0
2026/10/04 18:27:31 - mmengine - INFO - paramwise_options -- backbone.stage3.1.blocks.1.conv1.bn.weight:weight_decay=0.0
2026/10/04 18:27:31 - mmengine - INFO - paramwise_options -- backbone.stage3.1.blocks.1.conv1.bn.bias:weight_decay=0.0
2026/10/04 18:27:31 - mmengine - INFO - paramwise_options -- backbone.stage3.1.blocks.1.conv2.depthwise_conv.bn.weight:weight_decay=0.0
2026/10/04 18:27:31 - mmengine - INFO - paramwise_options -- backbone.stage3.1.blocks.1.conv2.depthwise_conv.bn.bias:weight_decay=0.0
2026/10/04 18:27:31 - mmengine - INFO - paramwise_options -- backbone.stage3.1.blocks.1.conv2.pointwise_conv.bn.weight:weight_decay=0.0
2026/10/04 18:27:31 - mmengine - INFO - paramwise_options -- backbone.stage3.1.blocks.1.conv2.pointwise_conv.bn.bias:weight_decay=0.0
2026/10/04 18:27:31 - mmengine - INFO - paramwise_options -- backbone.stage3.1.blocks.2.conv1.bn.weight:weight_decay=0.0
2026/10/04 18:27:31 - mmengine - INFO - paramwise_options -- backbone.stage3.1.blocks.2.conv1.bn.bias:weight_decay=0.0
2026/10/04 18:27:31 - mmengine - INFO - paramwise_options -- backbone.stage3.1.blocks.2.conv2.depthwise_conv.bn.weight:weight_decay=0.0
2026/10/04 18:27:31 - mmengine - INFO - paramwise_options -- backbone.stage3.1.blocks.2.conv2.depthwise_conv.bn.bias:weight_decay=0.0
2026/10/04 18:27:31 - mmengine - INFO - paramwise_options -- backbone.stage3.1.blocks.2.conv2.pointwise_conv.bn.weight:weight_decay=0.0
2026/10/04 18:27:31 - mmengine - INFO - paramwise_options -- backbone.stage3.1.blocks.2.conv2.pointwise_conv.bn.bias:weight_decay=0.0
2026/10/04 18:27:31 - mmengine - INFO - paramwise_options -- backbone.stage3.1.blocks.3.conv1.bn.weight:weight_decay=0.0
2026/10/04 18:27:31 - mmengine - INFO - paramwise_options -- backbone.stage3.1.blocks.3.conv1.bn.bias:weight_decay=0.0
2026/10/04 18:27:31 - mmengine - INFO - paramwise_options -- backbone.stage3.1.blocks.3.conv2.depthwise_conv.bn.weight:weight_decay=0.0
2026/10/04 18:27:31 - mmengine - INFO - paramwise_options -- backbone.stage3.1.blocks.3.conv2.depthwise_conv.bn.bias:weight_decay=0.0
2026/10/04 18:27:31 - mmengine - INFO - paramwise_options -- backbone.stage3.1.blocks.3.conv2.pointwise_conv.bn.weight:weight_decay=0.0
2026/10/04 18:27:31 - mmengine - INFO - paramwise_options -- backbone.stage3.1.blocks.3.conv2.pointwise_conv.bn.bias:weight_decay=0.0
2026/10/04 18:27:31 - mmengine - INFO - paramwise_options -- backbone.stage3.1.attention.fc.bias:weight_decay=0.0
2026/10/04 18:27:31 - mmengine - INFO - paramwise_options -- backbone.stage4.0.bn.weight:weight_decay=0.0
2026/10/04 18:27:31 - mmengine - INFO - paramwise_options -- backbone.stage4.0.bn.bias:weight_decay=0.0
2026/10/04 18:27:31 - mmengine - INFO - paramwise_options -- backbone.stage4.1.conv1.bn.weight:weight_decay=0.0
2026/10/04 18:27:31 - mmengine - INFO - paramwise_options -- backbone.stage4.1.conv1.bn.bias:weight_decay=0.0
2026/10/04 18:27:31 - mmengine - INFO - paramwise_options -- backbone.stage4.1.conv2.bn.weight:weight_decay=0.0
2026/10/04 18:27:31 - mmengine - INFO - paramwise_options -- backbone.stage4.1.conv2.bn.bias:weight_decay=0.0
2026/10/04 18:27:31 - mmengine - INFO - paramwise_options -- backbone.stage4.2.main_conv.bn.weight:weight_decay=0.0
2026/10/04 18:27:31 - mmengine - INFO - paramwise_options -- backbone.stage4.2.main_conv.bn.bias:weight_decay=0.0
2026/10/04 18:27:31 - mmengine - INFO - paramwise_options -- backbone.stage4.2.short_conv.bn.weight:weight_decay=0.0
2026/10/04 18:27:31 - mmengine - INFO - paramwise_options -- backbone.stage4.2.short_conv.bn.bias:weight_decay=0.0
2026/10/04 18:27:31 - mmengine - INFO - paramwise_options -- backbone.stage4.2.final_conv.bn.weight:weight_decay=0.0
2026/10/04 18:27:31 - mmengine - INFO - paramwise_options -- backbone.stage4.2.final_conv.bn.bias:weight_decay=0.0
2026/10/04 18:27:31 - mmengine - INFO - paramwise_options -- backbone.stage4.2.blocks.0.conv1.bn.weight:weight_decay=0.0
2026/10/04 18:27:31 - mmengine - INFO - paramwise_options -- backbone.stage4.2.blocks.0.conv1.bn.bias:weight_decay=0.0
2026/10/04 18:27:31 - mmengine - INFO - paramwise_options -- backbone.stage4.2.blocks.0.conv2.depthwise_conv.bn.weight:weight_decay=0.0
2026/10/04 18:27:31 - mmengine - INFO - paramwise_options -- backbone.stage4.2.blocks.0.conv2.depthwise_conv.bn.bias:weight_decay=0.0
2026/10/04 18:27:31 - mmengine - INFO - paramwise_options -- backbone.stage4.2.blocks.0.conv2.pointwise_conv.bn.weight:weight_decay=0.0
2026/10/04 18:27:31 - mmengine - INFO - paramwise_options -- backbone.stage4.2.blocks.0.conv2.pointwise_conv.bn.bias:weight_decay=0.0
2026/10/04 18:27:31 - mmengine - INFO - paramwise_options -- backbone.stage4.2.blocks.1.conv1.bn.weight:weight_decay=0.0
2026/10/04 18:27:31 - mmengine - INFO - paramwise_options -- backbone.stage4.2.blocks.1.conv1.bn.bias:weight_decay=0.0
2026/10/04 18:27:31 - mmengine - INFO - paramwise_options -- backbone.stage4.2.blocks.1.conv2.depthwise_conv.bn.weight:weight_decay=0.0
2026/10/04 18:27:31 - mmengine - INFO - paramwise_options -- backbone.stage4.2.blocks.1.conv2.depthwise_conv.bn.bias:weight_decay=0.0
2026/10/04 18:27:31 - mmengine - INFO - paramwise_options -- backbone.stage4.2.blocks.1.conv2.pointwise_conv.bn.weight:weight_decay=0.0
2026/10/04 18:27:31 - mmengine - INFO - paramwise_options -- backbone.stage4.2.blocks.1.conv2.pointwise_conv.bn.bias:weight_decay=0.0
2026/10/04 18:27:31 - mmengine - INFO - paramwise_options -- backbone.stage4.2.attention.fc.bias:weight_decay=0.0
2026/10/04 18:27:31 - mmengine - INFO - paramwise_options -- head.final_layer.bias:weight_decay=0.0
2026/10/04 18:27:32 - mmengine - INFO - load backbone. in model from: https://download.openmmlab.com/mmpose/v1/projects/rtmposev1/cspnext-m_udp-aic-coco_210e-256x192-f2f7d6f6_20230130.pth
Name of parameter - Initialization information

backbone.stem.0.conv.weight - torch.Size([24, 3, 3, 3]): 
PretrainedInit: load from https://download.openmmlab.com/mmpose/v1/projects/rtmposev1/cspnext-m_udp-aic-coco_210e-256x192-f2f7d6f6_20230130.pth 

backbone.stem.0.bn.weight - torch.Size([24]): 
PretrainedInit: load from https://download.openmmlab.com/mmpose/v1/projects/rtmposev1/cspnext-m_udp-aic-coco_210e-256x192-f2f7d6f6_20230130.pth 

backbone.stem.0.bn.bias - torch.Size([24]): 
PretrainedInit: load from https://download.openmmlab.com/mmpose/v1/projects/rtmposev1/cspnext-m_udp-aic-coco_210e-256x192-f2f7d6f6_20230130.pth 

backbone.stem.1.conv.weight - torch.Size([24, 24, 3, 3]): 
PretrainedInit: load from https://download.openmmlab.com/mmpose/v1/projects/rtmposev1/cspnext-m_udp-aic-coco_210e-256x192-f2f7d6f6_20230130.pth 

backbone.stem.1.bn.weight - torch.Size([24]): 
PretrainedInit: load from https://download.openmmlab.com/mmpose/v1/projects/rtmposev1/cspnext-m_udp-aic-coco_210e-256x192-f2f7d6f6_20230130.pth 

backbone.stem.1.bn.bias - torch.Size([24]): 
PretrainedInit: load from https://download.openmmlab.com/mmpose/v1/projects/rtmposev1/cspnext-m_udp-aic-coco_210e-256x192-f2f7d6f6_20230130.pth 

backbone.stem.2.conv.weight - torch.Size([48, 24, 3, 3]): 
PretrainedInit: load from https://download.openmmlab.com/mmpose/v1/projects/rtmposev1/cspnext-m_udp-aic-coco_210e-256x192-f2f7d6f6_20230130.pth 

backbone.stem.2.bn.weight - torch.Size([48]): 
PretrainedInit: load from https://download.openmmlab.com/mmpose/v1/projects/rtmposev1/cspnext-m_udp-aic-coco_210e-256x192-f2f7d6f6_20230130.pth 

backbone.stem.2.bn.bias - torch.Size([48]): 
PretrainedInit: load from https://download.openmmlab.com/mmpose/v1/projects/rtmposev1/cspnext-m_udp-aic-coco_210e-256x192-f2f7d6f6_20230130.pth 

backbone.stage1.0.conv.weight - torch.Size([96, 48, 3, 3]): 
PretrainedInit: load from https://download.openmmlab.com/mmpose/v1/projects/rtmposev1/cspnext-m_udp-aic-coco_210e-256x192-f2f7d6f6_20230130.pth 

backbone.stage1.0.bn.weight - torch.Size([96]): 
PretrainedInit: load from https://download.openmmlab.com/mmpose/v1/projects/rtmposev1/cspnext-m_udp-aic-coco_210e-256x192-f2f7d6f6_20230130.pth 

backbone.stage1.0.bn.bias - torch.Size([96]): 
PretrainedInit: load from https://download.openmmlab.com/mmpose/v1/projects/rtmposev1/cspnext-m_udp-aic-coco_210e-256x192-f2f7d6f6_20230130.pth 

backbone.stage1.1.main_conv.conv.weight - torch.Size([48, 96, 1, 1]): 
PretrainedInit: load from https://download.openmmlab.com/mmpose/v1/projects/rtmposev1/cspnext-m_udp-aic-coco_210e-256x192-f2f7d6f6_20230130.pth 

backbone.stage1.1.main_conv.bn.weight - torch.Size([48]): 
PretrainedInit: load from https://download.openmmlab.com/mmpose/v1/projects/rtmposev1/cspnext-m_udp-aic-coco_210e-256x192-f2f7d6f6_20230130.pth 

backbone.stage1.1.main_conv.bn.bias - torch.Size([48]): 
PretrainedInit: load from https://download.openmmlab.com/mmpose/v1/projects/rtmposev1/cspnext-m_udp-aic-coco_210e-256x192-f2f7d6f6_20230130.pth 

backbone.stage1.1.short_conv.conv.weight - torch.Size([48, 96, 1, 1]): 
PretrainedInit: load from https://download.openmmlab.com/mmpose/v1/projects/rtmposev1/cspnext-m_udp-aic-coco_210e-256x192-f2f7d6f6_20230130.pth 

backbone.stage1.1.short_conv.bn.weight - torch.Size([48]): 
PretrainedInit: load from https://download.openmmlab.com/mmpose/v1/projects/rtmposev1/cspnext-m_udp-aic-coco_210e-256x192-f2f7d6f6_20230130.pth 

backbone.stage1.1.short_conv.bn.bias - torch.Size([48]): 
PretrainedInit: load from https://download.openmmlab.com/mmpose/v1/projects/rtmposev1/cspnext-m_udp-aic-coco_210e-256x192-f2f7d6f6_20230130.pth 

backbone.stage1.1.final_conv.conv.weight - torch.Size([96, 96, 1, 1]): 
PretrainedInit: load from https://download.openmmlab.com/mmpose/v1/projects/rtmposev1/cspnext-m_udp-aic-coco_210e-256x192-f2f7d6f6_20230130.pth 

backbone.stage1.1.final_conv.bn.weight - torch.Size([96]): 
PretrainedInit: load from https://download.openmmlab.com/mmpose/v1/projects/rtmposev1/cspnext-m_udp-aic-coco_210e-256x192-f2f7d6f6_20230130.pth 

backbone.stage1.1.final_conv.bn.bias - torch.Size([96]): 
PretrainedInit: load from https://download.openmmlab.com/mmpose/v1/projects/rtmposev1/cspnext-m_udp-aic-coco_210e-256x192-f2f7d6f6_20230130.pth 

backbone.stage1.1.blocks.0.conv1.conv.weight - torch.Size([48, 48, 3, 3]): 
PretrainedInit: load from https://download.openmmlab.com/mmpose/v1/projects/rtmposev1/cspnext-m_udp-aic-coco_210e-256x192-f2f7d6f6_20230130.pth 

backbone.stage1.1.blocks.0.conv1.bn.weight - torch.Size([48]): 
PretrainedInit: load from https://download.openmmlab.com/mmpose/v1/projects/rtmposev1/cspnext-m_udp-aic-coco_210e-256x192-f2f7d6f6_20230130.pth 

backbone.stage1.1.blocks.0.conv1.bn.bias - torch.Size([48]): 
PretrainedInit: load from https://download.openmmlab.com/mmpose/v1/projects/rtmposev1/cspnext-m_udp-aic-coco_210e-256x192-f2f7d6f6_20230130.pth 

backbone.stage1.1.blocks.0.conv2.depthwise_conv.conv.weight - torch.Size([48, 1, 5, 5]): 
PretrainedInit: load from https://download.openmmlab.com/mmpose/v1/projects/rtmposev1/cspnext-m_udp-aic-coco_210e-256x192-f2f7d6f6_20230130.pth 

backbone.stage1.1.blocks.0.conv2.depthwise_conv.bn.weight - torch.Size([48]): 
PretrainedInit: load from https://download.openmmlab.com/mmpose/v1/projects/rtmposev1/cspnext-m_udp-aic-coco_210e-256x192-f2f7d6f6_20230130.pth 

backbone.stage1.1.blocks.0.conv2.depthwise_conv.bn.bias - torch.Size([48]): 
PretrainedInit: load from https://download.openmmlab.com/mmpose/v1/projects/rtmposev1/cspnext-m_udp-aic-coco_210e-256x192-f2f7d6f6_20230130.pth 

backbone.stage1.1.blocks.0.conv2.pointwise_conv.conv.weight - torch.Size([48, 48, 1, 1]): 
PretrainedInit: load from https://download.openmmlab.com/mmpose/v1/projects/rtmposev1/cspnext-m_udp-aic-coco_210e-256x192-f2f7d6f6_20230130.pth 

backbone.stage1.1.blocks.0.conv2.pointwise_conv.bn.weight - torch.Size([48]): 
PretrainedInit: load from https://download.openmmlab.com/mmpose/v1/projects/rtmposev1/cspnext-m_udp-aic-coco_210e-256x192-f2f7d6f6_20230130.pth 

backbone.stage1.1.blocks.0.conv2.pointwise_conv.bn.bias - torch.Size([48]): 
PretrainedInit: load from https://download.openmmlab.com/mmpose/v1/projects/rtmposev1/cspnext-m_udp-aic-coco_210e-256x192-f2f7d6f6_20230130.pth 

backbone.stage1.1.blocks.1.conv1.conv.weight - torch.Size([48, 48, 3, 3]): 
PretrainedInit: load from https://download.openmmlab.com/mmpose/v1/projects/rtmposev1/cspnext-m_udp-aic-coco_210e-256x192-f2f7d6f6_20230130.pth 

backbone.stage1.1.blocks.1.conv1.bn.weight - torch.Size([48]): 
PretrainedInit: load from https://download.openmmlab.com/mmpose/v1/projects/rtmposev1/cspnext-m_udp-aic-coco_210e-256x192-f2f7d6f6_20230130.pth 

backbone.stage1.1.blocks.1.conv1.bn.bias - torch.Size([48]): 
PretrainedInit: load from https://download.openmmlab.com/mmpose/v1/projects/rtmposev1/cspnext-m_udp-aic-coco_210e-256x192-f2f7d6f6_20230130.pth 

backbone.stage1.1.blocks.1.conv2.depthwise_conv.conv.weight - torch.Size([48, 1, 5, 5]): 
PretrainedInit: load from https://download.openmmlab.com/mmpose/v1/projects/rtmposev1/cspnext-m_udp-aic-coco_210e-256x192-f2f7d6f6_20230130.pth 

backbone.stage1.1.blocks.1.conv2.depthwise_conv.bn.weight - torch.Size([48]): 
PretrainedInit: load from https://download.openmmlab.com/mmpose/v1/projects/rtmposev1/cspnext-m_udp-aic-coco_210e-256x192-f2f7d6f6_20230130.pth 

backbone.stage1.1.blocks.1.conv2.depthwise_conv.bn.bias - torch.Size([48]): 
PretrainedInit: load from https://download.openmmlab.com/mmpose/v1/projects/rtmposev1/cspnext-m_udp-aic-coco_210e-256x192-f2f7d6f6_20230130.pth 

backbone.stage1.1.blocks.1.conv2.pointwise_conv.conv.weight - torch.Size([48, 48, 1, 1]): 
PretrainedInit: load from https://download.openmmlab.com/mmpose/v1/projects/rtmposev1/cspnext-m_udp-aic-coco_210e-256x192-f2f7d6f6_20230130.pth 

backbone.stage1.1.blocks.1.conv2.pointwise_conv.bn.weight - torch.Size([48]): 
PretrainedInit: load from https://download.openmmlab.com/mmpose/v1/projects/rtmposev1/cspnext-m_udp-aic-coco_210e-256x192-f2f7d6f6_20230130.pth 

backbone.stage1.1.blocks.1.conv2.pointwise_conv.bn.bias - torch.Size([48]): 
PretrainedInit: load from https://download.openmmlab.com/mmpose/v1/projects/rtmposev1/cspnext-m_udp-aic-coco_210e-256x192-f2f7d6f6_20230130.pth 

backbone.stage1.1.attention.fc.weight - torch.Size([96, 96, 1, 1]): 
PretrainedInit: load from https://download.openmmlab.com/mmpose/v1/projects/rtmposev1/cspnext-m_udp-aic-coco_210e-256x192-f2f7d6f6_20230130.pth 

backbone.stage1.1.attention.fc.bias - torch.Size([96]): 
PretrainedInit: load from https://download.openmmlab.com/mmpose/v1/projects/rtmposev1/cspnext-m_udp-aic-coco_210e-256x192-f2f7d6f6_20230130.pth 

backbone.stage2.0.conv.weight - torch.Size([192, 96, 3, 3]): 
PretrainedInit: load from https://download.openmmlab.com/mmpose/v1/projects/rtmposev1/cspnext-m_udp-aic-coco_210e-256x192-f2f7d6f6_20230130.pth 

backbone.stage2.0.bn.weight - torch.Size([192]): 
PretrainedInit: load from https://download.openmmlab.com/mmpose/v1/projects/rtmposev1/cspnext-m_udp-aic-coco_210e-256x192-f2f7d6f6_20230130.pth 

backbone.stage2.0.bn.bias - torch.Size([192]): 
PretrainedInit: load from https://download.openmmlab.com/mmpose/v1/projects/rtmposev1/cspnext-m_udp-aic-coco_210e-256x192-f2f7d6f6_20230130.pth 

backbone.stage2.1.main_conv.conv.weight - torch.Size([96, 192, 1, 1]): 
PretrainedInit: load from https://download.openmmlab.com/mmpose/v1/projects/rtmposev1/cspnext-m_udp-aic-coco_210e-256x192-f2f7d6f6_20230130.pth 

backbone.stage2.1.main_conv.bn.weight - torch.Size([96]): 
PretrainedInit: load from https://download.openmmlab.com/mmpose/v1/projects/rtmposev1/cspnext-m_udp-aic-coco_210e-256x192-f2f7d6f6_20230130.pth 

backbone.stage2.1.main_conv.bn.bias - torch.Size([96]): 
PretrainedInit: load from https://download.openmmlab.com/mmpose/v1/projects/rtmposev1/cspnext-m_udp-aic-coco_210e-256x192-f2f7d6f6_20230130.pth 

backbone.stage2.1.short_conv.conv.weight - torch.Size([96, 192, 1, 1]): 
PretrainedInit: load from https://download.openmmlab.com/mmpose/v1/projects/rtmposev1/cspnext-m_udp-aic-coco_210e-256x192-f2f7d6f6_20230130.pth 

backbone.stage2.1.short_conv.bn.weight - torch.Size([96]): 
PretrainedInit: load from https://download.openmmlab.com/mmpose/v1/projects/rtmposev1/cspnext-m_udp-aic-coco_210e-256x192-f2f7d6f6_20230130.pth 

backbone.stage2.1.short_conv.bn.bias - torch.Size([96]): 
PretrainedInit: load from https://download.openmmlab.com/mmpose/v1/projects/rtmposev1/cspnext-m_udp-aic-coco_210e-256x192-f2f7d6f6_20230130.pth 

backbone.stage2.1.final_conv.conv.weight - torch.Size([192, 192, 1, 1]): 
PretrainedInit: load from https://download.openmmlab.com/mmpose/v1/projects/rtmposev1/cspnext-m_udp-aic-coco_210e-256x192-f2f7d6f6_20230130.pth 

backbone.stage2.1.final_conv.bn.weight - torch.Size([192]): 
PretrainedInit: load from https://download.openmmlab.com/mmpose/v1/projects/rtmposev1/cspnext-m_udp-aic-coco_210e-256x192-f2f7d6f6_20230130.pth 

backbone.stage2.1.final_conv.bn.bias - torch.Size([192]): 
PretrainedInit: load from https://download.openmmlab.com/mmpose/v1/projects/rtmposev1/cspnext-m_udp-aic-coco_210e-256x192-f2f7d6f6_20230130.pth 

backbone.stage2.1.blocks.0.conv1.conv.weight - torch.Size([96, 96, 3, 3]): 
PretrainedInit: load from https://download.openmmlab.com/mmpose/v1/projects/rtmposev1/cspnext-m_udp-aic-coco_210e-256x192-f2f7d6f6_20230130.pth 

backbone.stage2.1.blocks.0.conv1.bn.weight - torch.Size([96]): 
PretrainedInit: load from https://download.openmmlab.com/mmpose/v1/projects/rtmposev1/cspnext-m_udp-aic-coco_210e-256x192-f2f7d6f6_20230130.pth 

backbone.stage2.1.blocks.0.conv1.bn.bias - torch.Size([96]): 
PretrainedInit: load from https://download.openmmlab.com/mmpose/v1/projects/rtmposev1/cspnext-m_udp-aic-coco_210e-256x192-f2f7d6f6_20230130.pth 

backbone.stage2.1.blocks.0.conv2.depthwise_conv.conv.weight - torch.Size([96, 1, 5, 5]): 
PretrainedInit: load from https://download.openmmlab.com/mmpose/v1/projects/rtmposev1/cspnext-m_udp-aic-coco_210e-256x192-f2f7d6f6_20230130.pth 

backbone.stage2.1.blocks.0.conv2.depthwise_conv.bn.weight - torch.Size([96]): 
PretrainedInit: load from https://download.openmmlab.com/mmpose/v1/projects/rtmposev1/cspnext-m_udp-aic-coco_210e-256x192-f2f7d6f6_20230130.pth 

backbone.stage2.1.blocks.0.conv2.depthwise_conv.bn.bias - torch.Size([96]): 
PretrainedInit: load from https://download.openmmlab.com/mmpose/v1/projects/rtmposev1/cspnext-m_udp-aic-coco_210e-256x192-f2f7d6f6_20230130.pth 

backbone.stage2.1.blocks.0.conv2.pointwise_conv.conv.weight - torch.Size([96, 96, 1, 1]): 
PretrainedInit: load from https://download.openmmlab.com/mmpose/v1/projects/rtmposev1/cspnext-m_udp-aic-coco_210e-256x192-f2f7d6f6_20230130.pth 

backbone.stage2.1.blocks.0.conv2.pointwise_conv.bn.weight - torch.Size([96]): 
PretrainedInit: load from https://download.openmmlab.com/mmpose/v1/projects/rtmposev1/cspnext-m_udp-aic-coco_210e-256x192-f2f7d6f6_20230130.pth 

backbone.stage2.1.blocks.0.conv2.pointwise_conv.bn.bias - torch.Size([96]): 
PretrainedInit: load from https://download.openmmlab.com/mmpose/v1/projects/rtmposev1/cspnext-m_udp-aic-coco_210e-256x192-f2f7d6f6_20230130.pth 

backbone.stage2.1.blocks.1.conv1.conv.weight - torch.Size([96, 96, 3, 3]): 
PretrainedInit: load from https://download.openmmlab.com/mmpose/v1/projects/rtmposev1/cspnext-m_udp-aic-coco_210e-256x192-f2f7d6f6_20230130.pth 

backbone.stage2.1.blocks.1.conv1.bn.weight - torch.Size([96]): 
PretrainedInit: load from https://download.openmmlab.com/mmpose/v1/projects/rtmposev1/cspnext-m_udp-aic-coco_210e-256x192-f2f7d6f6_20230130.pth 

backbone.stage2.1.blocks.1.conv1.bn.bias - torch.Size([96]): 
PretrainedInit: load from https://download.openmmlab.com/mmpose/v1/projects/rtmposev1/cspnext-m_udp-aic-coco_210e-256x192-f2f7d6f6_20230130.pth 

backbone.stage2.1.blocks.1.conv2.depthwise_conv.conv.weight - torch.Size([96, 1, 5, 5]): 
PretrainedInit: load from https://download.openmmlab.com/mmpose/v1/projects/rtmposev1/cspnext-m_udp-aic-coco_210e-256x192-f2f7d6f6_20230130.pth 

backbone.stage2.1.blocks.1.conv2.depthwise_conv.bn.weight - torch.Size([96]): 
PretrainedInit: load from https://download.openmmlab.com/mmpose/v1/projects/rtmposev1/cspnext-m_udp-aic-coco_210e-256x192-f2f7d6f6_20230130.pth 

backbone.stage2.1.blocks.1.conv2.depthwise_conv.bn.bias - torch.Size([96]): 
PretrainedInit: load from https://download.openmmlab.com/mmpose/v1/projects/rtmposev1/cspnext-m_udp-aic-coco_210e-256x192-f2f7d6f6_20230130.pth 

backbone.stage2.1.blocks.1.conv2.pointwise_conv.conv.weight - torch.Size([96, 96, 1, 1]): 
PretrainedInit: load from https://download.openmmlab.com/mmpose/v1/projects/rtmposev1/cspnext-m_udp-aic-coco_210e-256x192-f2f7d6f6_20230130.pth 

backbone.stage2.1.blocks.1.conv2.pointwise_conv.bn.weight - torch.Size([96]): 
PretrainedInit: load from https://download.openmmlab.com/mmpose/v1/projects/rtmposev1/cspnext-m_udp-aic-coco_210e-256x192-f2f7d6f6_20230130.pth 

backbone.stage2.1.blocks.1.conv2.pointwise_conv.bn.bias - torch.Size([96]): 
PretrainedInit: load from https://download.openmmlab.com/mmpose/v1/projects/rtmposev1/cspnext-m_udp-aic-coco_210e-256x192-f2f7d6f6_20230130.pth 

backbone.stage2.1.blocks.2.conv1.conv.weight - torch.Size([96, 96, 3, 3]): 
PretrainedInit: load from https://download.openmmlab.com/mmpose/v1/projects/rtmposev1/cspnext-m_udp-aic-coco_210e-256x192-f2f7d6f6_20230130.pth 

backbone.stage2.1.blocks.2.conv1.bn.weight - torch.Size([96]): 
PretrainedInit: load from https://download.openmmlab.com/mmpose/v1/projects/rtmposev1/cspnext-m_udp-aic-coco_210e-256x192-f2f7d6f6_20230130.pth 

backbone.stage2.1.blocks.2.conv1.bn.bias - torch.Size([96]): 
PretrainedInit: load from https://download.openmmlab.com/mmpose/v1/projects/rtmposev1/cspnext-m_udp-aic-coco_210e-256x192-f2f7d6f6_20230130.pth 

backbone.stage2.1.blocks.2.conv2.depthwise_conv.conv.weight - torch.Size([96, 1, 5, 5]): 
PretrainedInit: load from https://download.openmmlab.com/mmpose/v1/projects/rtmposev1/cspnext-m_udp-aic-coco_210e-256x192-f2f7d6f6_20230130.pth 

backbone.stage2.1.blocks.2.conv2.depthwise_conv.bn.weight - torch.Size([96]): 
PretrainedInit: load from https://download.openmmlab.com/mmpose/v1/projects/rtmposev1/cspnext-m_udp-aic-coco_210e-256x192-f2f7d6f6_20230130.pth 

backbone.stage2.1.blocks.2.conv2.depthwise_conv.bn.bias - torch.Size([96]): 
PretrainedInit: load from https://download.openmmlab.com/mmpose/v1/projects/rtmposev1/cspnext-m_udp-aic-coco_210e-256x192-f2f7d6f6_20230130.pth 

backbone.stage2.1.blocks.2.conv2.pointwise_conv.conv.weight - torch.Size([96, 96, 1, 1]): 
PretrainedInit: load from https://download.openmmlab.com/mmpose/v1/projects/rtmposev1/cspnext-m_udp-aic-coco_210e-256x192-f2f7d6f6_20230130.pth 

backbone.stage2.1.blocks.2.conv2.pointwise_conv.bn.weight - torch.Size([96]): 
PretrainedInit: load from https://download.openmmlab.com/mmpose/v1/projects/rtmposev1/cspnext-m_udp-aic-coco_210e-256x192-f2f7d6f6_20230130.pth 

backbone.stage2.1.blocks.2.conv2.pointwise_conv.bn.bias - torch.Size([96]): 
PretrainedInit: load from https://download.openmmlab.com/mmpose/v1/projects/rtmposev1/cspnext-m_udp-aic-coco_210e-256x192-f2f7d6f6_20230130.pth 

backbone.stage2.1.blocks.3.conv1.conv.weight - torch.Size([96, 96, 3, 3]): 
PretrainedInit: load from https://download.openmmlab.com/mmpose/v1/projects/rtmposev1/cspnext-m_udp-aic-coco_210e-256x192-f2f7d6f6_20230130.pth 

backbone.stage2.1.blocks.3.conv1.bn.weight - torch.Size([96]): 
PretrainedInit: load from https://download.openmmlab.com/mmpose/v1/projects/rtmposev1/cspnext-m_udp-aic-coco_210e-256x192-f2f7d6f6_20230130.pth 

backbone.stage2.1.blocks.3.conv1.bn.bias - torch.Size([96]): 
PretrainedInit: load from https://download.openmmlab.com/mmpose/v1/projects/rtmposev1/cspnext-m_udp-aic-coco_210e-256x192-f2f7d6f6_20230130.pth 

backbone.stage2.1.blocks.3.conv2.depthwise_conv.conv.weight - torch.Size([96, 1, 5, 5]): 
PretrainedInit: load from https://download.openmmlab.com/mmpose/v1/projects/rtmposev1/cspnext-m_udp-aic-coco_210e-256x192-f2f7d6f6_20230130.pth 

backbone.stage2.1.blocks.3.conv2.depthwise_conv.bn.weight - torch.Size([96]): 
PretrainedInit: load from https://download.openmmlab.com/mmpose/v1/projects/rtmposev1/cspnext-m_udp-aic-coco_210e-256x192-f2f7d6f6_20230130.pth 

backbone.stage2.1.blocks.3.conv2.depthwise_conv.bn.bias - torch.Size([96]): 
PretrainedInit: load from https://download.openmmlab.com/mmpose/v1/projects/rtmposev1/cspnext-m_udp-aic-coco_210e-256x192-f2f7d6f6_20230130.pth 

backbone.stage2.1.blocks.3.conv2.pointwise_conv.conv.weight - torch.Size([96, 96, 1, 1]): 
PretrainedInit: load from https://download.openmmlab.com/mmpose/v1/projects/rtmposev1/cspnext-m_udp-aic-coco_210e-256x192-f2f7d6f6_20230130.pth 

backbone.stage2.1.blocks.3.conv2.pointwise_conv.bn.weight - torch.Size([96]): 
PretrainedInit: load from https://download.openmmlab.com/mmpose/v1/projects/rtmposev1/cspnext-m_udp-aic-coco_210e-256x192-f2f7d6f6_20230130.pth 

backbone.stage2.1.blocks.3.conv2.pointwise_conv.bn.bias - torch.Size([96]): 
PretrainedInit: load from https://download.openmmlab.com/mmpose/v1/projects/rtmposev1/cspnext-m_udp-aic-coco_210e-256x192-f2f7d6f6_20230130.pth 

backbone.stage2.1.attention.fc.weight - torch.Size([192, 192, 1, 1]): 
PretrainedInit: load from https://download.openmmlab.com/mmpose/v1/projects/rtmposev1/cspnext-m_udp-aic-coco_210e-256x192-f2f7d6f6_20230130.pth 

backbone.stage2.1.attention.fc.bias - torch.Size([192]): 
PretrainedInit: load from https://download.openmmlab.com/mmpose/v1/projects/rtmposev1/cspnext-m_udp-aic-coco_210e-256x192-f2f7d6f6_20230130.pth 

backbone.stage3.0.conv.weight - torch.Size([384, 192, 3, 3]): 
PretrainedInit: load from https://download.openmmlab.com/mmpose/v1/projects/rtmposev1/cspnext-m_udp-aic-coco_210e-256x192-f2f7d6f6_20230130.pth 

backbone.stage3.0.bn.weight - torch.Size([384]): 
PretrainedInit: load from https://download.openmmlab.com/mmpose/v1/projects/rtmposev1/cspnext-m_udp-aic-coco_210e-256x192-f2f7d6f6_20230130.pth 

backbone.stage3.0.bn.bias - torch.Size([384]): 
PretrainedInit: load from https://download.openmmlab.com/mmpose/v1/projects/rtmposev1/cspnext-m_udp-aic-coco_210e-256x192-f2f7d6f6_20230130.pth 

backbone.stage3.1.main_conv.conv.weight - torch.Size([192, 384, 1, 1]): 
PretrainedInit: load from https://download.openmmlab.com/mmpose/v1/projects/rtmposev1/cspnext-m_udp-aic-coco_210e-256x192-f2f7d6f6_20230130.pth 

backbone.stage3.1.main_conv.bn.weight - torch.Size([192]): 
PretrainedInit: load from https://download.openmmlab.com/mmpose/v1/projects/rtmposev1/cspnext-m_udp-aic-coco_210e-256x192-f2f7d6f6_20230130.pth 

backbone.stage3.1.main_conv.bn.bias - torch.Size([192]): 
PretrainedInit: load from https://download.openmmlab.com/mmpose/v1/projects/rtmposev1/cspnext-m_udp-aic-coco_210e-256x192-f2f7d6f6_20230130.pth 

backbone.stage3.1.short_conv.conv.weight - torch.Size([192, 384, 1, 1]): 
PretrainedInit: load from https://download.openmmlab.com/mmpose/v1/projects/rtmposev1/cspnext-m_udp-aic-coco_210e-256x192-f2f7d6f6_20230130.pth 

backbone.stage3.1.short_conv.bn.weight - torch.Size([192]): 
PretrainedInit: load from https://download.openmmlab.com/mmpose/v1/projects/rtmposev1/cspnext-m_udp-aic-coco_210e-256x192-f2f7d6f6_20230130.pth 

backbone.stage3.1.short_conv.bn.bias - torch.Size([192]): 
PretrainedInit: load from https://download.openmmlab.com/mmpose/v1/projects/rtmposev1/cspnext-m_udp-aic-coco_210e-256x192-f2f7d6f6_20230130.pth 

backbone.stage3.1.final_conv.conv.weight - torch.Size([384, 384, 1, 1]): 
PretrainedInit: load from https://download.openmmlab.com/mmpose/v1/projects/rtmposev1/cspnext-m_udp-aic-coco_210e-256x192-f2f7d6f6_20230130.pth 

backbone.stage3.1.final_conv.bn.weight - torch.Size([384]): 
PretrainedInit: load from https://download.openmmlab.com/mmpose/v1/projects/rtmposev1/cspnext-m_udp-aic-coco_210e-256x192-f2f7d6f6_20230130.pth 

backbone.stage3.1.final_conv.bn.bias - torch.Size([384]): 
PretrainedInit: load from https://download.openmmlab.com/mmpose/v1/projects/rtmposev1/cspnext-m_udp-aic-coco_210e-256x192-f2f7d6f6_20230130.pth 

backbone.stage3.1.blocks.0.conv1.conv.weight - torch.Size([192, 192, 3, 3]): 
PretrainedInit: load from https://download.openmmlab.com/mmpose/v1/projects/rtmposev1/cspnext-m_udp-aic-coco_210e-256x192-f2f7d6f6_20230130.pth 

backbone.stage3.1.blocks.0.conv1.bn.weight - torch.Size([192]): 
PretrainedInit: load from https://download.openmmlab.com/mmpose/v1/projects/rtmposev1/cspnext-m_udp-aic-coco_210e-256x192-f2f7d6f6_20230130.pth 

backbone.stage3.1.blocks.0.conv1.bn.bias - torch.Size([192]): 
PretrainedInit: load from https://download.openmmlab.com/mmpose/v1/projects/rtmposev1/cspnext-m_udp-aic-coco_210e-256x192-f2f7d6f6_20230130.pth 

backbone.stage3.1.blocks.0.conv2.depthwise_conv.conv.weight - torch.Size([192, 1, 5, 5]): 
PretrainedInit: load from https://download.openmmlab.com/mmpose/v1/projects/rtmposev1/cspnext-m_udp-aic-coco_210e-256x192-f2f7d6f6_20230130.pth 

backbone.stage3.1.blocks.0.conv2.depthwise_conv.bn.weight - torch.Size([192]): 
PretrainedInit: load from https://download.openmmlab.com/mmpose/v1/projects/rtmposev1/cspnext-m_udp-aic-coco_210e-256x192-f2f7d6f6_20230130.pth 

backbone.stage3.1.blocks.0.conv2.depthwise_conv.bn.bias - torch.Size([192]): 
PretrainedInit: load from https://download.openmmlab.com/mmpose/v1/projects/rtmposev1/cspnext-m_udp-aic-coco_210e-256x192-f2f7d6f6_20230130.pth 

backbone.stage3.1.blocks.0.conv2.pointwise_conv.conv.weight - torch.Size([192, 192, 1, 1]): 
PretrainedInit: load from https://download.openmmlab.com/mmpose/v1/projects/rtmposev1/cspnext-m_udp-aic-coco_210e-256x192-f2f7d6f6_20230130.pth 

backbone.stage3.1.blocks.0.conv2.pointwise_conv.bn.weight - torch.Size([192]): 
PretrainedInit: load from https://download.openmmlab.com/mmpose/v1/projects/rtmposev1/cspnext-m_udp-aic-coco_210e-256x192-f2f7d6f6_20230130.pth 

backbone.stage3.1.blocks.0.conv2.pointwise_conv.bn.bias - torch.Size([192]): 
PretrainedInit: load from https://download.openmmlab.com/mmpose/v1/projects/rtmposev1/cspnext-m_udp-aic-coco_210e-256x192-f2f7d6f6_20230130.pth 

backbone.stage3.1.blocks.1.conv1.conv.weight - torch.Size([192, 192, 3, 3]): 
PretrainedInit: load from https://download.openmmlab.com/mmpose/v1/projects/rtmposev1/cspnext-m_udp-aic-coco_210e-256x192-f2f7d6f6_20230130.pth 

backbone.stage3.1.blocks.1.conv1.bn.weight - torch.Size([192]): 
PretrainedInit: load from https://download.openmmlab.com/mmpose/v1/projects/rtmposev1/cspnext-m_udp-aic-coco_210e-256x192-f2f7d6f6_20230130.pth 

backbone.stage3.1.blocks.1.conv1.bn.bias - torch.Size([192]): 
PretrainedInit: load from https://download.openmmlab.com/mmpose/v1/projects/rtmposev1/cspnext-m_udp-aic-coco_210e-256x192-f2f7d6f6_20230130.pth 

backbone.stage3.1.blocks.1.conv2.depthwise_conv.conv.weight - torch.Size([192, 1, 5, 5]): 
PretrainedInit: load from https://download.openmmlab.com/mmpose/v1/projects/rtmposev1/cspnext-m_udp-aic-coco_210e-256x192-f2f7d6f6_20230130.pth 

backbone.stage3.1.blocks.1.conv2.depthwise_conv.bn.weight - torch.Size([192]): 
PretrainedInit: load from https://download.openmmlab.com/mmpose/v1/projects/rtmposev1/cspnext-m_udp-aic-coco_210e-256x192-f2f7d6f6_20230130.pth 

backbone.stage3.1.blocks.1.conv2.depthwise_conv.bn.bias - torch.Size([192]): 
PretrainedInit: load from https://download.openmmlab.com/mmpose/v1/projects/rtmposev1/cspnext-m_udp-aic-coco_210e-256x192-f2f7d6f6_20230130.pth 

backbone.stage3.1.blocks.1.conv2.pointwise_conv.conv.weight - torch.Size([192, 192, 1, 1]): 
PretrainedInit: load from https://download.openmmlab.com/mmpose/v1/projects/rtmposev1/cspnext-m_udp-aic-coco_210e-256x192-f2f7d6f6_20230130.pth 

backbone.stage3.1.blocks.1.conv2.pointwise_conv.bn.weight - torch.Size([192]): 
PretrainedInit: load from https://download.openmmlab.com/mmpose/v1/projects/rtmposev1/cspnext-m_udp-aic-coco_210e-256x192-f2f7d6f6_20230130.pth 

backbone.stage3.1.blocks.1.conv2.pointwise_conv.bn.bias - torch.Size([192]): 
PretrainedInit: load from https://download.openmmlab.com/mmpose/v1/projects/rtmposev1/cspnext-m_udp-aic-coco_210e-256x192-f2f7d6f6_20230130.pth 

backbone.stage3.1.blocks.2.conv1.conv.weight - torch.Size([192, 192, 3, 3]): 
PretrainedInit: load from https://download.openmmlab.com/mmpose/v1/projects/rtmposev1/cspnext-m_udp-aic-coco_210e-256x192-f2f7d6f6_20230130.pth 

backbone.stage3.1.blocks.2.conv1.bn.weight - torch.Size([192]): 
PretrainedInit: load from https://download.openmmlab.com/mmpose/v1/projects/rtmposev1/cspnext-m_udp-aic-coco_210e-256x192-f2f7d6f6_20230130.pth 

backbone.stage3.1.blocks.2.conv1.bn.bias - torch.Size([192]): 
PretrainedInit: load from https://download.openmmlab.com/mmpose/v1/projects/rtmposev1/cspnext-m_udp-aic-coco_210e-256x192-f2f7d6f6_20230130.pth 

backbone.stage3.1.blocks.2.conv2.depthwise_conv.conv.weight - torch.Size([192, 1, 5, 5]): 
PretrainedInit: load from https://download.openmmlab.com/mmpose/v1/projects/rtmposev1/cspnext-m_udp-aic-coco_210e-256x192-f2f7d6f6_20230130.pth 

backbone.stage3.1.blocks.2.conv2.depthwise_conv.bn.weight - torch.Size([192]): 
PretrainedInit: load from https://download.openmmlab.com/mmpose/v1/projects/rtmposev1/cspnext-m_udp-aic-coco_210e-256x192-f2f7d6f6_20230130.pth 

backbone.stage3.1.blocks.2.conv2.depthwise_conv.bn.bias - torch.Size([192]): 
PretrainedInit: load from https://download.openmmlab.com/mmpose/v1/projects/rtmposev1/cspnext-m_udp-aic-coco_210e-256x192-f2f7d6f6_20230130.pth 

backbone.stage3.1.blocks.2.conv2.pointwise_conv.conv.weight - torch.Size([192, 192, 1, 1]): 
PretrainedInit: load from https://download.openmmlab.com/mmpose/v1/projects/rtmposev1/cspnext-m_udp-aic-coco_210e-256x192-f2f7d6f6_20230130.pth 

backbone.stage3.1.blocks.2.conv2.pointwise_conv.bn.weight - torch.Size([192]): 
PretrainedInit: load from https://download.openmmlab.com/mmpose/v1/projects/rtmposev1/cspnext-m_udp-aic-coco_210e-256x192-f2f7d6f6_20230130.pth 

backbone.stage3.1.blocks.2.conv2.pointwise_conv.bn.bias - torch.Size([192]): 
PretrainedInit: load from https://download.openmmlab.com/mmpose/v1/projects/rtmposev1/cspnext-m_udp-aic-coco_210e-256x192-f2f7d6f6_20230130.pth 

backbone.stage3.1.blocks.3.conv1.conv.weight - torch.Size([192, 192, 3, 3]): 
PretrainedInit: load from https://download.openmmlab.com/mmpose/v1/projects/rtmposev1/cspnext-m_udp-aic-coco_210e-256x192-f2f7d6f6_20230130.pth 

backbone.stage3.1.blocks.3.conv1.bn.weight - torch.Size([192]): 
PretrainedInit: load from https://download.openmmlab.com/mmpose/v1/projects/rtmposev1/cspnext-m_udp-aic-coco_210e-256x192-f2f7d6f6_20230130.pth 

backbone.stage3.1.blocks.3.conv1.bn.bias - torch.Size([192]): 
PretrainedInit: load from https://download.openmmlab.com/mmpose/v1/projects/rtmposev1/cspnext-m_udp-aic-coco_210e-256x192-f2f7d6f6_20230130.pth 

backbone.stage3.1.blocks.3.conv2.depthwise_conv.conv.weight - torch.Size([192, 1, 5, 5]): 
PretrainedInit: load from https://download.openmmlab.com/mmpose/v1/projects/rtmposev1/cspnext-m_udp-aic-coco_210e-256x192-f2f7d6f6_20230130.pth 

backbone.stage3.1.blocks.3.conv2.depthwise_conv.bn.weight - torch.Size([192]): 
PretrainedInit: load from https://download.openmmlab.com/mmpose/v1/projects/rtmposev1/cspnext-m_udp-aic-coco_210e-256x192-f2f7d6f6_20230130.pth 

backbone.stage3.1.blocks.3.conv2.depthwise_conv.bn.bias - torch.Size([192]): 
PretrainedInit: load from https://download.openmmlab.com/mmpose/v1/projects/rtmposev1/cspnext-m_udp-aic-coco_210e-256x192-f2f7d6f6_20230130.pth 

backbone.stage3.1.blocks.3.conv2.pointwise_conv.conv.weight - torch.Size([192, 192, 1, 1]): 
PretrainedInit: load from https://download.openmmlab.com/mmpose/v1/projects/rtmposev1/cspnext-m_udp-aic-coco_210e-256x192-f2f7d6f6_20230130.pth 

backbone.stage3.1.blocks.3.conv2.pointwise_conv.bn.weight - torch.Size([192]): 
PretrainedInit: load from https://download.openmmlab.com/mmpose/v1/projects/rtmposev1/cspnext-m_udp-aic-coco_210e-256x192-f2f7d6f6_20230130.pth 

backbone.stage3.1.blocks.3.conv2.pointwise_conv.bn.bias - torch.Size([192]): 
PretrainedInit: load from https://download.openmmlab.com/mmpose/v1/projects/rtmposev1/cspnext-m_udp-aic-coco_210e-256x192-f2f7d6f6_20230130.pth 

backbone.stage3.1.attention.fc.weight - torch.Size([384, 384, 1, 1]): 
PretrainedInit: load from https://download.openmmlab.com/mmpose/v1/projects/rtmposev1/cspnext-m_udp-aic-coco_210e-256x192-f2f7d6f6_20230130.pth 

backbone.stage3.1.attention.fc.bias - torch.Size([384]): 
PretrainedInit: load from https://download.openmmlab.com/mmpose/v1/projects/rtmposev1/cspnext-m_udp-aic-coco_210e-256x192-f2f7d6f6_20230130.pth 

backbone.stage4.0.conv.weight - torch.Size([768, 384, 3, 3]): 
PretrainedInit: load from https://download.openmmlab.com/mmpose/v1/projects/rtmposev1/cspnext-m_udp-aic-coco_210e-256x192-f2f7d6f6_20230130.pth 

backbone.stage4.0.bn.weight - torch.Size([768]): 
PretrainedInit: load from https://download.openmmlab.com/mmpose/v1/projects/rtmposev1/cspnext-m_udp-aic-coco_210e-256x192-f2f7d6f6_20230130.pth 

backbone.stage4.0.bn.bias - torch.Size([768]): 
PretrainedInit: load from https://download.openmmlab.com/mmpose/v1/projects/rtmposev1/cspnext-m_udp-aic-coco_210e-256x192-f2f7d6f6_20230130.pth 

backbone.stage4.1.conv1.conv.weight - torch.Size([384, 768, 1, 1]): 
PretrainedInit: load from https://download.openmmlab.com/mmpose/v1/projects/rtmposev1/cspnext-m_udp-aic-coco_210e-256x192-f2f7d6f6_20230130.pth 

backbone.stage4.1.conv1.bn.weight - torch.Size([384]): 
PretrainedInit: load from https://download.openmmlab.com/mmpose/v1/projects/rtmposev1/cspnext-m_udp-aic-coco_210e-256x192-f2f7d6f6_20230130.pth 

backbone.stage4.1.conv1.bn.bias - torch.Size([384]): 
PretrainedInit: load from https://download.openmmlab.com/mmpose/v1/projects/rtmposev1/cspnext-m_udp-aic-coco_210e-256x192-f2f7d6f6_20230130.pth 

backbone.stage4.1.conv2.conv.weight - torch.Size([768, 1536, 1, 1]): 
PretrainedInit: load from https://download.openmmlab.com/mmpose/v1/projects/rtmposev1/cspnext-m_udp-aic-coco_210e-256x192-f2f7d6f6_20230130.pth 

backbone.stage4.1.conv2.bn.weight - torch.Size([768]): 
PretrainedInit: load from https://download.openmmlab.com/mmpose/v1/projects/rtmposev1/cspnext-m_udp-aic-coco_210e-256x192-f2f7d6f6_20230130.pth 

backbone.stage4.1.conv2.bn.bias - torch.Size([768]): 
PretrainedInit: load from https://download.openmmlab.com/mmpose/v1/projects/rtmposev1/cspnext-m_udp-aic-coco_210e-256x192-f2f7d6f6_20230130.pth 

backbone.stage4.2.main_conv.conv.weight - torch.Size([384, 768, 1, 1]): 
PretrainedInit: load from https://download.openmmlab.com/mmpose/v1/projects/rtmposev1/cspnext-m_udp-aic-coco_210e-256x192-f2f7d6f6_20230130.pth 

backbone.stage4.2.main_conv.bn.weight - torch.Size([384]): 
PretrainedInit: load from https://download.openmmlab.com/mmpose/v1/projects/rtmposev1/cspnext-m_udp-aic-coco_210e-256x192-f2f7d6f6_20230130.pth 

backbone.stage4.2.main_conv.bn.bias - torch.Size([384]): 
PretrainedInit: load from https://download.openmmlab.com/mmpose/v1/projects/rtmposev1/cspnext-m_udp-aic-coco_210e-256x192-f2f7d6f6_20230130.pth 

backbone.stage4.2.short_conv.conv.weight - torch.Size([384, 768, 1, 1]): 
PretrainedInit: load from https://download.openmmlab.com/mmpose/v1/projects/rtmposev1/cspnext-m_udp-aic-coco_210e-256x192-f2f7d6f6_20230130.pth 

backbone.stage4.2.short_conv.bn.weight - torch.Size([384]): 
PretrainedInit: load from https://download.openmmlab.com/mmpose/v1/projects/rtmposev1/cspnext-m_udp-aic-coco_210e-256x192-f2f7d6f6_20230130.pth 

backbone.stage4.2.short_conv.bn.bias - torch.Size([384]): 
PretrainedInit: load from https://download.openmmlab.com/mmpose/v1/projects/rtmposev1/cspnext-m_udp-aic-coco_210e-256x192-f2f7d6f6_20230130.pth 

backbone.stage4.2.final_conv.conv.weight - torch.Size([768, 768, 1, 1]): 
PretrainedInit: load from https://download.openmmlab.com/mmpose/v1/projects/rtmposev1/cspnext-m_udp-aic-coco_210e-256x192-f2f7d6f6_20230130.pth 

backbone.stage4.2.final_conv.bn.weight - torch.Size([768]): 
PretrainedInit: load from https://download.openmmlab.com/mmpose/v1/projects/rtmposev1/cspnext-m_udp-aic-coco_210e-256x192-f2f7d6f6_20230130.pth 

backbone.stage4.2.final_conv.bn.bias - torch.Size([768]): 
PretrainedInit: load from https://download.openmmlab.com/mmpose/v1/projects/rtmposev1/cspnext-m_udp-aic-coco_210e-256x192-f2f7d6f6_20230130.pth 

backbone.stage4.2.blocks.0.conv1.conv.weight - torch.Size([384, 384, 3, 3]): 
PretrainedInit: load from https://download.openmmlab.com/mmpose/v1/projects/rtmposev1/cspnext-m_udp-aic-coco_210e-256x192-f2f7d6f6_20230130.pth 

backbone.stage4.2.blocks.0.conv1.bn.weight - torch.Size([384]): 
PretrainedInit: load from https://download.openmmlab.com/mmpose/v1/projects/rtmposev1/cspnext-m_udp-aic-coco_210e-256x192-f2f7d6f6_20230130.pth 

backbone.stage4.2.blocks.0.conv1.bn.bias - torch.Size([384]): 
PretrainedInit: load from https://download.openmmlab.com/mmpose/v1/projects/rtmposev1/cspnext-m_udp-aic-coco_210e-256x192-f2f7d6f6_20230130.pth 

backbone.stage4.2.blocks.0.conv2.depthwise_conv.conv.weight - torch.Size([384, 1, 5, 5]): 
PretrainedInit: load from https://download.openmmlab.com/mmpose/v1/projects/rtmposev1/cspnext-m_udp-aic-coco_210e-256x192-f2f7d6f6_20230130.pth 

backbone.stage4.2.blocks.0.conv2.depthwise_conv.bn.weight - torch.Size([384]): 
PretrainedInit: load from https://download.openmmlab.com/mmpose/v1/projects/rtmposev1/cspnext-m_udp-aic-coco_210e-256x192-f2f7d6f6_20230130.pth 

backbone.stage4.2.blocks.0.conv2.depthwise_conv.bn.bias - torch.Size([384]): 
PretrainedInit: load from https://download.openmmlab.com/mmpose/v1/projects/rtmposev1/cspnext-m_udp-aic-coco_210e-256x192-f2f7d6f6_20230130.pth 

backbone.stage4.2.blocks.0.conv2.pointwise_conv.conv.weight - torch.Size([384, 384, 1, 1]): 
PretrainedInit: load from https://download.openmmlab.com/mmpose/v1/projects/rtmposev1/cspnext-m_udp-aic-coco_210e-256x192-f2f7d6f6_20230130.pth 

backbone.stage4.2.blocks.0.conv2.pointwise_conv.bn.weight - torch.Size([384]): 
PretrainedInit: load from https://download.openmmlab.com/mmpose/v1/projects/rtmposev1/cspnext-m_udp-aic-coco_210e-256x192-f2f7d6f6_20230130.pth 

backbone.stage4.2.blocks.0.conv2.pointwise_conv.bn.bias - torch.Size([384]): 
PretrainedInit: load from https://download.openmmlab.com/mmpose/v1/projects/rtmposev1/cspnext-m_udp-aic-coco_210e-256x192-f2f7d6f6_20230130.pth 

backbone.stage4.2.blocks.1.conv1.conv.weight - torch.Size([384, 384, 3, 3]): 
PretrainedInit: load from https://download.openmmlab.com/mmpose/v1/projects/rtmposev1/cspnext-m_udp-aic-coco_210e-256x192-f2f7d6f6_20230130.pth 

backbone.stage4.2.blocks.1.conv1.bn.weight - torch.Size([384]): 
PretrainedInit: load from https://download.openmmlab.com/mmpose/v1/projects/rtmposev1/cspnext-m_udp-aic-coco_210e-256x192-f2f7d6f6_20230130.pth 

backbone.stage4.2.blocks.1.conv1.bn.bias - torch.Size([384]): 
PretrainedInit: load from https://download.openmmlab.com/mmpose/v1/projects/rtmposev1/cspnext-m_udp-aic-coco_210e-256x192-f2f7d6f6_20230130.pth 

backbone.stage4.2.blocks.1.conv2.depthwise_conv.conv.weight - torch.Size([384, 1, 5, 5]): 
PretrainedInit: load from https://download.openmmlab.com/mmpose/v1/projects/rtmposev1/cspnext-m_udp-aic-coco_210e-256x192-f2f7d6f6_20230130.pth 

backbone.stage4.2.blocks.1.conv2.depthwise_conv.bn.weight - torch.Size([384]): 
PretrainedInit: load from https://download.openmmlab.com/mmpose/v1/projects/rtmposev1/cspnext-m_udp-aic-coco_210e-256x192-f2f7d6f6_20230130.pth 

backbone.stage4.2.blocks.1.conv2.depthwise_conv.bn.bias - torch.Size([384]): 
PretrainedInit: load from https://download.openmmlab.com/mmpose/v1/projects/rtmposev1/cspnext-m_udp-aic-coco_210e-256x192-f2f7d6f6_20230130.pth 

backbone.stage4.2.blocks.1.conv2.pointwise_conv.conv.weight - torch.Size([384, 384, 1, 1]): 
PretrainedInit: load from https://download.openmmlab.com/mmpose/v1/projects/rtmposev1/cspnext-m_udp-aic-coco_210e-256x192-f2f7d6f6_20230130.pth 

backbone.stage4.2.blocks.1.conv2.pointwise_conv.bn.weight - torch.Size([384]): 
PretrainedInit: load from https://download.openmmlab.com/mmpose/v1/projects/rtmposev1/cspnext-m_udp-aic-coco_210e-256x192-f2f7d6f6_20230130.pth 

backbone.stage4.2.blocks.1.conv2.pointwise_conv.bn.bias - torch.Size([384]): 
PretrainedInit: load from https://download.openmmlab.com/mmpose/v1/projects/rtmposev1/cspnext-m_udp-aic-coco_210e-256x192-f2f7d6f6_20230130.pth 

backbone.stage4.2.attention.fc.weight - torch.Size([768, 768, 1, 1]): 
PretrainedInit: load from https://download.openmmlab.com/mmpose/v1/projects/rtmposev1/cspnext-m_udp-aic-coco_210e-256x192-f2f7d6f6_20230130.pth 

backbone.stage4.2.attention.fc.bias - torch.Size([768]): 
PretrainedInit: load from https://download.openmmlab.com/mmpose/v1/projects/rtmposev1/cspnext-m_udp-aic-coco_210e-256x192-f2f7d6f6_20230130.pth 

head.final_layer.weight - torch.Size([22, 768, 7, 7]): 
NormalInit: mean=0, std=0.001, bias=0 

head.final_layer.bias - torch.Size([22]): 
NormalInit: mean=0, std=0.001, bias=0 

head.mlp.0.g - torch.Size([1]): 
The value is the same before and after calling `init_weights` of TopdownPoseEstimator  

head.mlp.1.weight - torch.Size([256, 128]): 
NormalInit: mean=0, std=0.01, bias=0 

head.gau.gamma - torch.Size([2, 128]): 
The value is the same before and after calling `init_weights` of TopdownPoseEstimator  

head.gau.beta - torch.Size([2, 128]): 
The value is the same before and after calling `init_weights` of TopdownPoseEstimator  

head.gau.o.weight - torch.Size([256, 512]): 
NormalInit: mean=0, std=0.01, bias=0 

head.gau.uv.weight - torch.Size([1152, 256]): 
NormalInit: mean=0, std=0.01, bias=0 

head.gau.ln.g - torch.Size([1]): 
The value is the same before and after calling `init_weights` of TopdownPoseEstimator  

head.gau.res_scale.scale - torch.Size([256]): 
The value is the same before and after calling `init_weights` of TopdownPoseEstimator  

head.cls_x.weight - torch.Size([512, 256]): 
NormalInit: mean=0, std=0.01, bias=0 

head.cls_y.weight - torch.Size([1024, 256]): 
NormalInit: mean=0, std=0.01, bias=0 
2026/10/04 18:27:32 - mmengine - WARNING - "FileClient" will be deprecated in future. Please use io functions in https://mmengine.readthedocs.io/en/latest/api/fileio.html#file-io
2026/10/04 18:27:32 - mmengine - WARNING - "HardDiskBackend" is the alias of "LocalBackend" and the former will be deprecated in future.
2026/10/04 18:27:32 - mmengine - INFO - Checkpoints will be saved to /home/PavYtr/Projects/cv/work_dirs/rtmpose-m-lumbar-coco2000-randombbox-localpck.
2026/10/04 18:27:36 - mmengine - INFO - Saved augmentation comparison: /home/PavYtr/Projects/cv/work_dirs/rtmpose-m-lumbar-coco2000-randombbox-localpck/augmentation_comparisons/iter_0000001_sample_0000.jpg
2026/10/04 18:27:38 - mmengine - INFO - Epoch(train)   [1][10/25]  base_lr: 9.022946e-06 lr: 9.022946e-06  eta: 0:55:50  time: 0.639426  data_time: 0.250495  memory: 5901  grad_norm: 0.393687  loss: 0.777136  loss_kpt: 0.777136  acc_pose: 0.007812
2026/10/04 18:27:41 - mmengine - INFO - Epoch(train)   [1][20/25]  base_lr: 1.904289e-05 lr: 1.904289e-05  eta: 0:38:51  time: 0.445784  data_time: 0.150905  memory: 5901  grad_norm: 0.349272  loss: 0.774903  loss_kpt: 0.774903  acc_pose: 0.016335
2026/10/04 18:27:42 - mmengine - INFO - Exp name: rtmpose-m_lumbar-coco2000_bbox-localpck_20261004_182728
2026/10/04 18:27:46 - mmengine - INFO - Epoch(train)   [2][10/25]  base_lr: 3.407280e-05 lr: 3.407280e-05  eta: 0:35:57  time: 0.413750  data_time: 0.153612  memory: 5901  grad_norm: 0.367193  loss: 0.763320  loss_kpt: 0.763320  acc_pose: 0.058949
2026/10/04 18:27:49 - mmengine - INFO - Epoch(train)   [2][20/25]  base_lr: 4.409274e-05 lr: 4.409274e-05  eta: 0:33:14  time: 0.383189  data_time: 0.138076  memory: 5901  grad_norm: 0.409377  loss: 0.747442  loss_kpt: 0.747442  acc_pose: 0.077415
2026/10/04 18:27:50 - mmengine - INFO - Exp name: rtmpose-m_lumbar-coco2000_bbox-localpck_20261004_182728
2026/10/04 18:27:54 - mmengine - INFO - Epoch(train)   [3][10/25]  base_lr: 5.912265e-05 lr: 5.912265e-05  eta: 0:32:32  time: 0.323654  data_time: 0.119427  memory: 5901  grad_norm: 0.542524  loss: 0.706347  loss_kpt: 0.706347  acc_pose: 0.163352
2026/10/04 18:27:57 - mmengine - INFO - Epoch(train)   [3][20/25]  base_lr: 6.914259e-05 lr: 6.914259e-05  eta: 0:30:34  time: 0.317632  data_time: 0.115245  memory: 5901  grad_norm: 0.699368  loss: 0.666113  loss_kpt: 0.666113  acc_pose: 0.231534
2026/10/04 18:27:58 - mmengine - INFO - Exp name: rtmpose-m_lumbar-coco2000_bbox-localpck_20261004_182728
2026/10/04 18:28:02 - mmengine - INFO - Epoch(train)   [4][10/25]  base_lr: 8.417249e-05 lr: 8.417249e-05  eta: 0:30:38  time: 0.315340  data_time: 0.115750  memory: 5901  grad_norm: 0.975357  loss: 0.594717  loss_kpt: 0.594717  acc_pose: 0.335938
2026/10/04 18:28:05 - mmengine - INFO - Epoch(train)   [4][20/25]  base_lr: 9.419243e-05 lr: 9.419243e-05  eta: 0:29:35  time: 0.309508  data_time: 0.109982  memory: 5901  grad_norm: 1.116301  loss: 0.550891  loss_kpt: 0.550891  acc_pose: 0.318182
2026/10/04 18:28:06 - mmengine - INFO - Exp name: rtmpose-m_lumbar-coco2000_bbox-localpck_20261004_182728
2026/10/04 18:28:10 - mmengine - INFO - Epoch(train)   [5][10/25]  base_lr: 1.092223e-04 lr: 1.092223e-04  eta: 0:29:46  time: 0.313313  data_time: 0.113584  memory: 5901  grad_norm: 1.271105  loss: 0.494680  loss_kpt: 0.494680  acc_pose: 0.474432
2026/10/04 18:28:12 - mmengine - INFO - Epoch(train)   [5][20/25]  base_lr: 1.192423e-04 lr: 1.192423e-04  eta: 0:28:46  time: 0.311811  data_time: 0.112732  memory: 5901  grad_norm: 1.315591  loss: 0.465221  loss_kpt: 0.465221  acc_pose: 0.463068
2026/10/04 18:28:13 - mmengine - INFO - Exp name: rtmpose-m_lumbar-coco2000_bbox-localpck_20261004_182728
2026/10/04 18:28:18 - mmengine - INFO - Epoch(train)   [6][10/25]  base_lr: 1.342722e-04 lr: 1.342722e-04  eta: 0:28:51  time: 0.308905  data_time: 0.110981  memory: 5901  grad_norm: 1.322623  loss: 0.433135  loss_kpt: 0.433135  acc_pose: 0.519176
2026/10/04 18:28:20 - mmengine - INFO - Epoch(train)   [6][20/25]  base_lr: 1.442921e-04 lr: 1.442921e-04  eta: 0:28:18  time: 0.310532  data_time: 0.113534  memory: 5901  grad_norm: 1.319738  loss: 0.416412  loss_kpt: 0.416412  acc_pose: 0.625000
2026/10/04 18:28:21 - mmengine - INFO - Exp name: rtmpose-m_lumbar-coco2000_bbox-localpck_20261004_182728
2026/10/04 18:28:25 - mmengine - INFO - Epoch(train)   [7][10/25]  base_lr: 1.593220e-04 lr: 1.593220e-04  eta: 0:28:22  time: 0.305689  data_time: 0.109333  memory: 5901  grad_norm: 1.286400  loss: 0.394947  loss_kpt: 0.394947  acc_pose: 0.652699
2026/10/04 18:28:28 - mmengine - INFO - Epoch(train)   [7][20/25]  base_lr: 1.693420e-04 lr: 1.693420e-04  eta: 0:27:46  time: 0.307362  data_time: 0.111148  memory: 5901  grad_norm: 1.257155  loss: 0.382301  loss_kpt: 0.382301  acc_pose: 0.709517
2026/10/04 18:28:29 - mmengine - INFO - Exp name: rtmpose-m_lumbar-coco2000_bbox-localpck_20261004_182728
2026/10/04 18:28:33 - mmengine - INFO - Epoch(train)   [8][10/25]  base_lr: 1.843719e-04 lr: 1.843719e-04  eta: 0:27:54  time: 0.309417  data_time: 0.112666  memory: 5901  grad_norm: 1.227516  loss: 0.365935  loss_kpt: 0.365935  acc_pose: 0.769886
2026/10/04 18:28:35 - mmengine - INFO - Epoch(train)   [8][20/25]  base_lr: 1.943918e-04 lr: 1.943918e-04  eta: 0:27:21  time: 0.301484  data_time: 0.104140  memory: 5901  grad_norm: 1.215565  loss: 0.354586  loss_kpt: 0.354586  acc_pose: 0.784091
2026/10/04 18:28:36 - mmengine - INFO - Exp name: rtmpose-m_lumbar-coco2000_bbox-localpck_20261004_182728
2026/10/04 18:28:40 - mmengine - INFO - Epoch(train)   [9][10/25]  base_lr: 2.094217e-04 lr: 2.094217e-04  eta: 0:27:27  time: 0.302399  data_time: 0.104923  memory: 5901  grad_norm: 1.197476  loss: 0.339216  loss_kpt: 0.339216  acc_pose: 0.816051
2026/10/04 18:28:43 - mmengine - INFO - Epoch(train)   [9][20/25]  base_lr: 2.194417e-04 lr: 2.194417e-04  eta: 0:27:06  time: 0.307523  data_time: 0.109819  memory: 5901  grad_norm: 1.182539  loss: 0.329211  loss_kpt: 0.329211  acc_pose: 0.843040
2026/10/04 18:28:44 - mmengine - INFO - Exp name: rtmpose-m_lumbar-coco2000_bbox-localpck_20261004_182728
2026/10/04 18:28:48 - mmengine - INFO - Epoch(train)  [10][10/25]  base_lr: 2.344716e-04 lr: 2.344716e-04  eta: 0:27:08  time: 0.302795  data_time: 0.104710  memory: 5901  grad_norm: 1.154234  loss: 0.312006  loss_kpt: 0.312006  acc_pose: 0.874290
2026/10/04 18:28:51 - mmengine - INFO - Epoch(train)  [10][20/25]  base_lr: 2.444915e-04 lr: 2.444915e-04  eta: 0:26:47  time: 0.306963  data_time: 0.109247  memory: 5901  grad_norm: 1.123186  loss: 0.300602  loss_kpt: 0.300602  acc_pose: 0.955966
2026/10/04 18:28:52 - mmengine - INFO - Exp name: rtmpose-m_lumbar-coco2000_bbox-localpck_20261004_182728
2026/10/04 18:28:52 - mmengine - INFO - Saving checkpoint at 10 epochs
2026/10/04 18:28:53 - mmengine - INFO - Epoch(val)  [10][10/13]    eta: 0:00:00  time: 0.109380  data_time: 0.065818  memory: 5901  
2026/10/04 18:28:53 - mmengine - INFO - Epoch(val) [10][13/13]    LocalPCK/segment@0.1/PCK: 0.774091  data_time: 0.054175  time: 0.093223
2026/10/04 18:28:54 - mmengine - INFO - The best checkpoint with 0.7741 LocalPCK/segment@0.1/PCK at 10 epoch is saved to best_LocalPCK_segment@0.1_PCK_epoch_10.pth.
2026/10/04 18:28:59 - mmengine - INFO - Epoch(train)  [11][10/25]  base_lr: 2.595214e-04 lr: 2.595214e-04  eta: 0:26:50  time: 0.305457  data_time: 0.107029  memory: 5901  grad_norm: 1.067915  loss: 0.285599  loss_kpt: 0.285599  acc_pose: 0.936080
2026/10/04 18:29:01 - mmengine - INFO - Epoch(train)  [11][20/25]  base_lr: 2.695414e-04 lr: 2.695414e-04  eta: 0:26:28  time: 0.300152  data_time: 0.101636  memory: 5901  grad_norm: 1.051695  loss: 0.274659  loss_kpt: 0.274659  acc_pose: 0.949574
2026/10/04 18:29:03 - mmengine - INFO - Exp name: rtmpose-m_lumbar-coco2000_bbox-localpck_20261004_182728
2026/10/04 18:29:05 - mmengine - INFO - Saved augmentation comparison: /home/PavYtr/Projects/cv/work_dirs/rtmpose-m-lumbar-coco2000-randombbox-localpck/augmentation_comparisons/iter_0000277_sample_0276.jpg
2026/10/04 18:29:07 - mmengine - INFO - Epoch(train)  [12][10/25]  base_lr: 2.845713e-04 lr: 2.845713e-04  eta: 0:26:37  time: 0.308217  data_time: 0.110663  memory: 5901  grad_norm: 1.018255  loss: 0.261679  loss_kpt: 0.261679  acc_pose: 0.969460
2026/10/04 18:29:09 - mmengine - INFO - Epoch(train)  [12][20/25]  base_lr: 2.945912e-04 lr: 2.945912e-04  eta: 0:26:18  time: 0.306006  data_time: 0.108130  memory: 5901  grad_norm: 1.015614  loss: 0.255077  loss_kpt: 0.255077  acc_pose: 0.963068
2026/10/04 18:29:10 - mmengine - INFO - Exp name: rtmpose-m_lumbar-coco2000_bbox-localpck_20261004_182728
2026/10/04 18:29:15 - mmengine - INFO - Epoch(train)  [13][10/25]  base_lr: 3.096211e-04 lr: 3.096211e-04  eta: 0:26:20  time: 0.305522  data_time: 0.107785  memory: 5901  grad_norm: 1.001911  loss: 0.245425  loss_kpt: 0.245425  acc_pose: 0.953125
2026/10/04 18:29:17 - mmengine - INFO - Epoch(train)  [13][20/25]  base_lr: 3.196411e-04 lr: 3.196411e-04  eta: 0:26:07  time: 0.311466  data_time: 0.113523  memory: 5901  grad_norm: 0.974563  loss: 0.239469  loss_kpt: 0.239469  acc_pose: 0.982244
2026/10/04 18:29:18 - mmengine - INFO - Exp name: rtmpose-m_lumbar-coco2000_bbox-localpck_20261004_182728
2026/10/04 18:29:23 - mmengine - INFO - Epoch(train)  [14][10/25]  base_lr: 3.346710e-04 lr: 3.346710e-04  eta: 0:26:14  time: 0.312320  data_time: 0.113764  memory: 5901  grad_norm: 0.934106  loss: 0.231693  loss_kpt: 0.231693  acc_pose: 0.977983
2026/10/04 18:29:25 - mmengine - INFO - Epoch(train)  [14][20/25]  base_lr: 3.446909e-04 lr: 3.446909e-04  eta: 0:25:57  time: 0.311104  data_time: 0.112842  memory: 5901  grad_norm: 0.908123  loss: 0.227184  loss_kpt: 0.227184  acc_pose: 0.986506
2026/10/04 18:29:26 - mmengine - INFO - Exp name: rtmpose-m_lumbar-coco2000_bbox-localpck_20261004_182728
2026/10/04 18:29:30 - mmengine - INFO - Epoch(train)  [15][10/25]  base_lr: 3.597208e-04 lr: 3.597208e-04  eta: 0:26:00  time: 0.313249  data_time: 0.115450  memory: 5901  grad_norm: 0.864032  loss: 0.219656  loss_kpt: 0.219656  acc_pose: 0.975852
2026/10/04 18:29:32 - mmengine - INFO - Epoch(train)  [15][20/25]  base_lr: 3.697408e-04 lr: 3.697408e-04  eta: 0:25:44  time: 0.308044  data_time: 0.108818  memory: 5901  grad_norm: 0.850376  loss: 0.216875  loss_kpt: 0.216875  acc_pose: 0.976562
2026/10/04 18:29:34 - mmengine - INFO - Exp name: rtmpose-m_lumbar-coco2000_bbox-localpck_20261004_182728
2026/10/04 18:29:38 - mmengine - INFO - Epoch(train)  [16][10/25]  base_lr: 3.847707e-04 lr: 3.847707e-04  eta: 0:25:48  time: 0.303508  data_time: 0.103517  memory: 5901  grad_norm: 0.821988  loss: 0.214023  loss_kpt: 0.214023  acc_pose: 0.989347
2026/10/04 18:29:40 - mmengine - INFO - Epoch(train)  [16][20/25]  base_lr: 3.947906e-04 lr: 3.947906e-04  eta: 0:25:34  time: 0.307237  data_time: 0.106712  memory: 5901  grad_norm: 0.795726  loss: 0.210879  loss_kpt: 0.210879  acc_pose: 0.979403
2026/10/04 18:29:41 - mmengine - INFO - Exp name: rtmpose-m_lumbar-coco2000_bbox-localpck_20261004_182728
2026/10/04 18:29:46 - mmengine - INFO - Epoch(train)  [17][10/25]  base_lr: 4.098205e-04 lr: 4.098205e-04  eta: 0:25:37  time: 0.307565  data_time: 0.104749  memory: 5901  grad_norm: 0.850981  loss: 0.207729  loss_kpt: 0.207729  acc_pose: 0.982955
2026/10/04 18:29:48 - mmengine - INFO - Epoch(train)  [17][20/25]  base_lr: 4.198405e-04 lr: 4.198405e-04  eta: 0:25:24  time: 0.309746  data_time: 0.108497  memory: 5901  grad_norm: 0.878735  loss: 0.206903  loss_kpt: 0.206903  acc_pose: 0.993608
2026/10/04 18:29:49 - mmengine - INFO - Exp name: rtmpose-m_lumbar-coco2000_bbox-localpck_20261004_182728
2026/10/04 18:29:53 - mmengine - INFO - Epoch(train)  [18][10/25]  base_lr: 4.348704e-04 lr: 4.348704e-04  eta: 0:25:28  time: 0.311714  data_time: 0.111131  memory: 5901  grad_norm: 0.861494  loss: 0.204660  loss_kpt: 0.204660  acc_pose: 0.984375
2026/10/04 18:29:56 - mmengine - INFO - Epoch(train)  [18][20/25]  base_lr: 4.448903e-04 lr: 4.448903e-04  eta: 0:25:14  time: 0.307946  data_time: 0.107693  memory: 5901  grad_norm: 0.853671  loss: 0.204470  loss_kpt: 0.204470  acc_pose: 0.982955
2026/10/04 18:29:57 - mmengine - INFO - Exp name: rtmpose-m_lumbar-coco2000_bbox-localpck_20261004_182728
2026/10/04 18:30:01 - mmengine - INFO - Epoch(train)  [19][10/25]  base_lr: 4.599202e-04 lr: 4.599202e-04  eta: 0:25:19  time: 0.313299  data_time: 0.116275  memory: 5901  grad_norm: 0.759458  loss: 0.200374  loss_kpt: 0.200374  acc_pose: 0.973722
2026/10/04 18:30:03 - mmengine - INFO - Epoch(train)  [19][20/25]  base_lr: 4.699402e-04 lr: 4.699402e-04  eta: 0:25:05  time: 0.308182  data_time: 0.111210  memory: 5901  grad_norm: 0.714122  loss: 0.196936  loss_kpt: 0.196936  acc_pose: 0.989347
2026/10/04 18:30:05 - mmengine - INFO - Exp name: rtmpose-m_lumbar-coco2000_bbox-localpck_20261004_182728
2026/10/04 18:30:09 - mmengine - INFO - Epoch(train)  [20][10/25]  base_lr: 4.849701e-04 lr: 4.849701e-04  eta: 0:25:06  time: 0.305862  data_time: 0.109310  memory: 5901  grad_norm: 0.695933  loss: 0.192622  loss_kpt: 0.192622  acc_pose: 0.998580
2026/10/04 18:30:11 - mmengine - INFO - Epoch(train)  [20][20/25]  base_lr: 4.949900e-04 lr: 4.949900e-04  eta: 0:24:53  time: 0.304364  data_time: 0.107900  memory: 5901  grad_norm: 0.696866  loss: 0.188333  loss_kpt: 0.188333  acc_pose: 0.992188
2026/10/04 18:30:12 - mmengine - INFO - Exp name: rtmpose-m_lumbar-coco2000_bbox-localpck_20261004_182728
2026/10/04 18:30:12 - mmengine - INFO - Saving checkpoint at 20 epochs
2026/10/04 18:30:13 - mmengine - INFO - Epoch(val)  [20][10/13]    eta: 0:00:00  time: 0.088754  data_time: 0.057037  memory: 5901  
2026/10/04 18:30:14 - mmengine - INFO - Epoch(val) [20][13/13]    LocalPCK/segment@0.1/PCK: 0.918182  data_time: 0.048070  time: 0.069916
2026/10/04 18:30:14 - mmengine - INFO - The previous best checkpoint /home/PavYtr/Projects/cv/work_dirs/rtmpose-m-lumbar-coco2000-randombbox-localpck/best_LocalPCK_segment@0.1_PCK_epoch_10.pth is removed
2026/10/04 18:30:14 - mmengine - INFO - The best checkpoint with 0.9182 LocalPCK/segment@0.1/PCK at 20 epoch is saved to best_LocalPCK_segment@0.1_PCK_epoch_20.pth.
2026/10/04 18:30:19 - mmengine - INFO - Epoch(train)  [21][10/25]  base_lr: 5.000000e-04 lr: 5.000000e-04  eta: 0:24:55  time: 0.299997  data_time: 0.100169  memory: 5901  grad_norm: 0.707486  loss: 0.189659  loss_kpt: 0.189659  acc_pose: 0.995739
2026/10/04 18:30:22 - mmengine - INFO - Epoch(train)  [21][20/25]  base_lr: 5.000000e-04 lr: 5.000000e-04  eta: 0:24:46  time: 0.307120  data_time: 0.107212  memory: 5901  grad_norm: 0.688158  loss: 0.188770  loss_kpt: 0.188770  acc_pose: 0.997869
2026/10/04 18:30:23 - mmengine - INFO - Exp name: rtmpose-m_lumbar-coco2000_bbox-localpck_20261004_182728
2026/10/04 18:30:27 - mmengine - INFO - Epoch(train)  [22][10/25]  base_lr: 5.000000e-04 lr: 5.000000e-04  eta: 0:24:47  time: 0.307604  data_time: 0.106364  memory: 5901  grad_norm: 0.657601  loss: 0.186006  loss_kpt: 0.186006  acc_pose: 0.979403
2026/10/04 18:30:29 - mmengine - INFO - Epoch(train)  [22][20/25]  base_lr: 5.000000e-04 lr: 5.000000e-04  eta: 0:24:36  time: 0.309510  data_time: 0.108306  memory: 5901  grad_norm: 0.619476  loss: 0.184411  loss_kpt: 0.184411  acc_pose: 0.997869
2026/10/04 18:30:31 - mmengine - INFO - Exp name: rtmpose-m_lumbar-coco2000_bbox-localpck_20261004_182728
2026/10/04 18:30:33 - mmengine - INFO - Saved augmentation comparison: /home/PavYtr/Projects/cv/work_dirs/rtmpose-m-lumbar-coco2000-randombbox-localpck/augmentation_comparisons/iter_0000553_sample_0552.jpg
2026/10/04 18:30:35 - mmengine - INFO - Epoch(train)  [23][10/25]  base_lr: 5.000000e-04 lr: 5.000000e-04  eta: 0:24:37  time: 0.310210  data_time: 0.111643  memory: 5901  grad_norm: 0.589448  loss: 0.178201  loss_kpt: 0.178201  acc_pose: 0.987926
2026/10/04 18:30:37 - mmengine - INFO - Epoch(train)  [23][20/25]  base_lr: 5.000000e-04 lr: 5.000000e-04  eta: 0:24:28  time: 0.309785  data_time: 0.111021  memory: 5901  grad_norm: 0.607399  loss: 0.175334  loss_kpt: 0.175334  acc_pose: 0.996449
2026/10/04 18:30:38 - mmengine - INFO - Exp name: rtmpose-m_lumbar-coco2000_bbox-localpck_20261004_182728
2026/10/04 18:30:42 - mmengine - INFO - Epoch(train)  [24][10/25]  base_lr: 5.000000e-04 lr: 5.000000e-04  eta: 0:24:27  time: 0.306477  data_time: 0.108571  memory: 5901  grad_norm: 0.598481  loss: 0.175042  loss_kpt: 0.175042  acc_pose: 0.985795
2026/10/04 18:30:45 - mmengine - INFO - Epoch(train)  [24][20/25]  base_lr: 5.000000e-04 lr: 5.000000e-04  eta: 0:24:18  time: 0.308778  data_time: 0.111125  memory: 5901  grad_norm: 0.616377  loss: 0.174564  loss_kpt: 0.174564  acc_pose: 0.998580
2026/10/04 18:30:46 - mmengine - INFO - Exp name: rtmpose-m_lumbar-coco2000_bbox-localpck_20261004_182728
2026/10/04 18:30:50 - mmengine - INFO - Epoch(train)  [25][10/25]  base_lr: 5.000000e-04 lr: 5.000000e-04  eta: 0:24:18  time: 0.306261  data_time: 0.108651  memory: 5901  grad_norm: 0.588860  loss: 0.172407  loss_kpt: 0.172407  acc_pose: 0.992188
2026/10/04 18:30:53 - mmengine - INFO - Epoch(train)  [25][20/25]  base_lr: 5.000000e-04 lr: 5.000000e-04  eta: 0:24:09  time: 0.305750  data_time: 0.106367  memory: 5901  grad_norm: 0.551404  loss: 0.170886  loss_kpt: 0.170886  acc_pose: 0.996449
2026/10/04 18:30:54 - mmengine - INFO - Exp name: rtmpose-m_lumbar-coco2000_bbox-localpck_20261004_182728
2026/10/04 18:30:58 - mmengine - INFO - Epoch(train)  [26][10/25]  base_lr: 5.000000e-04 lr: 5.000000e-04  eta: 0:24:09  time: 0.305888  data_time: 0.105955  memory: 5901  grad_norm: 0.555905  loss: 0.164929  loss_kpt: 0.164929  acc_pose: 0.995028
2026/10/04 18:31:00 - mmengine - INFO - Epoch(train)  [26][20/25]  base_lr: 5.000000e-04 lr: 5.000000e-04  eta: 0:24:00  time: 0.307166  data_time: 0.107001  memory: 5901  grad_norm: 0.558629  loss: 0.163209  loss_kpt: 0.163209  acc_pose: 0.983665
2026/10/04 18:31:01 - mmengine - INFO - Exp name: rtmpose-m_lumbar-coco2000_bbox-localpck_20261004_182728
2026/10/04 18:31:06 - mmengine - INFO - Epoch(train)  [27][10/25]  base_lr: 5.000000e-04 lr: 5.000000e-04  eta: 0:24:00  time: 0.308455  data_time: 0.105502  memory: 5901  grad_norm: 0.569307  loss: 0.163184  loss_kpt: 0.163184  acc_pose: 0.997159
2026/10/04 18:31:08 - mmengine - INFO - Epoch(train)  [27][20/25]  base_lr: 5.000000e-04 lr: 5.000000e-04  eta: 0:23:52  time: 0.306988  data_time: 0.106252  memory: 5901  grad_norm: 0.580605  loss: 0.162149  loss_kpt: 0.162149  acc_pose: 0.993608
2026/10/04 18:31:09 - mmengine - INFO - Exp name: rtmpose-m_lumbar-coco2000_bbox-localpck_20261004_182728
2026/10/04 18:31:13 - mmengine - INFO - Epoch(train)  [28][10/25]  base_lr: 5.000000e-04 lr: 5.000000e-04  eta: 0:23:50  time: 0.306412  data_time: 0.106379  memory: 5901  grad_norm: 0.569675  loss: 0.160674  loss_kpt: 0.160674  acc_pose: 0.996449
2026/10/04 18:31:15 - mmengine - INFO - Epoch(train)  [28][20/25]  base_lr: 5.000000e-04 lr: 5.000000e-04  eta: 0:23:42  time: 0.304965  data_time: 0.104972  memory: 5901  grad_norm: 0.535956  loss: 0.158735  loss_kpt: 0.158735  acc_pose: 0.997869
2026/10/04 18:31:17 - mmengine - INFO - Exp name: rtmpose-m_lumbar-coco2000_bbox-localpck_20261004_182728
2026/10/04 18:31:21 - mmengine - INFO - Epoch(train)  [29][10/25]  base_lr: 5.000000e-04 lr: 5.000000e-04  eta: 0:23:41  time: 0.303486  data_time: 0.106186  memory: 5901  grad_norm: 0.513887  loss: 0.154179  loss_kpt: 0.154179  acc_pose: 0.996449
2026/10/04 18:31:23 - mmengine - INFO - Epoch(train)  [29][20/25]  base_lr: 5.000000e-04 lr: 5.000000e-04  eta: 0:23:33  time: 0.303138  data_time: 0.105957  memory: 5901  grad_norm: 0.492915  loss: 0.151719  loss_kpt: 0.151719  acc_pose: 0.996449
2026/10/04 18:31:24 - mmengine - INFO - Exp name: rtmpose-m_lumbar-coco2000_bbox-localpck_20261004_182728
2026/10/04 18:31:28 - mmengine - INFO - Epoch(train)  [30][10/25]  base_lr: 5.000000e-04 lr: 5.000000e-04  eta: 0:23:31  time: 0.302323  data_time: 0.105304  memory: 5901  grad_norm: 0.482116  loss: 0.148623  loss_kpt: 0.148623  acc_pose: 0.999290
2026/10/04 18:31:31 - mmengine - INFO - Epoch(train)  [30][20/25]  base_lr: 5.000000e-04 lr: 5.000000e-04  eta: 0:23:25  time: 0.307066  data_time: 0.109939  memory: 5901  grad_norm: 0.494378  loss: 0.147586  loss_kpt: 0.147586  acc_pose: 0.993608
2026/10/04 18:31:32 - mmengine - INFO - Exp name: rtmpose-m_lumbar-coco2000_bbox-localpck_20261004_182728
2026/10/04 18:31:32 - mmengine - INFO - Saving checkpoint at 30 epochs
2026/10/04 18:31:33 - mmengine - INFO - Epoch(val)  [30][10/13]    eta: 0:00:00  time: 0.082342  data_time: 0.054261  memory: 5901  
2026/10/04 18:31:33 - mmengine - INFO - Epoch(val) [30][13/13]    LocalPCK/segment@0.1/PCK: 0.954773  data_time: 0.047591  time: 0.068559
2026/10/04 18:31:33 - mmengine - INFO - The previous best checkpoint /home/PavYtr/Projects/cv/work_dirs/rtmpose-m-lumbar-coco2000-randombbox-localpck/best_LocalPCK_segment@0.1_PCK_epoch_20.pth is removed
2026/10/04 18:31:34 - mmengine - INFO - The best checkpoint with 0.9548 LocalPCK/segment@0.1/PCK at 30 epoch is saved to best_LocalPCK_segment@0.1_PCK_epoch_30.pth.
2026/10/04 18:31:39 - mmengine - INFO - Epoch(train)  [31][10/25]  base_lr: 5.000000e-04 lr: 5.000000e-04  eta: 0:23:23  time: 0.304743  data_time: 0.107161  memory: 5901  grad_norm: 0.510429  loss: 0.146868  loss_kpt: 0.146868  acc_pose: 0.998580
2026/10/04 18:31:41 - mmengine - INFO - Epoch(train)  [31][20/25]  base_lr: 5.000000e-04 lr: 5.000000e-04  eta: 0:23:16  time: 0.306326  data_time: 0.108017  memory: 5901  grad_norm: 0.528986  loss: 0.146945  loss_kpt: 0.146945  acc_pose: 0.977273
2026/10/04 18:31:43 - mmengine - INFO - Exp name: rtmpose-m_lumbar-coco2000_bbox-localpck_20261004_182728
2026/10/04 18:31:47 - mmengine - INFO - Epoch(train)  [32][10/25]  base_lr: 5.000000e-04 lr: 5.000000e-04  eta: 0:23:15  time: 0.309261  data_time: 0.110903  memory: 5901  grad_norm: 0.545776  loss: 0.147715  loss_kpt: 0.147715  acc_pose: 0.997159
2026/10/04 18:31:49 - mmengine - INFO - Epoch(train)  [32][20/25]  base_lr: 5.000000e-04 lr: 5.000000e-04  eta: 0:23:07  time: 0.303164  data_time: 0.105036  memory: 5901  grad_norm: 0.550969  loss: 0.148383  loss_kpt: 0.148383  acc_pose: 0.997869
2026/10/04 18:31:50 - mmengine - INFO - Exp name: rtmpose-m_lumbar-coco2000_bbox-localpck_20261004_182728
2026/10/04 18:31:54 - mmengine - INFO - Epoch(train)  [33][10/25]  base_lr: 5.000000e-04 lr: 5.000000e-04  eta: 0:23:06  time: 0.306597  data_time: 0.109614  memory: 5901  grad_norm: 0.537447  loss: 0.149130  loss_kpt: 0.149130  acc_pose: 0.983665
2026/10/04 18:31:57 - mmengine - INFO - Epoch(train)  [33][20/25]  base_lr: 5.000000e-04 lr: 5.000000e-04  eta: 0:22:59  time: 0.306168  data_time: 0.109809  memory: 5901  grad_norm: 0.517616  loss: 0.148675  loss_kpt: 0.148675  acc_pose: 0.998580
2026/10/04 18:31:58 - mmengine - INFO - Exp name: rtmpose-m_lumbar-coco2000_bbox-localpck_20261004_182728
2026/10/04 18:32:01 - mmengine - INFO - Saved augmentation comparison: /home/PavYtr/Projects/cv/work_dirs/rtmpose-m-lumbar-coco2000-randombbox-localpck/augmentation_comparisons/iter_0000829_sample_0828.jpg
2026/10/04 18:32:02 - mmengine - INFO - Epoch(train)  [34][10/25]  base_lr: 5.000000e-04 lr: 5.000000e-04  eta: 0:22:58  time: 0.306813  data_time: 0.109920  memory: 5901  grad_norm: 0.489054  loss: 0.146843  loss_kpt: 0.146843  acc_pose: 0.999290
2026/10/04 18:32:04 - mmengine - INFO - Epoch(train)  [34][20/25]  base_lr: 5.000000e-04 lr: 5.000000e-04  eta: 0:22:50  time: 0.308840  data_time: 0.112018  memory: 5901  grad_norm: 0.471436  loss: 0.145380  loss_kpt: 0.145380  acc_pose: 0.999290
2026/10/04 18:32:05 - mmengine - INFO - Exp name: rtmpose-m_lumbar-coco2000_bbox-localpck_20261004_182728
2026/10/04 18:32:10 - mmengine - INFO - Epoch(train)  [35][10/25]  base_lr: 5.000000e-04 lr: 5.000000e-04  eta: 0:22:49  time: 0.307620  data_time: 0.106773  memory: 5901  grad_norm: 0.457739  loss: 0.141006  loss_kpt: 0.141006  acc_pose: 0.999290
2026/10/04 18:32:12 - mmengine - INFO - Epoch(train)  [35][20/25]  base_lr: 5.000000e-04 lr: 5.000000e-04  eta: 0:22:43  time: 0.309238  data_time: 0.108415  memory: 5901  grad_norm: 0.461263  loss: 0.139964  loss_kpt: 0.139964  acc_pose: 0.999290
2026/10/04 18:32:13 - mmengine - INFO - Exp name: rtmpose-m_lumbar-coco2000_bbox-localpck_20261004_182728
2026/10/04 18:32:17 - mmengine - INFO - Epoch(train)  [36][10/25]  base_lr: 5.000000e-04 lr: 5.000000e-04  eta: 0:22:40  time: 0.304754  data_time: 0.103632  memory: 5901  grad_norm: 0.457970  loss: 0.137671  loss_kpt: 0.137671  acc_pose: 0.997869
2026/10/04 18:32:20 - mmengine - INFO - Epoch(train)  [36][20/25]  base_lr: 5.000000e-04 lr: 5.000000e-04  eta: 0:22:34  time: 0.308567  data_time: 0.106891  memory: 5901  grad_norm: 0.451067  loss: 0.135535  loss_kpt: 0.135535  acc_pose: 1.000000
2026/10/04 18:32:21 - mmengine - INFO - Exp name: rtmpose-m_lumbar-coco2000_bbox-localpck_20261004_182728
2026/10/04 18:32:25 - mmengine - INFO - Epoch(train)  [37][10/25]  base_lr: 5.000000e-04 lr: 5.000000e-04  eta: 0:22:32  time: 0.307946  data_time: 0.109844  memory: 5901  grad_norm: 0.458209  loss: 0.134851  loss_kpt: 0.134851  acc_pose: 1.000000
2026/10/04 18:32:27 - mmengine - INFO - Epoch(train)  [37][20/25]  base_lr: 5.000000e-04 lr: 5.000000e-04  eta: 0:22:25  time: 0.302433  data_time: 0.104358  memory: 5901  grad_norm: 0.450306  loss: 0.133197  loss_kpt: 0.133197  acc_pose: 0.995739
2026/10/04 18:32:29 - mmengine - INFO - Exp name: rtmpose-m_lumbar-coco2000_bbox-localpck_20261004_182728
2026/10/04 18:32:33 - mmengine - INFO - Epoch(train)  [38][10/25]  base_lr: 5.000000e-04 lr: 5.000000e-04  eta: 0:22:23  time: 0.305896  data_time: 0.108668  memory: 5901  grad_norm: 0.454951  loss: 0.132189  loss_kpt: 0.132189  acc_pose: 1.000000
2026/10/04 18:32:35 - mmengine - INFO - Epoch(train)  [38][20/25]  base_lr: 5.000000e-04 lr: 5.000000e-04  eta: 0:22:17  time: 0.301967  data_time: 0.103197  memory: 5901  grad_norm: 0.446350  loss: 0.131339  loss_kpt: 0.131339  acc_pose: 0.993608
2026/10/04 18:32:36 - mmengine - INFO - Exp name: rtmpose-m_lumbar-coco2000_bbox-localpck_20261004_182728
2026/10/04 18:32:40 - mmengine - INFO - Epoch(train)  [39][10/25]  base_lr: 5.000000e-04 lr: 5.000000e-04  eta: 0:22:14  time: 0.301331  data_time: 0.102559  memory: 5901  grad_norm: 0.429482  loss: 0.129414  loss_kpt: 0.129414  acc_pose: 0.999290
2026/10/04 18:32:43 - mmengine - INFO - Epoch(train)  [39][20/25]  base_lr: 5.000000e-04 lr: 5.000000e-04  eta: 0:22:08  time: 0.304278  data_time: 0.105491  memory: 5901  grad_norm: 0.422253  loss: 0.128721  loss_kpt: 0.128721  acc_pose: 1.000000
2026/10/04 18:32:44 - mmengine - INFO - Exp name: rtmpose-m_lumbar-coco2000_bbox-localpck_20261004_182728
2026/10/04 18:32:48 - mmengine - INFO - Epoch(train)  [40][10/25]  base_lr: 5.000000e-04 lr: 5.000000e-04  eta: 0:22:08  time: 0.311911  data_time: 0.112332  memory: 5901  grad_norm: 0.418984  loss: 0.127232  loss_kpt: 0.127232  acc_pose: 0.998580
2026/10/04 18:32:51 - mmengine - INFO - Epoch(train)  [40][20/25]  base_lr: 5.000000e-04 lr: 5.000000e-04  eta: 0:22:01  time: 0.308265  data_time: 0.109900  memory: 5901  grad_norm: 0.419147  loss: 0.126325  loss_kpt: 0.126325  acc_pose: 1.000000
2026/10/04 18:32:52 - mmengine - INFO - Exp name: rtmpose-m_lumbar-coco2000_bbox-localpck_20261004_182728
2026/10/04 18:32:52 - mmengine - INFO - Saving checkpoint at 40 epochs
2026/10/04 18:32:53 - mmengine - INFO - Epoch(val)  [40][10/13]    eta: 0:00:00  time: 0.079274  data_time: 0.052894  memory: 5901  
2026/10/04 18:32:53 - mmengine - INFO - Epoch(val) [40][13/13]    LocalPCK/segment@0.1/PCK: 0.959091  data_time: 0.047123  time: 0.068214
2026/10/04 18:32:53 - mmengine - INFO - The previous best checkpoint /home/PavYtr/Projects/cv/work_dirs/rtmpose-m-lumbar-coco2000-randombbox-localpck/best_LocalPCK_segment@0.1_PCK_epoch_30.pth is removed
2026/10/04 18:32:54 - mmengine - INFO - The best checkpoint with 0.9591 LocalPCK/segment@0.1/PCK at 40 epoch is saved to best_LocalPCK_segment@0.1_PCK_epoch_40.pth.
2026/10/04 18:32:59 - mmengine - INFO - Epoch(train)  [41][10/25]  base_lr: 5.000000e-04 lr: 5.000000e-04  eta: 0:21:59  time: 0.311797  data_time: 0.111594  memory: 5901  grad_norm: 0.416449  loss: 0.126086  loss_kpt: 0.126086  acc_pose: 0.999290
2026/10/04 18:33:02 - mmengine - INFO - Epoch(train)  [41][20/25]  base_lr: 5.000000e-04 lr: 5.000000e-04  eta: 0:21:53  time: 0.311682  data_time: 0.111660  memory: 5901  grad_norm: 0.421389  loss: 0.125362  loss_kpt: 0.125362  acc_pose: 0.996449
2026/10/04 18:33:03 - mmengine - INFO - Exp name: rtmpose-m_lumbar-coco2000_bbox-localpck_20261004_182728
2026/10/04 18:33:07 - mmengine - INFO - Epoch(train)  [42][10/25]  base_lr: 5.000000e-04 lr: 5.000000e-04  eta: 0:21:51  time: 0.305977  data_time: 0.106729  memory: 5901  grad_norm: 0.408328  loss: 0.124475  loss_kpt: 0.124475  acc_pose: 0.997159
2026/10/04 18:33:09 - mmengine - INFO - Epoch(train)  [42][20/25]  base_lr: 5.000000e-04 lr: 5.000000e-04  eta: 0:21:44  time: 0.305288  data_time: 0.106916  memory: 5901  grad_norm: 0.419054  loss: 0.124339  loss_kpt: 0.124339  acc_pose: 0.994318
2026/10/04 18:33:10 - mmengine - INFO - Exp name: rtmpose-m_lumbar-coco2000_bbox-localpck_20261004_182728
2026/10/04 18:33:15 - mmengine - INFO - Epoch(train)  [43][10/25]  base_lr: 5.000000e-04 lr: 5.000000e-04  eta: 0:21:43  time: 0.307378  data_time: 0.110612  memory: 5901  grad_norm: 0.430539  loss: 0.124082  loss_kpt: 0.124082  acc_pose: 0.999290
2026/10/04 18:33:17 - mmengine - INFO - Epoch(train)  [43][20/25]  base_lr: 5.000000e-04 lr: 5.000000e-04  eta: 0:21:36  time: 0.304493  data_time: 0.107602  memory: 5901  grad_norm: 0.456618  loss: 0.124009  loss_kpt: 0.124009  acc_pose: 0.996449
2026/10/04 18:33:18 - mmengine - INFO - Exp name: rtmpose-m_lumbar-coco2000_bbox-localpck_20261004_182728
2026/10/04 18:33:22 - mmengine - INFO - Epoch(train)  [44][10/25]  base_lr: 5.000000e-04 lr: 5.000000e-04  eta: 0:21:34  time: 0.301151  data_time: 0.104001  memory: 5901  grad_norm: 0.475118  loss: 0.125237  loss_kpt: 0.125237  acc_pose: 0.999290
2026/10/04 18:33:24 - mmengine - INFO - Epoch(train)  [44][20/25]  base_lr: 5.000000e-04 lr: 5.000000e-04  eta: 0:21:28  time: 0.305518  data_time: 0.108349  memory: 5901  grad_norm: 0.471840  loss: 0.125667  loss_kpt: 0.125667  acc_pose: 0.994318
2026/10/04 18:33:25 - mmengine - INFO - Exp name: rtmpose-m_lumbar-coco2000_bbox-localpck_20261004_182728
2026/10/04 18:33:29 - mmengine - INFO - Saved augmentation comparison: /home/PavYtr/Projects/cv/work_dirs/rtmpose-m-lumbar-coco2000-randombbox-localpck/augmentation_comparisons/iter_0001106_sample_1105.jpg
2026/10/04 18:33:30 - mmengine - INFO - Epoch(train)  [45][10/25]  base_lr: 5.000000e-04 lr: 5.000000e-04  eta: 0:21:26  time: 0.303366  data_time: 0.103194  memory: 5901  grad_norm: 0.511617  loss: 0.125742  loss_kpt: 0.125742  acc_pose: 0.998580
2026/10/04 18:33:32 - mmengine - INFO - Epoch(train)  [45][20/25]  base_lr: 5.000000e-04 lr: 5.000000e-04  eta: 0:21:20  time: 0.308204  data_time: 0.107896  memory: 5901  grad_norm: 0.488830  loss: 0.126193  loss_kpt: 0.126193  acc_pose: 0.982955
2026/10/04 18:33:33 - mmengine - INFO - Exp name: rtmpose-m_lumbar-coco2000_bbox-localpck_20261004_182728
2026/10/04 18:33:37 - mmengine - INFO - Epoch(train)  [46][10/25]  base_lr: 5.000000e-04 lr: 5.000000e-04  eta: 0:21:17  time: 0.305542  data_time: 0.105425  memory: 5901  grad_norm: 0.487508  loss: 0.127371  loss_kpt: 0.127371  acc_pose: 0.999290
2026/10/04 18:33:40 - mmengine - INFO - Epoch(train)  [46][20/25]  base_lr: 5.000000e-04 lr: 5.000000e-04  eta: 0:21:12  time: 0.312211  data_time: 0.111792  memory: 5901  grad_norm: 0.487213  loss: 0.127485  loss_kpt: 0.127485  acc_pose: 1.000000
2026/10/04 18:33:41 - mmengine - INFO - Exp name: rtmpose-m_lumbar-coco2000_bbox-localpck_20261004_182728
2026/10/04 18:33:45 - mmengine - INFO - Epoch(train)  [47][10/25]  base_lr: 5.000000e-04 lr: 5.000000e-04  eta: 0:21:10  time: 0.309576  data_time: 0.111859  memory: 5901  grad_norm: 0.438656  loss: 0.126923  loss_kpt: 0.126923  acc_pose: 0.998580
2026/10/04 18:33:48 - mmengine - INFO - Epoch(train)  [47][20/25]  base_lr: 5.000000e-04 lr: 5.000000e-04  eta: 0:21:04  time: 0.307241  data_time: 0.109295  memory: 5901  grad_norm: 0.423564  loss: 0.125530  loss_kpt: 0.125530  acc_pose: 0.999290
2026/10/04 18:33:49 - mmengine - INFO - Exp name: rtmpose-m_lumbar-coco2000_bbox-localpck_20261004_182728
2026/10/04 18:33:53 - mmengine - INFO - Epoch(train)  [48][10/25]  base_lr: 5.000000e-04 lr: 5.000000e-04  eta: 0:21:02  time: 0.311056  data_time: 0.112376  memory: 5901  grad_norm: 0.398384  loss: 0.121800  loss_kpt: 0.121800  acc_pose: 0.999290
2026/10/04 18:33:55 - mmengine - INFO - Epoch(train)  [48][20/25]  base_lr: 5.000000e-04 lr: 5.000000e-04  eta: 0:20:56  time: 0.302854  data_time: 0.104182  memory: 5901  grad_norm: 0.388476  loss: 0.119953  loss_kpt: 0.119953  acc_pose: 0.999290
2026/10/04 18:33:56 - mmengine - INFO - Exp name: rtmpose-m_lumbar-coco2000_bbox-localpck_20261004_182728
2026/10/04 18:34:00 - mmengine - INFO - Epoch(train)  [49][10/25]  base_lr: 5.000000e-04 lr: 5.000000e-04  eta: 0:20:54  time: 0.305099  data_time: 0.106910  memory: 5901  grad_norm: 0.374539  loss: 0.117486  loss_kpt: 0.117486  acc_pose: 0.998580
2026/10/04 18:34:03 - mmengine - INFO - Epoch(train)  [49][20/25]  base_lr: 5.000000e-04 lr: 5.000000e-04  eta: 0:20:47  time: 0.302490  data_time: 0.104645  memory: 5901  grad_norm: 0.368756  loss: 0.116451  loss_kpt: 0.116451  acc_pose: 0.998580
2026/10/04 18:34:04 - mmengine - INFO - Exp name: rtmpose-m_lumbar-coco2000_bbox-localpck_20261004_182728
2026/10/04 18:34:08 - mmengine - INFO - Epoch(train)  [50][10/25]  base_lr: 5.000000e-04 lr: 5.000000e-04  eta: 0:20:46  time: 0.307620  data_time: 0.110770  memory: 5901  grad_norm: 0.359255  loss: 0.115024  loss_kpt: 0.115024  acc_pose: 1.000000
2026/10/04 18:34:10 - mmengine - INFO - Epoch(train)  [50][20/25]  base_lr: 5.000000e-04 lr: 5.000000e-04  eta: 0:20:40  time: 0.306448  data_time: 0.110098  memory: 5901  grad_norm: 0.356815  loss: 0.114469  loss_kpt: 0.114469  acc_pose: 1.000000
2026/10/04 18:34:12 - mmengine - INFO - Exp name: rtmpose-m_lumbar-coco2000_bbox-localpck_20261004_182728
2026/10/04 18:34:12 - mmengine - INFO - Saving checkpoint at 50 epochs
2026/10/04 18:34:13 - mmengine - INFO - Epoch(val)  [50][10/13]    eta: 0:00:00  time: 0.073324  data_time: 0.051221  memory: 5901  
2026/10/04 18:34:13 - mmengine - INFO - Epoch(val) [50][13/13]    LocalPCK/segment@0.1/PCK: 0.957273  data_time: 0.046796  time: 0.068534
2026/10/04 18:34:17 - mmengine - INFO - Epoch(train)  [51][10/25]  base_lr: 5.000000e-04 lr: 5.000000e-04  eta: 0:20:37  time: 0.305555  data_time: 0.108862  memory: 5901  grad_norm: 0.362118  loss: 0.114008  loss_kpt: 0.114008  acc_pose: 0.999290
2026/10/04 18:34:20 - mmengine - INFO - Epoch(train)  [51][20/25]  base_lr: 5.000000e-04 lr: 5.000000e-04  eta: 0:20:31  time: 0.306586  data_time: 0.109090  memory: 5901  grad_norm: 0.381960  loss: 0.114957  loss_kpt: 0.114957  acc_pose: 0.997159
2026/10/04 18:34:21 - mmengine - INFO - Exp name: rtmpose-m_lumbar-coco2000_bbox-localpck_20261004_182728
2026/10/04 18:34:25 - mmengine - INFO - Epoch(train)  [52][10/25]  base_lr: 5.000000e-04 lr: 5.000000e-04  eta: 0:20:30  time: 0.306577  data_time: 0.108295  memory: 5901  grad_norm: 0.401482  loss: 0.115579  loss_kpt: 0.115579  acc_pose: 0.998580
2026/10/04 18:34:27 - mmengine - INFO - Epoch(train)  [52][20/25]  base_lr: 5.000000e-04 lr: 5.000000e-04  eta: 0:20:24  time: 0.306730  data_time: 0.108378  memory: 5901  grad_norm: 0.395911  loss: 0.115212  loss_kpt: 0.115212  acc_pose: 1.000000
2026/10/04 18:34:29 - mmengine - INFO - Exp name: rtmpose-m_lumbar-coco2000_bbox-localpck_20261004_182728
2026/10/04 18:34:33 - mmengine - INFO - Epoch(train)  [53][10/25]  base_lr: 5.000000e-04 lr: 5.000000e-04  eta: 0:20:21  time: 0.308428  data_time: 0.109471  memory: 5901  grad_norm: 0.388678  loss: 0.114938  loss_kpt: 0.114938  acc_pose: 0.998580
2026/10/04 18:34:35 - mmengine - INFO - Epoch(train)  [53][20/25]  base_lr: 5.000000e-04 lr: 5.000000e-04  eta: 0:20:17  time: 0.313895  data_time: 0.115535  memory: 5901  grad_norm: 0.372839  loss: 0.113226  loss_kpt: 0.113226  acc_pose: 0.999290
2026/10/04 18:34:36 - mmengine - INFO - Exp name: rtmpose-m_lumbar-coco2000_bbox-localpck_20261004_182728
2026/10/04 18:34:41 - mmengine - INFO - Epoch(train)  [54][10/25]  base_lr: 5.000000e-04 lr: 5.000000e-04  eta: 0:20:14  time: 0.311938  data_time: 0.115004  memory: 5901  grad_norm: 0.356831  loss: 0.111143  loss_kpt: 0.111143  acc_pose: 0.999290
2026/10/04 18:34:43 - mmengine - INFO - Epoch(train)  [54][20/25]  base_lr: 5.000000e-04 lr: 5.000000e-04  eta: 0:20:09  time: 0.311001  data_time: 0.114039  memory: 5901  grad_norm: 0.357676  loss: 0.110755  loss_kpt: 0.110755  acc_pose: 1.000000
2026/10/04 18:34:44 - mmengine - INFO - Exp name: rtmpose-m_lumbar-coco2000_bbox-localpck_20261004_182728
2026/10/04 18:34:48 - mmengine - INFO - Epoch(train)  [55][10/25]  base_lr: 5.000000e-04 lr: 5.000000e-04  eta: 0:20:06  time: 0.309782  data_time: 0.113860  memory: 5901  grad_norm: 0.360379  loss: 0.109619  loss_kpt: 0.109619  acc_pose: 1.000000
2026/10/04 18:34:51 - mmengine - INFO - Epoch(train)  [55][20/25]  base_lr: 5.000000e-04 lr: 5.000000e-04  eta: 0:20:00  time: 0.304354  data_time: 0.106163  memory: 5901  grad_norm: 0.363826  loss: 0.109481  loss_kpt: 0.109481  acc_pose: 0.999290
2026/10/04 18:34:52 - mmengine - INFO - Exp name: rtmpose-m_lumbar-coco2000_bbox-localpck_20261004_182728
2026/10/04 18:34:55 - mmengine - INFO - Saved augmentation comparison: /home/PavYtr/Projects/cv/work_dirs/rtmpose-m-lumbar-coco2000-randombbox-localpck/augmentation_comparisons/iter_0001382_sample_1381.jpg
2026/10/04 18:34:56 - mmengine - INFO - Epoch(train)  [56][10/25]  base_lr: 5.000000e-04 lr: 5.000000e-04  eta: 0:19:58  time: 0.305237  data_time: 0.105760  memory: 5901  grad_norm: 0.372381  loss: 0.110702  loss_kpt: 0.110702  acc_pose: 0.999290
2026/10/04 18:34:58 - mmengine - INFO - Epoch(train)  [56][20/25]  base_lr: 5.000000e-04 lr: 5.000000e-04  eta: 0:19:52  time: 0.305486  data_time: 0.105851  memory: 5901  grad_norm: 0.399789  loss: 0.112901  loss_kpt: 0.112901  acc_pose: 0.975852
2026/10/04 18:34:59 - mmengine - INFO - Exp name: rtmpose-m_lumbar-coco2000_bbox-localpck_20261004_182728
2026/10/04 18:35:04 - mmengine - INFO - Epoch(train)  [57][10/25]  base_lr: 5.000000e-04 lr: 5.000000e-04  eta: 0:19:50  time: 0.310228  data_time: 0.111033  memory: 5901  grad_norm: 0.411304  loss: 0.115317  loss_kpt: 0.115317  acc_pose: 1.000000
2026/10/04 18:35:06 - mmengine - INFO - Epoch(train)  [57][20/25]  base_lr: 5.000000e-04 lr: 5.000000e-04  eta: 0:19:45  time: 0.307896  data_time: 0.111243  memory: 5901  grad_norm: 0.416390  loss: 0.116445  loss_kpt: 0.116445  acc_pose: 0.998580
2026/10/04 18:35:07 - mmengine - INFO - Exp name: rtmpose-m_lumbar-coco2000_bbox-localpck_20261004_182728
2026/10/04 18:35:11 - mmengine - INFO - Epoch(train)  [58][10/25]  base_lr: 5.000000e-04 lr: 5.000000e-04  eta: 0:19:42  time: 0.303858  data_time: 0.107433  memory: 5901  grad_norm: 0.425634  loss: 0.116418  loss_kpt: 0.116418  acc_pose: 0.997159
2026/10/04 18:35:13 - mmengine - INFO - Epoch(train)  [58][20/25]  base_lr: 5.000000e-04 lr: 5.000000e-04  eta: 0:19:36  time: 0.304838  data_time: 0.108255  memory: 5901  grad_norm: 0.400068  loss: 0.114281  loss_kpt: 0.114281  acc_pose: 0.997159
2026/10/04 18:35:15 - mmengine - INFO - Exp name: rtmpose-m_lumbar-coco2000_bbox-localpck_20261004_182728
2026/10/04 18:35:19 - mmengine - INFO - Epoch(train)  [59][10/25]  base_lr: 5.000000e-04 lr: 5.000000e-04  eta: 0:19:34  time: 0.304137  data_time: 0.106918  memory: 5901  grad_norm: 0.427066  loss: 0.113633  loss_kpt: 0.113633  acc_pose: 1.000000
2026/10/04 18:35:21 - mmengine - INFO - Epoch(train)  [59][20/25]  base_lr: 5.000000e-04 lr: 5.000000e-04  eta: 0:19:29  time: 0.304811  data_time: 0.107314  memory: 5901  grad_norm: 0.413843  loss: 0.112912  loss_kpt: 0.112912  acc_pose: 0.997869
2026/10/04 18:35:22 - mmengine - INFO - Exp name: rtmpose-m_lumbar-coco2000_bbox-localpck_20261004_182728
2026/10/04 18:35:26 - mmengine - INFO - Epoch(train)  [60][10/25]  base_lr: 5.000000e-04 lr: 5.000000e-04  eta: 0:19:26  time: 0.305318  data_time: 0.107203  memory: 5901  grad_norm: 0.387734  loss: 0.111865  loss_kpt: 0.111865  acc_pose: 0.999290
2026/10/04 18:35:29 - mmengine - INFO - Epoch(train)  [60][20/25]  base_lr: 5.000000e-04 lr: 5.000000e-04  eta: 0:19:21  time: 0.308954  data_time: 0.108914  memory: 5901  grad_norm: 0.380140  loss: 0.111336  loss_kpt: 0.111336  acc_pose: 0.999290
2026/10/04 18:35:30 - mmengine - INFO - Exp name: rtmpose-m_lumbar-coco2000_bbox-localpck_20261004_182728
2026/10/04 18:35:30 - mmengine - INFO - Saving checkpoint at 60 epochs
2026/10/04 18:35:31 - mmengine - INFO - Epoch(val)  [60][10/13]    eta: 0:00:00  time: 0.072680  data_time: 0.050812  memory: 5901  
2026/10/04 18:35:31 - mmengine - INFO - Epoch(val) [60][13/13]    LocalPCK/segment@0.1/PCK: 0.963864  data_time: 0.046260  time: 0.067327
2026/10/04 18:35:31 - mmengine - INFO - The previous best checkpoint /home/PavYtr/Projects/cv/work_dirs/rtmpose-m-lumbar-coco2000-randombbox-localpck/best_LocalPCK_segment@0.1_PCK_epoch_40.pth is removed
2026/10/04 18:35:32 - mmengine - INFO - The best checkpoint with 0.9639 LocalPCK/segment@0.1/PCK at 60 epoch is saved to best_LocalPCK_segment@0.1_PCK_epoch_60.pth.
2026/10/04 18:35:37 - mmengine - INFO - Epoch(train)  [61][10/25]  base_lr: 5.000000e-04 lr: 5.000000e-04  eta: 0:19:18  time: 0.307198  data_time: 0.105172  memory: 5901  grad_norm: 0.342626  loss: 0.108826  loss_kpt: 0.108826  acc_pose: 1.000000
2026/10/04 18:35:40 - mmengine - INFO - Epoch(train)  [61][20/25]  base_lr: 5.000000e-04 lr: 5.000000e-04  eta: 0:19:13  time: 0.310072  data_time: 0.108201  memory: 5901  grad_norm: 0.352211  loss: 0.108104  loss_kpt: 0.108104  acc_pose: 0.999290
2026/10/04 18:35:41 - mmengine - INFO - Exp name: rtmpose-m_lumbar-coco2000_bbox-localpck_20261004_182728
2026/10/04 18:35:45 - mmengine - INFO - Epoch(train)  [62][10/25]  base_lr: 5.000000e-04 lr: 5.000000e-04  eta: 0:19:10  time: 0.308584  data_time: 0.106537  memory: 5901  grad_norm: 0.365298  loss: 0.107581  loss_kpt: 0.107581  acc_pose: 0.999290
2026/10/04 18:35:47 - mmengine - INFO - Epoch(train)  [62][20/25]  base_lr: 5.000000e-04 lr: 5.000000e-04  eta: 0:19:05  time: 0.308648  data_time: 0.108893  memory: 5901  grad_norm: 0.379658  loss: 0.107702  loss_kpt: 0.107702  acc_pose: 1.000000
2026/10/04 18:35:48 - mmengine - INFO - Exp name: rtmpose-m_lumbar-coco2000_bbox-localpck_20261004_182728
2026/10/04 18:35:53 - mmengine - INFO - Epoch(train)  [63][10/25]  base_lr: 5.000000e-04 lr: 5.000000e-04  eta: 0:19:02  time: 0.304967  data_time: 0.105965  memory: 5901  grad_norm: 0.355858  loss: 0.106887  loss_kpt: 0.106887  acc_pose: 0.999290
2026/10/04 18:35:55 - mmengine - INFO - Epoch(train)  [63][20/25]  base_lr: 5.000000e-04 lr: 5.000000e-04  eta: 0:18:57  time: 0.306686  data_time: 0.106203  memory: 5901  grad_norm: 0.335428  loss: 0.105568  loss_kpt: 0.105568  acc_pose: 0.999290
2026/10/04 18:35:56 - mmengine - INFO - Exp name: rtmpose-m_lumbar-coco2000_bbox-localpck_20261004_182728
2026/10/04 18:36:01 - mmengine - INFO - Epoch(train)  [64][10/25]  base_lr: 5.000000e-04 lr: 5.000000e-04  eta: 0:18:55  time: 0.311266  data_time: 0.110874  memory: 5901  grad_norm: 0.340404  loss: 0.105121  loss_kpt: 0.105121  acc_pose: 0.999290
2026/10/04 18:36:04 - mmengine - INFO - Epoch(train)  [64][20/25]  base_lr: 5.000000e-04 lr: 5.000000e-04  eta: 0:18:52  time: 0.326728  data_time: 0.126329  memory: 5901  grad_norm: 0.325981  loss: 0.103952  loss_kpt: 0.103952  acc_pose: 0.999290
2026/10/04 18:36:05 - mmengine - INFO - Exp name: rtmpose-m_lumbar-coco2000_bbox-localpck_20261004_182728
2026/10/04 18:36:09 - mmengine - INFO - Epoch(train)  [65][10/25]  base_lr: 5.000000e-04 lr: 5.000000e-04  eta: 0:18:49  time: 0.329661  data_time: 0.130528  memory: 5901  grad_norm: 0.339789  loss: 0.103657  loss_kpt: 0.103657  acc_pose: 0.998580
2026/10/04 18:36:12 - mmengine - INFO - Epoch(train)  [65][20/25]  base_lr: 5.000000e-04 lr: 5.000000e-04  eta: 0:18:45  time: 0.331956  data_time: 0.134207  memory: 5901  grad_norm: 0.351579  loss: 0.103574  loss_kpt: 0.103574  acc_pose: 1.000000
2026/10/04 18:36:13 - mmengine - INFO - Exp name: rtmpose-m_lumbar-coco2000_bbox-localpck_20261004_182728
2026/10/04 18:36:17 - mmengine - INFO - Epoch(train)  [66][10/25]  base_lr: 5.000000e-04 lr: 5.000000e-04  eta: 0:18:41  time: 0.326929  data_time: 0.129331  memory: 5901  grad_norm: 0.346608  loss: 0.102769  loss_kpt: 0.102769  acc_pose: 0.999290
2026/10/04 18:36:19 - mmengine - INFO - Epoch(train)  [66][20/25]  base_lr: 5.000000e-04 lr: 5.000000e-04  eta: 0:18:36  time: 0.309093  data_time: 0.111321  memory: 5901  grad_norm: 0.361450  loss: 0.103154  loss_kpt: 0.103154  acc_pose: 1.000000
2026/10/04 18:36:20 - mmengine - INFO - Exp name: rtmpose-m_lumbar-coco2000_bbox-localpck_20261004_182728
2026/10/04 18:36:24 - mmengine - INFO - Saved augmentation comparison: /home/PavYtr/Projects/cv/work_dirs/rtmpose-m-lumbar-coco2000-randombbox-localpck/augmentation_comparisons/iter_0001658_sample_0057.jpg
2026/10/04 18:36:25 - mmengine - INFO - Epoch(train)  [67][10/25]  base_lr: 5.000000e-04 lr: 5.000000e-04  eta: 0:18:33  time: 0.310320  data_time: 0.113745  memory: 5901  grad_norm: 0.375609  loss: 0.103517  loss_kpt: 0.103517  acc_pose: 0.998580
2026/10/04 18:36:27 - mmengine - INFO - Epoch(train)  [67][20/25]  base_lr: 5.000000e-04 lr: 5.000000e-04  eta: 0:18:29  time: 0.307973  data_time: 0.111697  memory: 5901  grad_norm: 0.391915  loss: 0.104598  loss_kpt: 0.104598  acc_pose: 0.999290
2026/10/04 18:36:28 - mmengine - INFO - Exp name: rtmpose-m_lumbar-coco2000_bbox-localpck_20261004_182728
2026/10/04 18:36:32 - mmengine - INFO - Epoch(train)  [68][10/25]  base_lr: 5.000000e-04 lr: 5.000000e-04  eta: 0:18:26  time: 0.311357  data_time: 0.115714  memory: 5901  grad_norm: 0.386000  loss: 0.104039  loss_kpt: 0.104039  acc_pose: 0.998580
2026/10/04 18:36:35 - mmengine - INFO - Epoch(train)  [68][20/25]  base_lr: 5.000000e-04 lr: 5.000000e-04  eta: 0:18:21  time: 0.311242  data_time: 0.115626  memory: 5901  grad_norm: 0.364232  loss: 0.102375  loss_kpt: 0.102375  acc_pose: 1.000000
2026/10/04 18:36:36 - mmengine - INFO - Exp name: rtmpose-m_lumbar-coco2000_bbox-localpck_20261004_182728
2026/10/04 18:36:40 - mmengine - INFO - Epoch(train)  [69][10/25]  base_lr: 5.000000e-04 lr: 5.000000e-04  eta: 0:18:18  time: 0.306054  data_time: 0.109426  memory: 5901  grad_norm: 0.347345  loss: 0.101309  loss_kpt: 0.101309  acc_pose: 1.000000
2026/10/04 18:36:42 - mmengine - INFO - Epoch(train)  [69][20/25]  base_lr: 5.000000e-04 lr: 5.000000e-04  eta: 0:18:13  time: 0.306371  data_time: 0.109456  memory: 5901  grad_norm: 0.334884  loss: 0.099817  loss_kpt: 0.099817  acc_pose: 1.000000
2026/10/04 18:36:43 - mmengine - INFO - Exp name: rtmpose-m_lumbar-coco2000_bbox-localpck_20261004_182728
2026/10/04 18:36:48 - mmengine - INFO - Epoch(train)  [70][10/25]  base_lr: 5.000000e-04 lr: 5.000000e-04  eta: 0:18:09  time: 0.302093  data_time: 0.105511  memory: 5901  grad_norm: 0.335235  loss: 0.099990  loss_kpt: 0.099990  acc_pose: 1.000000
2026/10/04 18:36:50 - mmengine - INFO - Epoch(train)  [70][20/25]  base_lr: 5.000000e-04 lr: 5.000000e-04  eta: 0:18:05  time: 0.306951  data_time: 0.110153  memory: 5901  grad_norm: 0.344796  loss: 0.100125  loss_kpt: 0.100125  acc_pose: 0.998580
2026/10/04 18:36:51 - mmengine - INFO - Exp name: rtmpose-m_lumbar-coco2000_bbox-localpck_20261004_182728
2026/10/04 18:36:51 - mmengine - INFO - Saving checkpoint at 70 epochs
2026/10/04 18:36:53 - mmengine - INFO - Epoch(val)  [70][10/13]    eta: 0:00:00  time: 0.072323  data_time: 0.050443  memory: 5901  
2026/10/04 18:36:53 - mmengine - INFO - Epoch(val) [70][13/13]    LocalPCK/segment@0.1/PCK: 0.963864  data_time: 0.045759  time: 0.066776
2026/10/04 18:36:57 - mmengine - INFO - Epoch(train)  [71][10/25]  base_lr: 5.000000e-04 lr: 5.000000e-04  eta: 0:18:02  time: 0.307703  data_time: 0.110487  memory: 5901  grad_norm: 0.335623  loss: 0.098830  loss_kpt: 0.098830  acc_pose: 1.000000
2026/10/04 18:36:59 - mmengine - INFO - Epoch(train)  [71][20/25]  base_lr: 5.000000e-04 lr: 5.000000e-04  eta: 0:17:57  time: 0.306931  data_time: 0.109577  memory: 5901  grad_norm: 0.323663  loss: 0.098292  loss_kpt: 0.098292  acc_pose: 1.000000
2026/10/04 18:37:00 - mmengine - INFO - Exp name: rtmpose-m_lumbar-coco2000_bbox-localpck_20261004_182728
2026/10/04 18:37:05 - mmengine - INFO - Epoch(train)  [72][10/25]  base_lr: 5.000000e-04 lr: 5.000000e-04  eta: 0:17:54  time: 0.311951  data_time: 0.114622  memory: 5901  grad_norm: 0.311838  loss: 0.096246  loss_kpt: 0.096246  acc_pose: 1.000000
2026/10/04 18:37:07 - mmengine - INFO - Epoch(train)  [72][20/25]  base_lr: 5.000000e-04 lr: 5.000000e-04  eta: 0:17:49  time: 0.306475  data_time: 0.109314  memory: 5901  grad_norm: 0.308714  loss: 0.096266  loss_kpt: 0.096266  acc_pose: 1.000000
2026/10/04 18:37:08 - mmengine - INFO - Exp name: rtmpose-m_lumbar-coco2000_bbox-localpck_20261004_182728
2026/10/04 18:37:12 - mmengine - INFO - Epoch(train)  [73][10/25]  base_lr: 5.000000e-04 lr: 5.000000e-04  eta: 0:17:46  time: 0.305361  data_time: 0.107171  memory: 5901  grad_norm: 0.318728  loss: 0.096694  loss_kpt: 0.096694  acc_pose: 1.000000
2026/10/04 18:37:15 - mmengine - INFO - Epoch(train)  [73][20/25]  base_lr: 5.000000e-04 lr: 5.000000e-04  eta: 0:17:41  time: 0.306187  data_time: 0.107769  memory: 5901  grad_norm: 0.315646  loss: 0.096803  loss_kpt: 0.096803  acc_pose: 1.000000
2026/10/04 18:37:16 - mmengine - INFO - Exp name: rtmpose-m_lumbar-coco2000_bbox-localpck_20261004_182728
2026/10/04 18:37:20 - mmengine - INFO - Epoch(train)  [74][10/25]  base_lr: 5.000000e-04 lr: 5.000000e-04  eta: 0:17:38  time: 0.305289  data_time: 0.107000  memory: 5901  grad_norm: 0.314133  loss: 0.097371  loss_kpt: 0.097371  acc_pose: 1.000000
2026/10/04 18:37:22 - mmengine - INFO - Epoch(train)  [74][20/25]  base_lr: 5.000000e-04 lr: 5.000000e-04  eta: 0:17:34  time: 0.306699  data_time: 0.108397  memory: 5901  grad_norm: 0.314079  loss: 0.096511  loss_kpt: 0.096511  acc_pose: 0.999290
2026/10/04 18:37:24 - mmengine - INFO - Exp name: rtmpose-m_lumbar-coco2000_bbox-localpck_20261004_182728
2026/10/04 18:37:28 - mmengine - INFO - Epoch(train)  [75][10/25]  base_lr: 5.000000e-04 lr: 5.000000e-04  eta: 0:17:30  time: 0.311557  data_time: 0.114834  memory: 5901  grad_norm: 0.299576  loss: 0.095585  loss_kpt: 0.095585  acc_pose: 1.000000
2026/10/04 18:37:30 - mmengine - INFO - Epoch(train)  [75][20/25]  base_lr: 5.000000e-04 lr: 5.000000e-04  eta: 0:17:26  time: 0.306854  data_time: 0.110563  memory: 5901  grad_norm: 0.303424  loss: 0.095155  loss_kpt: 0.095155  acc_pose: 1.000000
2026/10/04 18:37:31 - mmengine - INFO - Exp name: rtmpose-m_lumbar-coco2000_bbox-localpck_20261004_182728
2026/10/04 18:37:36 - mmengine - INFO - Epoch(train)  [76][10/25]  base_lr: 5.000000e-04 lr: 5.000000e-04  eta: 0:17:23  time: 0.311911  data_time: 0.115442  memory: 5901  grad_norm: 0.302520  loss: 0.093827  loss_kpt: 0.093827  acc_pose: 1.000000
2026/10/04 18:37:38 - mmengine - INFO - Epoch(train)  [76][20/25]  base_lr: 5.000000e-04 lr: 5.000000e-04  eta: 0:17:18  time: 0.308388  data_time: 0.112036  memory: 5901  grad_norm: 0.320572  loss: 0.094557  loss_kpt: 0.094557  acc_pose: 1.000000
2026/10/04 18:37:39 - mmengine - INFO - Exp name: rtmpose-m_lumbar-coco2000_bbox-localpck_20261004_182728
2026/10/04 18:37:43 - mmengine - INFO - Epoch(train)  [77][10/25]  base_lr: 5.000000e-04 lr: 5.000000e-04  eta: 0:17:15  time: 0.305214  data_time: 0.108775  memory: 5901  grad_norm: 0.332659  loss: 0.094240  loss_kpt: 0.094240  acc_pose: 1.000000
2026/10/04 18:37:45 - mmengine - INFO - Epoch(train)  [77][20/25]  base_lr: 5.000000e-04 lr: 5.000000e-04  eta: 0:17:10  time: 0.308680  data_time: 0.111981  memory: 5901  grad_norm: 0.330930  loss: 0.094111  loss_kpt: 0.094111  acc_pose: 1.000000
2026/10/04 18:37:47 - mmengine - INFO - Exp name: rtmpose-m_lumbar-coco2000_bbox-localpck_20261004_182728
2026/10/04 18:37:50 - mmengine - INFO - Saved augmentation comparison: /home/PavYtr/Projects/cv/work_dirs/rtmpose-m-lumbar-coco2000-randombbox-localpck/augmentation_comparisons/iter_0001934_sample_0333.jpg
2026/10/04 18:37:51 - mmengine - INFO - Epoch(train)  [78][10/25]  base_lr: 5.000000e-04 lr: 5.000000e-04  eta: 0:17:07  time: 0.301430  data_time: 0.104145  memory: 5901  grad_norm: 0.323799  loss: 0.094421  loss_kpt: 0.094421  acc_pose: 1.000000
2026/10/04 18:37:53 - mmengine - INFO - Epoch(train)  [78][20/25]  base_lr: 5.000000e-04 lr: 5.000000e-04  eta: 0:17:02  time: 0.307741  data_time: 0.109809  memory: 5901  grad_norm: 0.316026  loss: 0.093815  loss_kpt: 0.093815  acc_pose: 1.000000
2026/10/04 18:37:54 - mmengine - INFO - Exp name: rtmpose-m_lumbar-coco2000_bbox-localpck_20261004_182728
2026/10/04 18:37:59 - mmengine - INFO - Epoch(train)  [79][10/25]  base_lr: 5.000000e-04 lr: 5.000000e-04  eta: 0:16:59  time: 0.311605  data_time: 0.112439  memory: 5901  grad_norm: 0.304515  loss: 0.092952  loss_kpt: 0.092952  acc_pose: 1.000000
2026/10/04 18:38:01 - mmengine - INFO - Epoch(train)  [79][20/25]  base_lr: 5.000000e-04 lr: 5.000000e-04  eta: 0:16:55  time: 0.312421  data_time: 0.113149  memory: 5901  grad_norm: 0.307869  loss: 0.092362  loss_kpt: 0.092362  acc_pose: 1.000000
2026/10/04 18:38:02 - mmengine - INFO - Exp name: rtmpose-m_lumbar-coco2000_bbox-localpck_20261004_182728
2026/10/04 18:38:06 - mmengine - INFO - Epoch(train)  [80][10/25]  base_lr: 5.000000e-04 lr: 5.000000e-04  eta: 0:16:51  time: 0.314594  data_time: 0.116328  memory: 5901  grad_norm: 0.314035  loss: 0.091596  loss_kpt: 0.091596  acc_pose: 1.000000
2026/10/04 18:38:09 - mmengine - INFO - Epoch(train)  [80][20/25]  base_lr: 5.000000e-04 lr: 5.000000e-04  eta: 0:16:47  time: 0.307661  data_time: 0.109999  memory: 5901  grad_norm: 0.303493  loss: 0.090747  loss_kpt: 0.090747  acc_pose: 0.998580
2026/10/04 18:38:10 - mmengine - INFO - Exp name: rtmpose-m_lumbar-coco2000_bbox-localpck_20261004_182728
2026/10/04 18:38:10 - mmengine - INFO - Saving checkpoint at 80 epochs
2026/10/04 18:38:11 - mmengine - INFO - Epoch(val)  [80][10/13]    eta: 0:00:00  time: 0.072384  data_time: 0.050480  memory: 5901  
2026/10/04 18:38:11 - mmengine - INFO - Epoch(val) [80][13/13]    LocalPCK/segment@0.1/PCK: 0.964091  data_time: 0.047019  time: 0.068073
2026/10/04 18:38:11 - mmengine - INFO - The previous best checkpoint /home/PavYtr/Projects/cv/work_dirs/rtmpose-m-lumbar-coco2000-randombbox-localpck/best_LocalPCK_segment@0.1_PCK_epoch_60.pth is removed
2026/10/04 18:38:12 - mmengine - INFO - The best checkpoint with 0.9641 LocalPCK/segment@0.1/PCK at 80 epoch is saved to best_LocalPCK_segment@0.1_PCK_epoch_80.pth.
2026/10/04 18:38:17 - mmengine - INFO - Epoch(train)  [81][10/25]  base_lr: 5.000000e-04 lr: 5.000000e-04  eta: 0:16:43  time: 0.301457  data_time: 0.103454  memory: 5901  grad_norm: 0.309658  loss: 0.090300  loss_kpt: 0.090300  acc_pose: 0.999290
2026/10/04 18:38:19 - mmengine - INFO - Epoch(train)  [81][20/25]  base_lr: 5.000000e-04 lr: 5.000000e-04  eta: 0:16:39  time: 0.301951  data_time: 0.104235  memory: 5901  grad_norm: 0.304652  loss: 0.089879  loss_kpt: 0.089879  acc_pose: 1.000000
2026/10/04 18:38:20 - mmengine - INFO - Exp name: rtmpose-m_lumbar-coco2000_bbox-localpck_20261004_182728
2026/10/04 18:38:25 - mmengine - INFO - Epoch(train)  [82][10/25]  base_lr: 5.000000e-04 lr: 5.000000e-04  eta: 0:16:35  time: 0.303187  data_time: 0.104595  memory: 5901  grad_norm: 0.295399  loss: 0.088954  loss_kpt: 0.088954  acc_pose: 1.000000
2026/10/04 18:38:27 - mmengine - INFO - Epoch(train)  [82][20/25]  base_lr: 5.000000e-04 lr: 5.000000e-04  eta: 0:16:31  time: 0.308784  data_time: 0.110394  memory: 5901  grad_norm: 0.288267  loss: 0.088426  loss_kpt: 0.088426  acc_pose: 1.000000
2026/10/04 18:38:28 - mmengine - INFO - Exp name: rtmpose-m_lumbar-coco2000_bbox-localpck_20261004_182728
2026/10/04 18:38:33 - mmengine - INFO - Epoch(train)  [83][10/25]  base_lr: 5.000000e-04 lr: 5.000000e-04  eta: 0:16:28  time: 0.312535  data_time: 0.116278  memory: 5901  grad_norm: 0.282456  loss: 0.088242  loss_kpt: 0.088242  acc_pose: 1.000000
2026/10/04 18:38:35 - mmengine - INFO - Epoch(train)  [83][20/25]  base_lr: 5.000000e-04 lr: 5.000000e-04  eta: 0:16:23  time: 0.308010  data_time: 0.111501  memory: 5901  grad_norm: 0.285688  loss: 0.088612  loss_kpt: 0.088612  acc_pose: 1.000000
2026/10/04 18:38:36 - mmengine - INFO - Exp name: rtmpose-m_lumbar-coco2000_bbox-localpck_20261004_182728
2026/10/04 18:38:40 - mmengine - INFO - Epoch(train)  [84][10/25]  base_lr: 5.000000e-04 lr: 5.000000e-04  eta: 0:16:20  time: 0.311275  data_time: 0.110740  memory: 5901  grad_norm: 0.303101  loss: 0.088632  loss_kpt: 0.088632  acc_pose: 1.000000
2026/10/04 18:38:43 - mmengine - INFO - Epoch(train)  [84][20/25]  base_lr: 5.000000e-04 lr: 5.000000e-04  eta: 0:16:16  time: 0.308125  data_time: 0.107662  memory: 5901  grad_norm: 0.323007  loss: 0.089638  loss_kpt: 0.089638  acc_pose: 1.000000
2026/10/04 18:38:44 - mmengine - INFO - Exp name: rtmpose-m_lumbar-coco2000_bbox-localpck_20261004_182728
2026/10/04 18:38:48 - mmengine - INFO - Epoch(train)  [85][10/25]  base_lr: 5.000000e-04 lr: 5.000000e-04  eta: 0:16:12  time: 0.303539  data_time: 0.102109  memory: 5901  grad_norm: 0.337054  loss: 0.089811  loss_kpt: 0.089811  acc_pose: 1.000000
2026/10/04 18:38:50 - mmengine - INFO - Epoch(train)  [85][20/25]  base_lr: 5.000000e-04 lr: 5.000000e-04  eta: 0:16:08  time: 0.307037  data_time: 0.106171  memory: 5901  grad_norm: 0.334132  loss: 0.089123  loss_kpt: 0.089123  acc_pose: 1.000000
2026/10/04 18:38:51 - mmengine - INFO - Exp name: rtmpose-m_lumbar-coco2000_bbox-localpck_20261004_182728
2026/10/04 18:38:55 - mmengine - INFO - Epoch(train)  [86][10/25]  base_lr: 5.000000e-04 lr: 5.000000e-04  eta: 0:16:04  time: 0.299683  data_time: 0.102631  memory: 5901  grad_norm: 0.315879  loss: 0.089064  loss_kpt: 0.089064  acc_pose: 1.000000
2026/10/04 18:38:58 - mmengine - INFO - Epoch(train)  [86][20/25]  base_lr: 5.000000e-04 lr: 5.000000e-04  eta: 0:16:00  time: 0.303671  data_time: 0.106398  memory: 5901  grad_norm: 0.308494  loss: 0.088217  loss_kpt: 0.088217  acc_pose: 1.000000
2026/10/04 18:38:59 - mmengine - INFO - Exp name: rtmpose-m_lumbar-coco2000_bbox-localpck_20261004_182728
2026/10/04 18:39:03 - mmengine - INFO - Epoch(train)  [87][10/25]  base_lr: 5.000000e-04 lr: 5.000000e-04  eta: 0:15:57  time: 0.313165  data_time: 0.116308  memory: 5901  grad_norm: 0.293712  loss: 0.087687  loss_kpt: 0.087687  acc_pose: 1.000000
2026/10/04 18:39:06 - mmengine - INFO - Epoch(train)  [87][20/25]  base_lr: 5.000000e-04 lr: 5.000000e-04  eta: 0:15:52  time: 0.310828  data_time: 0.113537  memory: 5901  grad_norm: 0.295777  loss: 0.087480  loss_kpt: 0.087480  acc_pose: 1.000000
2026/10/04 18:39:07 - mmengine - INFO - Exp name: rtmpose-m_lumbar-coco2000_bbox-localpck_20261004_182728
2026/10/04 18:39:11 - mmengine - INFO - Epoch(train)  [88][10/25]  base_lr: 5.000000e-04 lr: 5.000000e-04  eta: 0:15:49  time: 0.312542  data_time: 0.115900  memory: 5901  grad_norm: 0.320197  loss: 0.087222  loss_kpt: 0.087222  acc_pose: 1.000000
2026/10/04 18:39:13 - mmengine - INFO - Epoch(train)  [88][20/25]  base_lr: 5.000000e-04 lr: 5.000000e-04  eta: 0:15:44  time: 0.306100  data_time: 0.109445  memory: 5901  grad_norm: 0.315237  loss: 0.086798  loss_kpt: 0.086798  acc_pose: 0.999290
2026/10/04 18:39:14 - mmengine - INFO - Exp name: rtmpose-m_lumbar-coco2000_bbox-localpck_20261004_182728
2026/10/04 18:39:19 - mmengine - INFO - Epoch(train)  [89][10/25]  base_lr: 5.000000e-04 lr: 5.000000e-04  eta: 0:15:41  time: 0.306526  data_time: 0.109914  memory: 5901  grad_norm: 0.313100  loss: 0.085572  loss_kpt: 0.085572  acc_pose: 1.000000
2026/10/04 18:39:19 - mmengine - INFO - Saved augmentation comparison: /home/PavYtr/Projects/cv/work_dirs/rtmpose-m-lumbar-coco2000-randombbox-localpck/augmentation_comparisons/iter_0002211_sample_0610.jpg
2026/10/04 18:39:21 - mmengine - INFO - Epoch(train)  [89][20/25]  base_lr: 5.000000e-04 lr: 5.000000e-04  eta: 0:15:37  time: 0.306691  data_time: 0.110427  memory: 5901  grad_norm: 0.310498  loss: 0.084928  loss_kpt: 0.084928  acc_pose: 0.998580
2026/10/04 18:39:22 - mmengine - INFO - Exp name: rtmpose-m_lumbar-coco2000_bbox-localpck_20261004_182728
2026/10/04 18:39:26 - mmengine - INFO - Epoch(train)  [90][10/25]  base_lr: 5.000000e-04 lr: 5.000000e-04  eta: 0:15:33  time: 0.307110  data_time: 0.110523  memory: 5901  grad_norm: 0.297224  loss: 0.084593  loss_kpt: 0.084593  acc_pose: 1.000000
2026/10/04 18:39:29 - mmengine - INFO - Epoch(train)  [90][20/25]  base_lr: 5.000000e-04 lr: 5.000000e-04  eta: 0:15:29  time: 0.310784  data_time: 0.113769  memory: 5901  grad_norm: 0.303215  loss: 0.084594  loss_kpt: 0.084594  acc_pose: 1.000000
2026/10/04 18:39:30 - mmengine - INFO - Exp name: rtmpose-m_lumbar-coco2000_bbox-localpck_20261004_182728
2026/10/04 18:39:30 - mmengine - INFO - Saving checkpoint at 90 epochs
2026/10/04 18:39:31 - mmengine - INFO - Epoch(val)  [90][10/13]    eta: 0:00:00  time: 0.072246  data_time: 0.050474  memory: 5901  
2026/10/04 18:39:31 - mmengine - INFO - Epoch(val) [90][13/13]    LocalPCK/segment@0.1/PCK: 0.967273  data_time: 0.046324  time: 0.067440
2026/10/04 18:39:31 - mmengine - INFO - The previous best checkpoint /home/PavYtr/Projects/cv/work_dirs/rtmpose-m-lumbar-coco2000-randombbox-localpck/best_LocalPCK_segment@0.1_PCK_epoch_80.pth is removed
2026/10/04 18:39:32 - mmengine - INFO - The best checkpoint with 0.9673 LocalPCK/segment@0.1/PCK at 90 epoch is saved to best_LocalPCK_segment@0.1_PCK_epoch_90.pth.
2026/10/04 18:39:37 - mmengine - INFO - Epoch(train)  [91][10/25]  base_lr: 5.000000e-04 lr: 5.000000e-04  eta: 0:15:25  time: 0.304154  data_time: 0.105957  memory: 5901  grad_norm: 0.310078  loss: 0.085069  loss_kpt: 0.085069  acc_pose: 1.000000
2026/10/04 18:39:39 - mmengine - INFO - Epoch(train)  [91][20/25]  base_lr: 5.000000e-04 lr: 5.000000e-04  eta: 0:15:21  time: 0.307240  data_time: 0.108851  memory: 5901  grad_norm: 0.302653  loss: 0.084802  loss_kpt: 0.084802  acc_pose: 1.000000
2026/10/04 18:39:41 - mmengine - INFO - Exp name: rtmpose-m_lumbar-coco2000_bbox-localpck_20261004_182728
2026/10/04 18:39:45 - mmengine - INFO - Epoch(train)  [92][10/25]  base_lr: 5.000000e-04 lr: 5.000000e-04  eta: 0:15:17  time: 0.309959  data_time: 0.111436  memory: 5901  grad_norm: 0.288669  loss: 0.083494  loss_kpt: 0.083494  acc_pose: 1.000000
2026/10/04 18:39:47 - mmengine - INFO - Epoch(train)  [92][20/25]  base_lr: 5.000000e-04 lr: 5.000000e-04  eta: 0:15:13  time: 0.307126  data_time: 0.109033  memory: 5901  grad_norm: 0.274806  loss: 0.082635  loss_kpt: 0.082635  acc_pose: 1.000000
2026/10/04 18:39:48 - mmengine - INFO - Exp name: rtmpose-m_lumbar-coco2000_bbox-localpck_20261004_182728
2026/10/04 18:39:53 - mmengine - INFO - Epoch(train)  [93][10/25]  base_lr: 5.000000e-04 lr: 5.000000e-04  eta: 0:15:10  time: 0.309150  data_time: 0.112337  memory: 5901  grad_norm: 0.272194  loss: 0.082098  loss_kpt: 0.082098  acc_pose: 1.000000
2026/10/04 18:39:55 - mmengine - INFO - Epoch(train)  [93][20/25]  base_lr: 5.000000e-04 lr: 5.000000e-04  eta: 0:15:05  time: 0.307551  data_time: 0.110675  memory: 5901  grad_norm: 0.287242  loss: 0.082557  loss_kpt: 0.082557  acc_pose: 1.000000
2026/10/04 18:39:56 - mmengine - INFO - Exp name: rtmpose-m_lumbar-coco2000_bbox-localpck_20261004_182728
2026/10/04 18:40:00 - mmengine - INFO - Epoch(train)  [94][10/25]  base_lr: 5.000000e-04 lr: 5.000000e-04  eta: 0:15:02  time: 0.304034  data_time: 0.107564  memory: 5901  grad_norm: 0.296255  loss: 0.082818  loss_kpt: 0.082818  acc_pose: 1.000000
2026/10/04 18:40:02 - mmengine - INFO - Epoch(train)  [94][20/25]  base_lr: 5.000000e-04 lr: 5.000000e-04  eta: 0:14:57  time: 0.305513  data_time: 0.108847  memory: 5901  grad_norm: 0.294870  loss: 0.082923  loss_kpt: 0.082923  acc_pose: 1.000000
2026/10/04 18:40:04 - mmengine - INFO - Exp name: rtmpose-m_lumbar-coco2000_bbox-localpck_20261004_182728
2026/10/04 18:40:08 - mmengine - INFO - Epoch(train)  [95][10/25]  base_lr: 5.000000e-04 lr: 5.000000e-04  eta: 0:14:54  time: 0.305608  data_time: 0.105029  memory: 5901  grad_norm: 0.290444  loss: 0.082008  loss_kpt: 0.082008  acc_pose: 1.000000
2026/10/04 18:40:10 - mmengine - INFO - Epoch(train)  [95][20/25]  base_lr: 5.000000e-04 lr: 5.000000e-04  eta: 0:14:50  time: 0.307985  data_time: 0.107263  memory: 5901  grad_norm: 0.276743  loss: 0.081409  loss_kpt: 0.081409  acc_pose: 1.000000
2026/10/04 18:40:11 - mmengine - INFO - Exp name: rtmpose-m_lumbar-coco2000_bbox-localpck_20261004_182728
2026/10/04 18:40:15 - mmengine - INFO - Epoch(train)  [96][10/25]  base_lr: 5.000000e-04 lr: 5.000000e-04  eta: 0:14:46  time: 0.305596  data_time: 0.104039  memory: 5901  grad_norm: 0.278317  loss: 0.081069  loss_kpt: 0.081069  acc_pose: 1.000000
2026/10/04 18:40:18 - mmengine - INFO - Epoch(train)  [96][20/25]  base_lr: 5.000000e-04 lr: 5.000000e-04  eta: 0:14:42  time: 0.309881  data_time: 0.108401  memory: 5901  grad_norm: 0.281969  loss: 0.080748  loss_kpt: 0.080748  acc_pose: 0.999290
2026/10/04 18:40:19 - mmengine - INFO - Exp name: rtmpose-m_lumbar-coco2000_bbox-localpck_20261004_182728
2026/10/04 18:40:23 - mmengine - INFO - Epoch(train)  [97][10/25]  base_lr: 5.000000e-04 lr: 5.000000e-04  eta: 0:14:38  time: 0.304582  data_time: 0.106753  memory: 5901  grad_norm: 0.285316  loss: 0.080845  loss_kpt: 0.080845  acc_pose: 0.999290
2026/10/04 18:40:25 - mmengine - INFO - Epoch(train)  [97][20/25]  base_lr: 5.000000e-04 lr: 5.000000e-04  eta: 0:14:34  time: 0.303591  data_time: 0.105959  memory: 5901  grad_norm: 0.297928  loss: 0.080846  loss_kpt: 0.080846  acc_pose: 1.000000
2026/10/04 18:40:27 - mmengine - INFO - Exp name: rtmpose-m_lumbar-coco2000_bbox-localpck_20261004_182728
2026/10/04 18:40:31 - mmengine - INFO - Epoch(train)  [98][10/25]  base_lr: 5.000000e-04 lr: 5.000000e-04  eta: 0:14:30  time: 0.306149  data_time: 0.109126  memory: 5901  grad_norm: 0.297426  loss: 0.081102  loss_kpt: 0.081102  acc_pose: 1.000000
2026/10/04 18:40:33 - mmengine - INFO - Epoch(train)  [98][20/25]  base_lr: 5.000000e-04 lr: 5.000000e-04  eta: 0:14:27  time: 0.308246  data_time: 0.110942  memory: 5901  grad_norm: 0.304973  loss: 0.081262  loss_kpt: 0.081262  acc_pose: 1.000000
2026/10/04 18:40:34 - mmengine - INFO - Exp name: rtmpose-m_lumbar-coco2000_bbox-localpck_20261004_182728
2026/10/04 18:40:39 - mmengine - INFO - Epoch(train)  [99][10/25]  base_lr: 5.000000e-04 lr: 5.000000e-04  eta: 0:14:23  time: 0.312437  data_time: 0.114870  memory: 5901  grad_norm: 0.306182  loss: 0.080803  loss_kpt: 0.080803  acc_pose: 1.000000
2026/10/04 18:40:41 - mmengine - INFO - Epoch(train)  [99][20/25]  base_lr: 5.000000e-04 lr: 5.000000e-04  eta: 0:14:19  time: 0.308259  data_time: 0.110621  memory: 5901  grad_norm: 0.301465  loss: 0.080395  loss_kpt: 0.080395  acc_pose: 1.000000
2026/10/04 18:40:42 - mmengine - INFO - Exp name: rtmpose-m_lumbar-coco2000_bbox-localpck_20261004_182728
2026/10/04 18:40:46 - mmengine - INFO - Epoch(train) [100][10/25]  base_lr: 5.000000e-04 lr: 5.000000e-04  eta: 0:14:15  time: 0.308033  data_time: 0.108540  memory: 5901  grad_norm: 0.298392  loss: 0.079548  loss_kpt: 0.079548  acc_pose: 1.000000
2026/10/04 18:40:47 - mmengine - INFO - Saved augmentation comparison: /home/PavYtr/Projects/cv/work_dirs/rtmpose-m-lumbar-coco2000-randombbox-localpck/augmentation_comparisons/iter_0002487_sample_0886.jpg
2026/10/04 18:40:48 - mmengine - INFO - Epoch(train) [100][20/25]  base_lr: 5.000000e-04 lr: 5.000000e-04  eta: 0:14:11  time: 0.302477  data_time: 0.102721  memory: 5901  grad_norm: 0.292005  loss: 0.078844  loss_kpt: 0.078844  acc_pose: 1.000000
2026/10/04 18:40:50 - mmengine - INFO - Exp name: rtmpose-m_lumbar-coco2000_bbox-localpck_20261004_182728
2026/10/04 18:40:50 - mmengine - INFO - Saving checkpoint at 100 epochs
2026/10/04 18:40:51 - mmengine - INFO - Epoch(val) [100][10/13]    eta: 0:00:00  time: 0.072073  data_time: 0.050342  memory: 5901  
2026/10/04 18:40:51 - mmengine - INFO - Epoch(val) [100][13/13]    LocalPCK/segment@0.1/PCK: 0.964545  data_time: 0.046191  time: 0.067289
2026/10/04 18:40:55 - mmengine - INFO - Epoch(train) [101][10/25]  base_lr: 5.000000e-04 lr: 5.000000e-04  eta: 0:14:07  time: 0.301578  data_time: 0.101217  memory: 5901  grad_norm: 0.300797  loss: 0.079158  loss_kpt: 0.079158  acc_pose: 0.999290
2026/10/04 18:40:58 - mmengine - INFO - Epoch(train) [101][20/25]  base_lr: 5.000000e-04 lr: 5.000000e-04  eta: 0:14:03  time: 0.306699  data_time: 0.106225  memory: 5901  grad_norm: 0.302785  loss: 0.079123  loss_kpt: 0.079123  acc_pose: 1.000000
2026/10/04 18:40:59 - mmengine - INFO - Exp name: rtmpose-m_lumbar-coco2000_bbox-localpck_20261004_182728
2026/10/04 18:41:03 - mmengine - INFO - Epoch(train) [102][10/25]  base_lr: 5.000000e-04 lr: 5.000000e-04  eta: 0:13:59  time: 0.311400  data_time: 0.113056  memory: 5901  grad_norm: 0.303697  loss: 0.078637  loss_kpt: 0.078637  acc_pose: 1.000000
2026/10/04 18:41:05 - mmengine - INFO - Epoch(train) [102][20/25]  base_lr: 5.000000e-04 lr: 5.000000e-04  eta: 0:13:55  time: 0.309466  data_time: 0.111694  memory: 5901  grad_norm: 0.301316  loss: 0.078341  loss_kpt: 0.078341  acc_pose: 0.999290
2026/10/04 18:41:07 - mmengine - INFO - Exp name: rtmpose-m_lumbar-coco2000_bbox-localpck_20261004_182728
2026/10/04 18:41:11 - mmengine - INFO - Epoch(train) [103][10/25]  base_lr: 5.000000e-04 lr: 5.000000e-04  eta: 0:13:52  time: 0.311466  data_time: 0.113982  memory: 5901  grad_norm: 0.284766  loss: 0.077594  loss_kpt: 0.077594  acc_pose: 0.999290
2026/10/04 18:41:13 - mmengine - INFO - Epoch(train) [103][20/25]  base_lr: 5.000000e-04 lr: 5.000000e-04  eta: 0:13:47  time: 0.307173  data_time: 0.109812  memory: 5901  grad_norm: 0.287305  loss: 0.077425  loss_kpt: 0.077425  acc_pose: 1.000000
2026/10/04 18:41:14 - mmengine - INFO - Exp name: rtmpose-m_lumbar-coco2000_bbox-localpck_20261004_182728
2026/10/04 18:41:19 - mmengine - INFO - Epoch(train) [104][10/25]  base_lr: 5.000000e-04 lr: 5.000000e-04  eta: 0:13:44  time: 0.307060  data_time: 0.109244  memory: 5901  grad_norm: 0.286288  loss: 0.079128  loss_kpt: 0.079128  acc_pose: 0.999290
2026/10/04 18:41:21 - mmengine - INFO - Epoch(train) [104][20/25]  base_lr: 5.000000e-04 lr: 5.000000e-04  eta: 0:13:40  time: 0.306294  data_time: 0.108334  memory: 5901  grad_norm: 0.288766  loss: 0.080407  loss_kpt: 0.080407  acc_pose: 0.999290
2026/10/04 18:41:22 - mmengine - INFO - Exp name: rtmpose-m_lumbar-coco2000_bbox-localpck_20261004_182728
2026/10/04 18:41:26 - mmengine - INFO - Epoch(train) [105][10/25]  base_lr: 5.000000e-04 lr: 5.000000e-04  eta: 0:13:36  time: 0.305259  data_time: 0.107251  memory: 5901  grad_norm: 0.290918  loss: 0.080925  loss_kpt: 0.080925  acc_pose: 1.000000
2026/10/04 18:41:29 - mmengine - INFO - Epoch(train) [105][20/25]  base_lr: 5.000000e-04 lr: 5.000000e-04  eta: 0:13:32  time: 0.308317  data_time: 0.110338  memory: 5901  grad_norm: 0.281446  loss: 0.081116  loss_kpt: 0.081116  acc_pose: 1.000000
2026/10/04 18:41:30 - mmengine - INFO - Exp name: rtmpose-m_lumbar-coco2000_bbox-localpck_20261004_182728
2026/10/04 18:41:34 - mmengine - INFO - Epoch(train) [106][10/25]  base_lr: 4.999862e-04 lr: 4.999862e-04  eta: 0:13:28  time: 0.301731  data_time: 0.103546  memory: 5901  grad_norm: 0.336344  loss: 0.082337  loss_kpt: 0.082337  acc_pose: 0.999290
2026/10/04 18:41:36 - mmengine - INFO - Epoch(train) [106][20/25]  base_lr: 4.999386e-04 lr: 4.999386e-04  eta: 0:13:24  time: 0.307685  data_time: 0.109078  memory: 5901  grad_norm: 0.342581  loss: 0.085817  loss_kpt: 0.085817  acc_pose: 0.998580
2026/10/04 18:41:37 - mmengine - INFO - Exp name: rtmpose-m_lumbar-coco2000_bbox-localpck_20261004_182728
2026/10/04 18:41:42 - mmengine - INFO - Epoch(train) [107][10/25]  base_lr: 4.998034e-04 lr: 4.998034e-04  eta: 0:13:20  time: 0.306045  data_time: 0.107046  memory: 5901  grad_norm: 0.339980  loss: 0.089630  loss_kpt: 0.089630  acc_pose: 0.999290
2026/10/04 18:41:44 - mmengine - INFO - Epoch(train) [107][20/25]  base_lr: 4.996708e-04 lr: 4.996708e-04  eta: 0:13:17  time: 0.308497  data_time: 0.108059  memory: 5901  grad_norm: 0.340079  loss: 0.091129  loss_kpt: 0.091129  acc_pose: 1.000000
2026/10/04 18:41:45 - mmengine - INFO - Exp name: rtmpose-m_lumbar-coco2000_bbox-localpck_20261004_182728
2026/10/04 18:41:49 - mmengine - INFO - Epoch(train) [108][10/25]  base_lr: 4.994082e-04 lr: 4.994082e-04  eta: 0:13:12  time: 0.307907  data_time: 0.107533  memory: 5901  grad_norm: 0.290045  loss: 0.090472  loss_kpt: 0.090472  acc_pose: 0.999290
2026/10/04 18:41:52 - mmengine - INFO - Epoch(train) [108][20/25]  base_lr: 4.991907e-04 lr: 4.991907e-04  eta: 0:13:09  time: 0.309307  data_time: 0.109117  memory: 5901  grad_norm: 0.284269  loss: 0.087891  loss_kpt: 0.087891  acc_pose: 0.983665
2026/10/04 18:41:53 - mmengine - INFO - Exp name: rtmpose-m_lumbar-coco2000_bbox-localpck_20261004_182728
2026/10/04 18:41:57 - mmengine - INFO - Epoch(train) [109][10/25]  base_lr: 4.988009e-04 lr: 4.988009e-04  eta: 0:13:05  time: 0.312750  data_time: 0.112663  memory: 5901  grad_norm: 0.276969  loss: 0.084786  loss_kpt: 0.084786  acc_pose: 1.000000
2026/10/04 18:41:59 - mmengine - INFO - Epoch(train) [109][20/25]  base_lr: 4.984987e-04 lr: 4.984987e-04  eta: 0:13:01  time: 0.308117  data_time: 0.109350  memory: 5901  grad_norm: 0.271290  loss: 0.083626  loss_kpt: 0.083626  acc_pose: 1.000000
2026/10/04 18:42:01 - mmengine - INFO - Exp name: rtmpose-m_lumbar-coco2000_bbox-localpck_20261004_182728
2026/10/04 18:42:05 - mmengine - INFO - Epoch(train) [110][10/25]  base_lr: 4.979820e-04 lr: 4.979820e-04  eta: 0:12:57  time: 0.308564  data_time: 0.109602  memory: 5901  grad_norm: 0.324819  loss: 0.083700  loss_kpt: 0.083700  acc_pose: 0.977273
2026/10/04 18:42:07 - mmengine - INFO - Epoch(train) [110][20/25]  base_lr: 4.975954e-04 lr: 4.975954e-04  eta: 0:12:53  time: 0.308801  data_time: 0.110277  memory: 5901  grad_norm: 0.378494  loss: 0.085498  loss_kpt: 0.085498  acc_pose: 1.000000
2026/10/04 18:42:08 - mmengine - INFO - Exp name: rtmpose-m_lumbar-coco2000_bbox-localpck_20261004_182728
2026/10/04 18:42:08 - mmengine - INFO - Saving checkpoint at 110 epochs
2026/10/04 18:42:10 - mmengine - INFO - Epoch(val) [110][10/13]    eta: 0:00:00  time: 0.072324  data_time: 0.050586  memory: 5901  
2026/10/04 18:42:10 - mmengine - INFO - Epoch(val) [110][13/13]    LocalPCK/segment@0.1/PCK: 0.964091  data_time: 0.047157  time: 0.068041
2026/10/04 18:42:14 - mmengine - INFO - Epoch(train) [111][10/25]  base_lr: 4.969524e-04 lr: 4.969524e-04  eta: 0:12:50  time: 0.310566  data_time: 0.113386  memory: 5901  grad_norm: 0.396070  loss: 0.087752  loss_kpt: 0.087752  acc_pose: 1.000000
2026/10/04 18:42:15 - mmengine - INFO - Saved augmentation comparison: /home/PavYtr/Projects/cv/work_dirs/rtmpose-m-lumbar-coco2000-randombbox-localpck/augmentation_comparisons/iter_0002763_sample_1162.jpg
2026/10/04 18:42:16 - mmengine - INFO - Epoch(train) [111][20/25]  base_lr: 4.964818e-04 lr: 4.964818e-04  eta: 0:12:46  time: 0.309698  data_time: 0.112617  memory: 5901  grad_norm: 0.396584  loss: 0.088545  loss_kpt: 0.088545  acc_pose: 1.000000
2026/10/04 18:42:18 - mmengine - INFO - Exp name: rtmpose-m_lumbar-coco2000_bbox-localpck_20261004_182728
2026/10/04 18:42:22 - mmengine - INFO - Epoch(train) [112][10/25]  base_lr: 4.957130e-04 lr: 4.957130e-04  eta: 0:12:42  time: 0.312412  data_time: 0.115427  memory: 5901  grad_norm: 0.341354  loss: 0.087861  loss_kpt: 0.087861  acc_pose: 0.997869
2026/10/04 18:42:24 - mmengine - INFO - Epoch(train) [112][20/25]  base_lr: 4.951586e-04 lr: 4.951586e-04  eta: 0:12:38  time: 0.305101  data_time: 0.108170  memory: 5901  grad_norm: 0.286030  loss: 0.085073  loss_kpt: 0.085073  acc_pose: 1.000000
2026/10/04 18:42:25 - mmengine - INFO - Exp name: rtmpose-m_lumbar-coco2000_bbox-localpck_20261004_182728
2026/10/04 18:42:29 - mmengine - INFO - Epoch(train) [113][10/25]  base_lr: 4.942647e-04 lr: 4.942647e-04  eta: 0:12:34  time: 0.302498  data_time: 0.103431  memory: 5901  grad_norm: 0.280680  loss: 0.082966  loss_kpt: 0.082966  acc_pose: 1.000000
2026/10/04 18:42:32 - mmengine - INFO - Epoch(train) [113][20/25]  base_lr: 4.936273e-04 lr: 4.936273e-04  eta: 0:12:30  time: 0.303101  data_time: 0.103566  memory: 5901  grad_norm: 0.294956  loss: 0.082693  loss_kpt: 0.082693  acc_pose: 0.999290
2026/10/04 18:42:33 - mmengine - INFO - Exp name: rtmpose-m_lumbar-coco2000_bbox-localpck_20261004_182728
2026/10/04 18:42:37 - mmengine - INFO - Epoch(train) [114][10/25]  base_lr: 4.926090e-04 lr: 4.926090e-04  eta: 0:12:26  time: 0.304928  data_time: 0.105736  memory: 5901  grad_norm: 0.282676  loss: 0.081981  loss_kpt: 0.081981  acc_pose: 1.000000
2026/10/04 18:42:39 - mmengine - INFO - Epoch(train) [114][20/25]  base_lr: 4.918890e-04 lr: 4.918890e-04  eta: 0:12:22  time: 0.306592  data_time: 0.107212  memory: 5901  grad_norm: 0.283334  loss: 0.081715  loss_kpt: 0.081715  acc_pose: 1.000000
2026/10/04 18:42:40 - mmengine - INFO - Exp name: rtmpose-m_lumbar-coco2000_bbox-localpck_20261004_182728
2026/10/04 18:42:45 - mmengine - INFO - Epoch(train) [115][10/25]  base_lr: 4.907473e-04 lr: 4.907473e-04  eta: 0:12:18  time: 0.306617  data_time: 0.109018  memory: 5901  grad_norm: 0.278831  loss: 0.080514  loss_kpt: 0.080514  acc_pose: 1.000000
2026/10/04 18:42:47 - mmengine - INFO - Epoch(train) [115][20/25]  base_lr: 4.899454e-04 lr: 4.899454e-04  eta: 0:12:14  time: 0.304880  data_time: 0.107508  memory: 5901  grad_norm: 0.282124  loss: 0.079522  loss_kpt: 0.079522  acc_pose: 1.000000
2026/10/04 18:42:48 - mmengine - INFO - Exp name: rtmpose-m_lumbar-coco2000_bbox-localpck_20261004_182728
2026/10/04 18:42:52 - mmengine - INFO - Epoch(train) [116][10/25]  base_lr: 4.886814e-04 lr: 4.886814e-04  eta: 0:12:10  time: 0.307256  data_time: 0.110598  memory: 5901  grad_norm: 0.322215  loss: 0.081063  loss_kpt: 0.081063  acc_pose: 0.994318
2026/10/04 18:42:55 - mmengine - INFO - Epoch(train) [116][20/25]  base_lr: 4.877982e-04 lr: 4.877982e-04  eta: 0:12:07  time: 0.309768  data_time: 0.112752  memory: 5901  grad_norm: 0.316152  loss: 0.081922  loss_kpt: 0.081922  acc_pose: 0.999290
2026/10/04 18:42:56 - mmengine - INFO - Exp name: rtmpose-m_lumbar-coco2000_bbox-localpck_20261004_182728
2026/10/04 18:43:00 - mmengine - INFO - Epoch(train) [117][10/25]  base_lr: 4.864129e-04 lr: 4.864129e-04  eta: 0:12:03  time: 0.308647  data_time: 0.111416  memory: 5901  grad_norm: 0.309606  loss: 0.082630  loss_kpt: 0.082630  acc_pose: 1.000000
2026/10/04 18:43:02 - mmengine - INFO - Epoch(train) [117][20/25]  base_lr: 4.854493e-04 lr: 4.854493e-04  eta: 0:11:59  time: 0.308354  data_time: 0.111374  memory: 5901  grad_norm: 0.292842  loss: 0.082735  loss_kpt: 0.082735  acc_pose: 1.000000
2026/10/04 18:43:04 - mmengine - INFO - Exp name: rtmpose-m_lumbar-coco2000_bbox-localpck_20261004_182728
2026/10/04 18:43:08 - mmengine - INFO - Epoch(train) [118][10/25]  base_lr: 4.839440e-04 lr: 4.839440e-04  eta: 0:11:55  time: 0.317469  data_time: 0.120359  memory: 5901  grad_norm: 0.253873  loss: 0.079708  loss_kpt: 0.079708  acc_pose: 1.000000
2026/10/04 18:43:11 - mmengine - INFO - Epoch(train) [118][20/25]  base_lr: 4.829008e-04 lr: 4.829008e-04  eta: 0:11:52  time: 0.318395  data_time: 0.121493  memory: 5901  grad_norm: 0.256655  loss: 0.078113  loss_kpt: 0.078113  acc_pose: 1.000000
2026/10/04 18:43:12 - mmengine - INFO - Exp name: rtmpose-m_lumbar-coco2000_bbox-localpck_20261004_182728
2026/10/04 18:43:16 - mmengine - INFO - Epoch(train) [119][10/25]  base_lr: 4.812769e-04 lr: 4.812769e-04  eta: 0:11:47  time: 0.313605  data_time: 0.116817  memory: 5901  grad_norm: 0.261772  loss: 0.076174  loss_kpt: 0.076174  acc_pose: 1.000000
2026/10/04 18:43:18 - mmengine - INFO - Epoch(train) [119][20/25]  base_lr: 4.801551e-04 lr: 4.801551e-04  eta: 0:11:44  time: 0.319089  data_time: 0.122290  memory: 5901  grad_norm: 0.259326  loss: 0.074937  loss_kpt: 0.074937  acc_pose: 1.000000
2026/10/04 18:43:20 - mmengine - INFO - Exp name: rtmpose-m_lumbar-coco2000_bbox-localpck_20261004_182728
2026/10/04 18:43:24 - mmengine - INFO - Epoch(train) [120][10/25]  base_lr: 4.784140e-04 lr: 4.784140e-04  eta: 0:11:40  time: 0.310721  data_time: 0.112431  memory: 5901  grad_norm: 0.255182  loss: 0.073580  loss_kpt: 0.073580  acc_pose: 1.000000
2026/10/04 18:43:26 - mmengine - INFO - Epoch(train) [120][20/25]  base_lr: 4.772145e-04 lr: 4.772145e-04  eta: 0:11:36  time: 0.304798  data_time: 0.106911  memory: 5901  grad_norm: 0.252220  loss: 0.072784  loss_kpt: 0.072784  acc_pose: 1.000000
2026/10/04 18:43:27 - mmengine - INFO - Exp name: rtmpose-m_lumbar-coco2000_bbox-localpck_20261004_182728
2026/10/04 18:43:27 - mmengine - INFO - Saving checkpoint at 120 epochs
2026/10/04 18:43:29 - mmengine - INFO - Epoch(val) [120][10/13]    eta: 0:00:00  time: 0.072575  data_time: 0.050738  memory: 5901  
2026/10/04 18:43:29 - mmengine - INFO - Epoch(val) [120][13/13]    LocalPCK/segment@0.1/PCK: 0.965682  data_time: 0.047294  time: 0.068783
2026/10/04 18:43:33 - mmengine - INFO - Epoch(train) [121][10/25]  base_lr: 4.753578e-04 lr: 4.753578e-04  eta: 0:11:32  time: 0.311513  data_time: 0.114265  memory: 5901  grad_norm: 0.253974  loss: 0.072487  loss_kpt: 0.072487  acc_pose: 0.999290
2026/10/04 18:43:35 - mmengine - INFO - Epoch(train) [121][20/25]  base_lr: 4.740818e-04 lr: 4.740818e-04  eta: 0:11:28  time: 0.306541  data_time: 0.109462  memory: 5901  grad_norm: 0.258088  loss: 0.072057  loss_kpt: 0.072057  acc_pose: 0.999290
2026/10/04 18:43:36 - mmengine - INFO - Exp name: rtmpose-m_lumbar-coco2000_bbox-localpck_20261004_182728
2026/10/04 18:43:41 - mmengine - INFO - Epoch(train) [122][10/25]  base_lr: 4.721110e-04 lr: 4.721110e-04  eta: 0:11:24  time: 0.305026  data_time: 0.109675  memory: 5901  grad_norm: 0.259142  loss: 0.071952  loss_kpt: 0.071952  acc_pose: 1.000000
2026/10/04 18:43:42 - mmengine - INFO - Saved augmentation comparison: /home/PavYtr/Projects/cv/work_dirs/rtmpose-m-lumbar-coco2000-randombbox-localpck/augmentation_comparisons/iter_0003039_sample_1438.jpg
2026/10/04 18:43:43 - mmengine - INFO - Epoch(train) [122][20/25]  base_lr: 4.707596e-04 lr: 4.707596e-04  eta: 0:11:21  time: 0.309653  data_time: 0.113641  memory: 5901  grad_norm: 0.254799  loss: 0.071133  loss_kpt: 0.071133  acc_pose: 0.999290
2026/10/04 18:43:44 - mmengine - INFO - Exp name: rtmpose-m_lumbar-coco2000_bbox-localpck_20261004_182728
2026/10/04 18:43:48 - mmengine - INFO - Epoch(train) [123][10/25]  base_lr: 4.686766e-04 lr: 4.686766e-04  eta: 0:11:17  time: 0.307362  data_time: 0.110575  memory: 5901  grad_norm: 0.244502  loss: 0.069790  loss_kpt: 0.069790  acc_pose: 1.000000
2026/10/04 18:43:51 - mmengine - INFO - Epoch(train) [123][20/25]  base_lr: 4.672510e-04 lr: 4.672510e-04  eta: 0:11:13  time: 0.311867  data_time: 0.113327  memory: 5901  grad_norm: 0.237686  loss: 0.069451  loss_kpt: 0.069451  acc_pose: 1.000000
2026/10/04 18:43:52 - mmengine - INFO - Exp name: rtmpose-m_lumbar-coco2000_bbox-localpck_20261004_182728
2026/10/04 18:43:56 - mmengine - INFO - Epoch(train) [124][10/25]  base_lr: 4.650577e-04 lr: 4.650577e-04  eta: 0:11:09  time: 0.309039  data_time: 0.109507  memory: 5901  grad_norm: 0.233963  loss: 0.069006  loss_kpt: 0.069006  acc_pose: 1.000000
2026/10/04 18:43:58 - mmengine - INFO - Epoch(train) [124][20/25]  base_lr: 4.635592e-04 lr: 4.635592e-04  eta: 0:11:05  time: 0.309301  data_time: 0.110159  memory: 5901  grad_norm: 0.241736  loss: 0.068993  loss_kpt: 0.068993  acc_pose: 1.000000
2026/10/04 18:43:59 - mmengine - INFO - Exp name: rtmpose-m_lumbar-coco2000_bbox-localpck_20261004_182728
2026/10/04 18:44:04 - mmengine - INFO - Epoch(train) [125][10/25]  base_lr: 4.612575e-04 lr: 4.612575e-04  eta: 0:11:01  time: 0.309758  data_time: 0.110750  memory: 5901  grad_norm: 0.253788  loss: 0.069697  loss_kpt: 0.069697  acc_pose: 1.000000
2026/10/04 18:44:06 - mmengine - INFO - Epoch(train) [125][20/25]  base_lr: 4.596873e-04 lr: 4.596873e-04  eta: 0:10:57  time: 0.307681  data_time: 0.110453  memory: 5901  grad_norm: 0.264159  loss: 0.070221  loss_kpt: 0.070221  acc_pose: 0.998580
2026/10/04 18:44:07 - mmengine - INFO - Exp name: rtmpose-m_lumbar-coco2000_bbox-localpck_20261004_182728
2026/10/04 18:44:12 - mmengine - INFO - Epoch(train) [126][10/25]  base_lr: 4.572793e-04 lr: 4.572793e-04  eta: 0:10:53  time: 0.311760  data_time: 0.114588  memory: 5901  grad_norm: 0.264858  loss: 0.069797  loss_kpt: 0.069797  acc_pose: 1.000000
2026/10/04 18:44:14 - mmengine - INFO - Epoch(train) [126][20/25]  base_lr: 4.556390e-04 lr: 4.556390e-04  eta: 0:10:50  time: 0.307652  data_time: 0.110688  memory: 5901  grad_norm: 0.255292  loss: 0.069643  loss_kpt: 0.069643  acc_pose: 1.000000
2026/10/04 18:44:15 - mmengine - INFO - Exp name: rtmpose-m_lumbar-coco2000_bbox-localpck_20261004_182728
2026/10/04 18:44:19 - mmengine - INFO - Epoch(train) [127][10/25]  base_lr: 4.531268e-04 lr: 4.531268e-04  eta: 0:10:46  time: 0.312099  data_time: 0.114905  memory: 5901  grad_norm: 0.257842  loss: 0.068740  loss_kpt: 0.068740  acc_pose: 1.000000
2026/10/04 18:44:22 - mmengine - INFO - Epoch(train) [127][20/25]  base_lr: 4.514178e-04 lr: 4.514178e-04  eta: 0:10:42  time: 0.309632  data_time: 0.112048  memory: 5901  grad_norm: 0.253504  loss: 0.068051  loss_kpt: 0.068051  acc_pose: 1.000000
2026/10/04 18:44:23 - mmengine - INFO - Exp name: rtmpose-m_lumbar-coco2000_bbox-localpck_20261004_182728
2026/10/04 18:44:27 - mmengine - INFO - Epoch(train) [128][10/25]  base_lr: 4.488036e-04 lr: 4.488036e-04  eta: 0:10:38  time: 0.305923  data_time: 0.108641  memory: 5901  grad_norm: 0.256635  loss: 0.067577  loss_kpt: 0.067577  acc_pose: 1.000000
2026/10/04 18:44:29 - mmengine - INFO - Epoch(train) [128][20/25]  base_lr: 4.470274e-04 lr: 4.470274e-04  eta: 0:10:34  time: 0.308472  data_time: 0.110888  memory: 5901  grad_norm: 0.261873  loss: 0.067012  loss_kpt: 0.067012  acc_pose: 0.990767
2026/10/04 18:44:30 - mmengine - INFO - Exp name: rtmpose-m_lumbar-coco2000_bbox-localpck_20261004_182728
2026/10/04 18:44:35 - mmengine - INFO - Epoch(train) [129][10/25]  base_lr: 4.443137e-04 lr: 4.443137e-04  eta: 0:10:30  time: 0.304809  data_time: 0.106017  memory: 5901  grad_norm: 0.276951  loss: 0.068248  loss_kpt: 0.068248  acc_pose: 0.999290
2026/10/04 18:44:37 - mmengine - INFO - Epoch(train) [129][20/25]  base_lr: 4.424719e-04 lr: 4.424719e-04  eta: 0:10:26  time: 0.304584  data_time: 0.106143  memory: 5901  grad_norm: 0.278486  loss: 0.068935  loss_kpt: 0.068935  acc_pose: 1.000000
2026/10/04 18:44:38 - mmengine - INFO - Exp name: rtmpose-m_lumbar-coco2000_bbox-localpck_20261004_182728
2026/10/04 18:44:42 - mmengine - INFO - Epoch(train) [130][10/25]  base_lr: 4.396610e-04 lr: 4.396610e-04  eta: 0:10:22  time: 0.302263  data_time: 0.102668  memory: 5901  grad_norm: 0.271993  loss: 0.069426  loss_kpt: 0.069426  acc_pose: 1.000000
2026/10/04 18:44:45 - mmengine - INFO - Epoch(train) [130][20/25]  base_lr: 4.377553e-04 lr: 4.377553e-04  eta: 0:10:19  time: 0.307769  data_time: 0.107994  memory: 5901  grad_norm: 0.272880  loss: 0.070066  loss_kpt: 0.070066  acc_pose: 0.998580
2026/10/04 18:44:46 - mmengine - INFO - Exp name: rtmpose-m_lumbar-coco2000_bbox-localpck_20261004_182728
2026/10/04 18:44:46 - mmengine - INFO - Saving checkpoint at 130 epochs
2026/10/04 18:44:47 - mmengine - INFO - Epoch(val) [130][10/13]    eta: 0:00:00  time: 0.072541  data_time: 0.050724  memory: 5901  
2026/10/04 18:44:47 - mmengine - INFO - Epoch(val) [130][13/13]    LocalPCK/segment@0.1/PCK: 0.967727  data_time: 0.046381  time: 0.067493
2026/10/04 18:44:47 - mmengine - INFO - The previous best checkpoint /home/PavYtr/Projects/cv/work_dirs/rtmpose-m-lumbar-coco2000-randombbox-localpck/best_LocalPCK_segment@0.1_PCK_epoch_90.pth is removed
2026/10/04 18:44:48 - mmengine - INFO - The best checkpoint with 0.9677 LocalPCK/segment@0.1/PCK at 130 epoch is saved to best_LocalPCK_segment@0.1_PCK_epoch_130.pth.
2026/10/04 18:44:53 - mmengine - INFO - Epoch(train) [131][10/25]  base_lr: 4.348498e-04 lr: 4.348498e-04  eta: 0:10:15  time: 0.312723  data_time: 0.114322  memory: 5901  grad_norm: 0.246489  loss: 0.068681  loss_kpt: 0.068681  acc_pose: 1.000000
2026/10/04 18:44:56 - mmengine - INFO - Epoch(train) [131][20/25]  base_lr: 4.328818e-04 lr: 4.328818e-04  eta: 0:10:11  time: 0.312974  data_time: 0.114511  memory: 5901  grad_norm: 0.242305  loss: 0.067197  loss_kpt: 0.067197  acc_pose: 1.000000
2026/10/04 18:44:57 - mmengine - INFO - Exp name: rtmpose-m_lumbar-coco2000_bbox-localpck_20261004_182728
2026/10/04 18:45:01 - mmengine - INFO - Epoch(train) [132][10/25]  base_lr: 4.298842e-04 lr: 4.298842e-04  eta: 0:10:07  time: 0.315448  data_time: 0.117503  memory: 5901  grad_norm: 0.246944  loss: 0.066494  loss_kpt: 0.066494  acc_pose: 0.999290
2026/10/04 18:45:03 - mmengine - INFO - Epoch(train) [132][20/25]  base_lr: 4.278558e-04 lr: 4.278558e-04  eta: 0:10:03  time: 0.307840  data_time: 0.109964  memory: 5901  grad_norm: 0.258083  loss: 0.065960  loss_kpt: 0.065960  acc_pose: 1.000000
2026/10/04 18:45:04 - mmengine - INFO - Exp name: rtmpose-m_lumbar-coco2000_bbox-localpck_20261004_182728
2026/10/04 18:45:09 - mmengine - INFO - Epoch(train) [133][10/25]  base_lr: 4.247689e-04 lr: 4.247689e-04  eta: 0:09:59  time: 0.306410  data_time: 0.109194  memory: 5901  grad_norm: 0.263992  loss: 0.065402  loss_kpt: 0.065402  acc_pose: 1.000000
2026/10/04 18:45:10 - mmengine - INFO - Saved augmentation comparison: /home/PavYtr/Projects/cv/work_dirs/rtmpose-m-lumbar-coco2000-randombbox-localpck/augmentation_comparisons/iter_0003316_sample_0115.jpg
2026/10/04 18:45:11 - mmengine - INFO - Epoch(train) [133][20/25]  base_lr: 4.226818e-04 lr: 4.226818e-04  eta: 0:09:56  time: 0.308512  data_time: 0.111196  memory: 5901  grad_norm: 0.277232  loss: 0.065963  loss_kpt: 0.065963  acc_pose: 1.000000
2026/10/04 18:45:12 - mmengine - INFO - Exp name: rtmpose-m_lumbar-coco2000_bbox-localpck_20261004_182728
2026/10/04 18:45:16 - mmengine - INFO - Epoch(train) [134][10/25]  base_lr: 4.195083e-04 lr: 4.195083e-04  eta: 0:09:51  time: 0.307468  data_time: 0.111098  memory: 5901  grad_norm: 0.312751  loss: 0.066850  loss_kpt: 0.066850  acc_pose: 1.000000
2026/10/04 18:45:19 - mmengine - INFO - Epoch(train) [134][20/25]  base_lr: 4.173644e-04 lr: 4.173644e-04  eta: 0:09:48  time: 0.307866  data_time: 0.111819  memory: 5901  grad_norm: 0.314016  loss: 0.067395  loss_kpt: 0.067395  acc_pose: 1.000000
2026/10/04 18:45:20 - mmengine - INFO - Exp name: rtmpose-m_lumbar-coco2000_bbox-localpck_20261004_182728
2026/10/04 18:45:24 - mmengine - INFO - Epoch(train) [135][10/25]  base_lr: 4.141071e-04 lr: 4.141071e-04  eta: 0:09:44  time: 0.305631  data_time: 0.108717  memory: 5901  grad_norm: 0.307726  loss: 0.066900  loss_kpt: 0.066900  acc_pose: 1.000000
2026/10/04 18:45:26 - mmengine - INFO - Epoch(train) [135][20/25]  base_lr: 4.119084e-04 lr: 4.119084e-04  eta: 0:09:40  time: 0.306897  data_time: 0.109796  memory: 5901  grad_norm: 0.288847  loss: 0.065748  loss_kpt: 0.065748  acc_pose: 1.000000
2026/10/04 18:45:27 - mmengine - INFO - Exp name: rtmpose-m_lumbar-coco2000_bbox-localpck_20261004_182728
2026/10/04 18:45:32 - mmengine - INFO - Epoch(train) [136][10/25]  base_lr: 4.085702e-04 lr: 4.085702e-04  eta: 0:09:36  time: 0.302232  data_time: 0.104020  memory: 5901  grad_norm: 0.259939  loss: 0.063889  loss_kpt: 0.063889  acc_pose: 1.000000
2026/10/04 18:45:34 - mmengine - INFO - Epoch(train) [136][20/25]  base_lr: 4.063186e-04 lr: 4.063186e-04  eta: 0:09:32  time: 0.310269  data_time: 0.112090  memory: 5901  grad_norm: 0.245853  loss: 0.062813  loss_kpt: 0.062813  acc_pose: 0.999290
2026/10/04 18:45:35 - mmengine - INFO - Exp name: rtmpose-m_lumbar-coco2000_bbox-localpck_20261004_182728
2026/10/04 18:45:39 - mmengine - INFO - Epoch(train) [137][10/25]  base_lr: 4.029026e-04 lr: 4.029026e-04  eta: 0:09:28  time: 0.305041  data_time: 0.106979  memory: 5901  grad_norm: 0.242699  loss: 0.062211  loss_kpt: 0.062211  acc_pose: 1.000000
2026/10/04 18:45:42 - mmengine - INFO - Epoch(train) [137][20/25]  base_lr: 4.006001e-04 lr: 4.006001e-04  eta: 0:09:25  time: 0.304448  data_time: 0.106785  memory: 5901  grad_norm: 0.246640  loss: 0.062168  loss_kpt: 0.062168  acc_pose: 1.000000
2026/10/04 18:45:43 - mmengine - INFO - Exp name: rtmpose-m_lumbar-coco2000_bbox-localpck_20261004_182728
2026/10/04 18:45:47 - mmengine - INFO - Epoch(train) [138][10/25]  base_lr: 3.971093e-04 lr: 3.971093e-04  eta: 0:09:21  time: 0.316253  data_time: 0.119451  memory: 5901  grad_norm: 0.242436  loss: 0.061874  loss_kpt: 0.061874  acc_pose: 1.000000
2026/10/04 18:45:50 - mmengine - INFO - Epoch(train) [138][20/25]  base_lr: 3.947580e-04 lr: 3.947580e-04  eta: 0:09:17  time: 0.309406  data_time: 0.112581  memory: 5901  grad_norm: 0.237486  loss: 0.061492  loss_kpt: 0.061492  acc_pose: 1.000000
2026/10/04 18:45:51 - mmengine - INFO - Exp name: rtmpose-m_lumbar-coco2000_bbox-localpck_20261004_182728
2026/10/04 18:45:55 - mmengine - INFO - Epoch(train) [139][10/25]  base_lr: 3.911955e-04 lr: 3.911955e-04  eta: 0:09:13  time: 0.310824  data_time: 0.114465  memory: 5901  grad_norm: 0.237562  loss: 0.061204  loss_kpt: 0.061204  acc_pose: 1.000000
2026/10/04 18:45:57 - mmengine - INFO - Epoch(train) [139][20/25]  base_lr: 3.887974e-04 lr: 3.887974e-04  eta: 0:09:09  time: 0.308438  data_time: 0.111947  memory: 5901  grad_norm: 0.238121  loss: 0.060944  loss_kpt: 0.060944  acc_pose: 1.000000
2026/10/04 18:45:58 - mmengine - INFO - Exp name: rtmpose-m_lumbar-coco2000_bbox-localpck_20261004_182728
2026/10/04 18:46:02 - mmengine - INFO - Epoch(train) [140][10/25]  base_lr: 3.851665e-04 lr: 3.851665e-04  eta: 0:09:05  time: 0.301230  data_time: 0.104772  memory: 5901  grad_norm: 0.227355  loss: 0.060559  loss_kpt: 0.060559  acc_pose: 1.000000
2026/10/04 18:46:05 - mmengine - INFO - Epoch(train) [140][20/25]  base_lr: 3.827239e-04 lr: 3.827239e-04  eta: 0:09:02  time: 0.305592  data_time: 0.108711  memory: 5901  grad_norm: 0.233729  loss: 0.060305  loss_kpt: 0.060305  acc_pose: 1.000000
2026/10/04 18:46:06 - mmengine - INFO - Exp name: rtmpose-m_lumbar-coco2000_bbox-localpck_20261004_182728
2026/10/04 18:46:06 - mmengine - INFO - Saving checkpoint at 140 epochs
2026/10/04 18:46:07 - mmengine - INFO - Epoch(val) [140][10/13]    eta: 0:00:00  time: 0.072896  data_time: 0.051116  memory: 5901  
2026/10/04 18:46:08 - mmengine - INFO - Epoch(val) [140][13/13]    LocalPCK/segment@0.1/PCK: 0.968409  data_time: 0.047505  time: 0.068447
2026/10/04 18:46:08 - mmengine - INFO - The previous best checkpoint /home/PavYtr/Projects/cv/work_dirs/rtmpose-m-lumbar-coco2000-randombbox-localpck/best_LocalPCK_segment@0.1_PCK_epoch_130.pth is removed
2026/10/04 18:46:08 - mmengine - INFO - The best checkpoint with 0.9684 LocalPCK/segment@0.1/PCK at 140 epoch is saved to best_LocalPCK_segment@0.1_PCK_epoch_140.pth.
2026/10/04 18:46:14 - mmengine - INFO - Epoch(train) [141][10/25]  base_lr: 3.790277e-04 lr: 3.790277e-04  eta: 0:08:57  time: 0.312322  data_time: 0.115363  memory: 5901  grad_norm: 0.243593  loss: 0.062313  loss_kpt: 0.062313  acc_pose: 0.991477
2026/10/04 18:46:16 - mmengine - INFO - Epoch(train) [141][20/25]  base_lr: 3.765427e-04 lr: 3.765427e-04  eta: 0:08:54  time: 0.312116  data_time: 0.114774  memory: 5901  grad_norm: 0.240616  loss: 0.062771  loss_kpt: 0.062771  acc_pose: 0.999290
2026/10/04 18:46:17 - mmengine - INFO - Exp name: rtmpose-m_lumbar-coco2000_bbox-localpck_20261004_182728
2026/10/04 18:46:21 - mmengine - INFO - Epoch(train) [142][10/25]  base_lr: 3.727846e-04 lr: 3.727846e-04  eta: 0:08:50  time: 0.314214  data_time: 0.116478  memory: 5901  grad_norm: 0.251250  loss: 0.063245  loss_kpt: 0.063245  acc_pose: 1.000000
2026/10/04 18:46:23 - mmengine - INFO - Epoch(train) [142][20/25]  base_lr: 3.702594e-04 lr: 3.702594e-04  eta: 0:08:46  time: 0.310423  data_time: 0.112801  memory: 5901  grad_norm: 0.247866  loss: 0.063321  loss_kpt: 0.063321  acc_pose: 0.999290
2026/10/04 18:46:25 - mmengine - INFO - Exp name: rtmpose-m_lumbar-coco2000_bbox-localpck_20261004_182728
2026/10/04 18:46:29 - mmengine - INFO - Epoch(train) [143][10/25]  base_lr: 3.664428e-04 lr: 3.664428e-04  eta: 0:08:42  time: 0.302935  data_time: 0.104461  memory: 5901  grad_norm: 0.238645  loss: 0.061047  loss_kpt: 0.061047  acc_pose: 1.000000
2026/10/04 18:46:31 - mmengine - INFO - Epoch(train) [143][20/25]  base_lr: 3.638797e-04 lr: 3.638797e-04  eta: 0:08:38  time: 0.306938  data_time: 0.108878  memory: 5901  grad_norm: 0.236520  loss: 0.060118  loss_kpt: 0.060118  acc_pose: 1.000000
2026/10/04 18:46:32 - mmengine - INFO - Exp name: rtmpose-m_lumbar-coco2000_bbox-localpck_20261004_182728
2026/10/04 18:46:36 - mmengine - INFO - Epoch(train) [144][10/25]  base_lr: 3.600079e-04 lr: 3.600079e-04  eta: 0:08:34  time: 0.299036  data_time: 0.101026  memory: 5901  grad_norm: 0.225063  loss: 0.059145  loss_kpt: 0.059145  acc_pose: 1.000000
2026/10/04 18:46:38 - mmengine - INFO - Saved augmentation comparison: /home/PavYtr/Projects/cv/work_dirs/rtmpose-m-lumbar-coco2000-randombbox-localpck/augmentation_comparisons/iter_0003592_sample_0391.jpg
2026/10/04 18:46:39 - mmengine - INFO - Epoch(train) [144][20/25]  base_lr: 3.574092e-04 lr: 3.574092e-04  eta: 0:08:31  time: 0.304313  data_time: 0.106136  memory: 5901  grad_norm: 0.222090  loss: 0.058612  loss_kpt: 0.058612  acc_pose: 1.000000
2026/10/04 18:46:40 - mmengine - INFO - Exp name: rtmpose-m_lumbar-coco2000_bbox-localpck_20261004_182728
2026/10/04 18:46:44 - mmengine - INFO - Epoch(train) [145][10/25]  base_lr: 3.534858e-04 lr: 3.534858e-04  eta: 0:08:26  time: 0.307007  data_time: 0.109762  memory: 5901  grad_norm: 0.211156  loss: 0.057570  loss_kpt: 0.057570  acc_pose: 1.000000
2026/10/04 18:46:46 - mmengine - INFO - Epoch(train) [145][20/25]  base_lr: 3.508538e-04 lr: 3.508538e-04  eta: 0:08:23  time: 0.302945  data_time: 0.105656  memory: 5901  grad_norm: 0.211001  loss: 0.057584  loss_kpt: 0.057584  acc_pose: 1.000000
2026/10/04 18:46:47 - mmengine - INFO - Exp name: rtmpose-m_lumbar-coco2000_bbox-localpck_20261004_182728
2026/10/04 18:46:52 - mmengine - INFO - Epoch(train) [146][10/25]  base_lr: 3.468822e-04 lr: 3.468822e-04  eta: 0:08:19  time: 0.311771  data_time: 0.114921  memory: 5901  grad_norm: 0.219653  loss: 0.057172  loss_kpt: 0.057172  acc_pose: 1.000000
2026/10/04 18:46:54 - mmengine - INFO - Epoch(train) [146][20/25]  base_lr: 3.442193e-04 lr: 3.442193e-04  eta: 0:08:15  time: 0.307822  data_time: 0.110841  memory: 5901  grad_norm: 0.221836  loss: 0.057049  loss_kpt: 0.057049  acc_pose: 1.000000
2026/10/04 18:46:55 - mmengine - INFO - Exp name: rtmpose-m_lumbar-coco2000_bbox-localpck_20261004_182728
2026/10/04 18:46:59 - mmengine - INFO - Epoch(train) [147][10/25]  base_lr: 3.402031e-04 lr: 3.402031e-04  eta: 0:08:11  time: 0.307483  data_time: 0.109517  memory: 5901  grad_norm: 0.231249  loss: 0.056978  loss_kpt: 0.056978  acc_pose: 1.000000
2026/10/04 18:47:02 - mmengine - INFO - Epoch(train) [147][20/25]  base_lr: 3.375116e-04 lr: 3.375116e-04  eta: 0:08:07  time: 0.307331  data_time: 0.109347  memory: 5901  grad_norm: 0.237926  loss: 0.056395  loss_kpt: 0.056395  acc_pose: 1.000000
2026/10/04 18:47:03 - mmengine - INFO - Exp name: rtmpose-m_lumbar-coco2000_bbox-localpck_20261004_182728
2026/10/04 18:47:07 - mmengine - INFO - Epoch(train) [148][10/25]  base_lr: 3.334544e-04 lr: 3.334544e-04  eta: 0:08:03  time: 0.305914  data_time: 0.105631  memory: 5901  grad_norm: 0.233977  loss: 0.056159  loss_kpt: 0.056159  acc_pose: 1.000000
2026/10/04 18:47:09 - mmengine - INFO - Epoch(train) [148][20/25]  base_lr: 3.307368e-04 lr: 3.307368e-04  eta: 0:08:00  time: 0.306183  data_time: 0.106065  memory: 5901  grad_norm: 0.234196  loss: 0.055774  loss_kpt: 0.055774  acc_pose: 1.000000
2026/10/04 18:47:11 - mmengine - INFO - Exp name: rtmpose-m_lumbar-coco2000_bbox-localpck_20261004_182728
2026/10/04 18:47:15 - mmengine - INFO - Epoch(train) [149][10/25]  base_lr: 3.266422e-04 lr: 3.266422e-04  eta: 0:07:55  time: 0.305169  data_time: 0.105823  memory: 5901  grad_norm: 0.229167  loss: 0.055392  loss_kpt: 0.055392  acc_pose: 1.000000
2026/10/04 18:47:17 - mmengine - INFO - Epoch(train) [149][20/25]  base_lr: 3.239009e-04 lr: 3.239009e-04  eta: 0:07:52  time: 0.309093  data_time: 0.109619  memory: 5901  grad_norm: 0.225375  loss: 0.055378  loss_kpt: 0.055378  acc_pose: 1.000000
2026/10/04 18:47:18 - mmengine - INFO - Exp name: rtmpose-m_lumbar-coco2000_bbox-localpck_20261004_182728
2026/10/04 18:47:22 - mmengine - INFO - Epoch(train) [150][10/25]  base_lr: 3.197726e-04 lr: 3.197726e-04  eta: 0:07:47  time: 0.302511  data_time: 0.104809  memory: 5901  grad_norm: 0.238318  loss: 0.055015  loss_kpt: 0.055015  acc_pose: 1.000000
2026/10/04 18:47:25 - mmengine - INFO - Epoch(train) [150][20/25]  base_lr: 3.170100e-04 lr: 3.170100e-04  eta: 0:07:44  time: 0.304374  data_time: 0.107093  memory: 5901  grad_norm: 0.236587  loss: 0.055038  loss_kpt: 0.055038  acc_pose: 1.000000
2026/10/04 18:47:26 - mmengine - INFO - Exp name: rtmpose-m_lumbar-coco2000_bbox-localpck_20261004_182728
2026/10/04 18:47:26 - mmengine - INFO - Saving checkpoint at 150 epochs
2026/10/04 18:47:27 - mmengine - INFO - Epoch(val) [150][10/13]    eta: 0:00:00  time: 0.073246  data_time: 0.051460  memory: 5901  
2026/10/04 18:47:27 - mmengine - INFO - Epoch(val) [150][13/13]    LocalPCK/segment@0.1/PCK: 0.969545  data_time: 0.048125  time: 0.069156
2026/10/04 18:47:27 - mmengine - INFO - The previous best checkpoint /home/PavYtr/Projects/cv/work_dirs/rtmpose-m-lumbar-coco2000-randombbox-localpck/best_LocalPCK_segment@0.1_PCK_epoch_140.pth is removed
2026/10/04 18:47:28 - mmengine - INFO - The best checkpoint with 0.9695 LocalPCK/segment@0.1/PCK at 150 epoch is saved to best_LocalPCK_segment@0.1_PCK_epoch_150.pth.
2026/10/04 18:47:33 - mmengine - INFO - Epoch(train) [151][10/25]  base_lr: 3.128517e-04 lr: 3.128517e-04  eta: 0:07:40  time: 0.303686  data_time: 0.105896  memory: 5901  grad_norm: 0.236140  loss: 0.054915  loss_kpt: 0.054915  acc_pose: 0.999290
2026/10/04 18:47:35 - mmengine - INFO - Epoch(train) [151][20/25]  base_lr: 3.100704e-04 lr: 3.100704e-04  eta: 0:07:36  time: 0.303709  data_time: 0.106203  memory: 5901  grad_norm: 0.235757  loss: 0.055051  loss_kpt: 0.055051  acc_pose: 1.000000
2026/10/04 18:47:36 - mmengine - INFO - Exp name: rtmpose-m_lumbar-coco2000_bbox-localpck_20261004_182728
2026/10/04 18:47:41 - mmengine - INFO - Epoch(train) [152][10/25]  base_lr: 3.058857e-04 lr: 3.058857e-04  eta: 0:07:32  time: 0.311006  data_time: 0.114365  memory: 5901  grad_norm: 0.217575  loss: 0.054433  loss_kpt: 0.054433  acc_pose: 0.999290
2026/10/04 18:47:43 - mmengine - INFO - Epoch(train) [152][20/25]  base_lr: 3.030881e-04 lr: 3.030881e-04  eta: 0:07:29  time: 0.305485  data_time: 0.108848  memory: 5901  grad_norm: 0.217916  loss: 0.054500  loss_kpt: 0.054500  acc_pose: 1.000000
2026/10/04 18:47:44 - mmengine - INFO - Exp name: rtmpose-m_lumbar-coco2000_bbox-localpck_20261004_182728
2026/10/04 18:47:48 - mmengine - INFO - Epoch(train) [153][10/25]  base_lr: 2.988810e-04 lr: 2.988810e-04  eta: 0:07:24  time: 0.308646  data_time: 0.112779  memory: 5901  grad_norm: 0.226694  loss: 0.054358  loss_kpt: 0.054358  acc_pose: 1.000000
2026/10/04 18:47:51 - mmengine - INFO - Epoch(train) [153][20/25]  base_lr: 2.960696e-04 lr: 2.960696e-04  eta: 0:07:21  time: 0.304152  data_time: 0.108249  memory: 5901  grad_norm: 0.229017  loss: 0.053906  loss_kpt: 0.053906  acc_pose: 0.999290
2026/10/04 18:47:52 - mmengine - INFO - Exp name: rtmpose-m_lumbar-coco2000_bbox-localpck_20261004_182728
2026/10/04 18:47:56 - mmengine - INFO - Epoch(train) [154][10/25]  base_lr: 2.918436e-04 lr: 2.918436e-04  eta: 0:07:16  time: 0.302664  data_time: 0.106229  memory: 5901  grad_norm: 0.234244  loss: 0.054131  loss_kpt: 0.054131  acc_pose: 1.000000
2026/10/04 18:47:58 - mmengine - INFO - Epoch(train) [154][20/25]  base_lr: 2.890209e-04 lr: 2.890209e-04  eta: 0:07:13  time: 0.306837  data_time: 0.110399  memory: 5901  grad_norm: 0.229709  loss: 0.053510  loss_kpt: 0.053510  acc_pose: 1.000000
2026/10/04 18:47:59 - mmengine - INFO - Exp name: rtmpose-m_lumbar-coco2000_bbox-localpck_20261004_182728
2026/10/04 18:48:04 - mmengine - INFO - Epoch(train) [155][10/25]  base_lr: 2.847800e-04 lr: 2.847800e-04  eta: 0:07:09  time: 0.303321  data_time: 0.106637  memory: 5901  grad_norm: 0.226648  loss: 0.053108  loss_kpt: 0.053108  acc_pose: 1.000000
2026/10/04 18:48:06 - mmengine - INFO - Saved augmentation comparison: /home/PavYtr/Projects/cv/work_dirs/rtmpose-m-lumbar-coco2000-randombbox-localpck/augmentation_comparisons/iter_0003868_sample_0667.jpg
2026/10/04 18:48:06 - mmengine - INFO - Epoch(train) [155][20/25]  base_lr: 2.819486e-04 lr: 2.819486e-04  eta: 0:07:05  time: 0.304922  data_time: 0.108162  memory: 5901  grad_norm: 0.223439  loss: 0.052763  loss_kpt: 0.052763  acc_pose: 1.000000
2026/10/04 18:48:07 - mmengine - INFO - Exp name: rtmpose-m_lumbar-coco2000_bbox-localpck_20261004_182728
2026/10/04 18:48:11 - mmengine - INFO - Epoch(train) [156][10/25]  base_lr: 2.776964e-04 lr: 2.776964e-04  eta: 0:07:01  time: 0.304769  data_time: 0.108370  memory: 5901  grad_norm: 0.226158  loss: 0.052331  loss_kpt: 0.052331  acc_pose: 1.000000
2026/10/04 18:48:14 - mmengine - INFO - Epoch(train) [156][20/25]  base_lr: 2.748588e-04 lr: 2.748588e-04  eta: 0:06:58  time: 0.308073  data_time: 0.111488  memory: 5901  grad_norm: 0.226140  loss: 0.052129  loss_kpt: 0.052129  acc_pose: 1.000000
2026/10/04 18:48:15 - mmengine - INFO - Exp name: rtmpose-m_lumbar-coco2000_bbox-localpck_20261004_182728
2026/10/04 18:48:19 - mmengine - INFO - Epoch(train) [157][10/25]  base_lr: 2.705993e-04 lr: 2.705993e-04  eta: 0:06:53  time: 0.304827  data_time: 0.107235  memory: 5901  grad_norm: 0.220291  loss: 0.051817  loss_kpt: 0.051817  acc_pose: 1.000000
2026/10/04 18:48:21 - mmengine - INFO - Epoch(train) [157][20/25]  base_lr: 2.677580e-04 lr: 2.677580e-04  eta: 0:06:50  time: 0.310128  data_time: 0.112612  memory: 5901  grad_norm: 0.217546  loss: 0.051855  loss_kpt: 0.051855  acc_pose: 0.998580
2026/10/04 18:48:23 - mmengine - INFO - Exp name: rtmpose-m_lumbar-coco2000_bbox-localpck_20261004_182728
2026/10/04 18:48:27 - mmengine - INFO - Epoch(train) [158][10/25]  base_lr: 2.634948e-04 lr: 2.634948e-04  eta: 0:06:46  time: 0.309889  data_time: 0.111389  memory: 5901  grad_norm: 0.204489  loss: 0.051194  loss_kpt: 0.051194  acc_pose: 1.000000
2026/10/04 18:48:29 - mmengine - INFO - Epoch(train) [158][20/25]  base_lr: 2.606525e-04 lr: 2.606525e-04  eta: 0:06:42  time: 0.303180  data_time: 0.104168  memory: 5901  grad_norm: 0.213869  loss: 0.051315  loss_kpt: 0.051315  acc_pose: 1.000000
2026/10/04 18:48:30 - mmengine - INFO - Exp name: rtmpose-m_lumbar-coco2000_bbox-localpck_20261004_182728
2026/10/04 18:48:35 - mmengine - INFO - Epoch(train) [159][10/25]  base_lr: 2.563895e-04 lr: 2.563895e-04  eta: 0:06:38  time: 0.307388  data_time: 0.107014  memory: 5901  grad_norm: 0.222973  loss: 0.051285  loss_kpt: 0.051285  acc_pose: 1.000000
2026/10/04 18:48:37 - mmengine - INFO - Epoch(train) [159][20/25]  base_lr: 2.535486e-04 lr: 2.535486e-04  eta: 0:06:35  time: 0.311053  data_time: 0.109412  memory: 5901  grad_norm: 0.226190  loss: 0.051258  loss_kpt: 0.051258  acc_pose: 1.000000
2026/10/04 18:48:38 - mmengine - INFO - Exp name: rtmpose-m_lumbar-coco2000_bbox-localpck_20261004_182728
2026/10/04 18:48:43 - mmengine - INFO - Epoch(train) [160][10/25]  base_lr: 2.492897e-04 lr: 2.492897e-04  eta: 0:06:30  time: 0.309261  data_time: 0.106326  memory: 5901  grad_norm: 0.230325  loss: 0.051174  loss_kpt: 0.051174  acc_pose: 1.000000
2026/10/04 18:48:45 - mmengine - INFO - Epoch(train) [160][20/25]  base_lr: 2.464527e-04 lr: 2.464527e-04  eta: 0:06:27  time: 0.313721  data_time: 0.110624  memory: 5901  grad_norm: 0.222229  loss: 0.050721  loss_kpt: 0.050721  acc_pose: 1.000000
2026/10/04 18:48:46 - mmengine - INFO - Exp name: rtmpose-m_lumbar-coco2000_bbox-localpck_20261004_182728
2026/10/04 18:48:46 - mmengine - INFO - Saving checkpoint at 160 epochs
2026/10/04 18:48:47 - mmengine - INFO - Epoch(val) [160][10/13]    eta: 0:00:00  time: 0.073000  data_time: 0.050848  memory: 5901  
2026/10/04 18:48:48 - mmengine - INFO - Epoch(val) [160][13/13]    LocalPCK/segment@0.1/PCK: 0.970455  data_time: 0.045203  time: 0.067929
2026/10/04 18:48:48 - mmengine - INFO - The previous best checkpoint /home/PavYtr/Projects/cv/work_dirs/rtmpose-m-lumbar-coco2000-randombbox-localpck/best_LocalPCK_segment@0.1_PCK_epoch_150.pth is removed
2026/10/04 18:48:48 - mmengine - INFO - The best checkpoint with 0.9705 LocalPCK/segment@0.1/PCK at 160 epoch is saved to best_LocalPCK_segment@0.1_PCK_epoch_160.pth.
2026/10/04 18:48:53 - mmengine - INFO - Epoch(train) [161][10/25]  base_lr: 2.422017e-04 lr: 2.422017e-04  eta: 0:06:22  time: 0.313986  data_time: 0.111491  memory: 5901  grad_norm: 0.221386  loss: 0.050346  loss_kpt: 0.050346  acc_pose: 1.000000
2026/10/04 18:48:56 - mmengine - INFO - Epoch(train) [161][20/25]  base_lr: 2.393712e-04 lr: 2.393712e-04  eta: 0:06:19  time: 0.307680  data_time: 0.105392  memory: 5901  grad_norm: 0.225645  loss: 0.050231  loss_kpt: 0.050231  acc_pose: 1.000000
2026/10/04 18:48:57 - mmengine - INFO - Exp name: rtmpose-m_lumbar-coco2000_bbox-localpck_20261004_182728
2026/10/04 18:49:01 - mmengine - INFO - Epoch(train) [162][10/25]  base_lr: 2.351318e-04 lr: 2.351318e-04  eta: 0:06:15  time: 0.311394  data_time: 0.109658  memory: 5901  grad_norm: 0.236014  loss: 0.050045  loss_kpt: 0.050045  acc_pose: 1.000000
2026/10/04 18:49:04 - mmengine - INFO - Epoch(train) [162][20/25]  base_lr: 2.323104e-04 lr: 2.323104e-04  eta: 0:06:11  time: 0.311853  data_time: 0.110228  memory: 5901  grad_norm: 0.241359  loss: 0.050119  loss_kpt: 0.050119  acc_pose: 1.000000
2026/10/04 18:49:05 - mmengine - INFO - Exp name: rtmpose-m_lumbar-coco2000_bbox-localpck_20261004_182728
2026/10/04 18:49:09 - mmengine - INFO - Epoch(train) [163][10/25]  base_lr: 2.280865e-04 lr: 2.280865e-04  eta: 0:06:07  time: 0.313234  data_time: 0.111868  memory: 5901  grad_norm: 0.234314  loss: 0.049758  loss_kpt: 0.049758  acc_pose: 1.000000
2026/10/04 18:49:11 - mmengine - INFO - Epoch(train) [163][20/25]  base_lr: 2.252766e-04 lr: 2.252766e-04  eta: 0:06:04  time: 0.310697  data_time: 0.109312  memory: 5901  grad_norm: 0.224215  loss: 0.048980  loss_kpt: 0.048980  acc_pose: 1.000000
2026/10/04 18:49:13 - mmengine - INFO - Exp name: rtmpose-m_lumbar-coco2000_bbox-localpck_20261004_182728
2026/10/04 18:49:17 - mmengine - INFO - Epoch(train) [164][10/25]  base_lr: 2.210720e-04 lr: 2.210720e-04  eta: 0:05:59  time: 0.310500  data_time: 0.107006  memory: 5901  grad_norm: 0.225627  loss: 0.049013  loss_kpt: 0.049013  acc_pose: 1.000000
2026/10/04 18:49:19 - mmengine - INFO - Epoch(train) [164][20/25]  base_lr: 2.182762e-04 lr: 2.182762e-04  eta: 0:05:56  time: 0.308242  data_time: 0.104663  memory: 5901  grad_norm: 0.226685  loss: 0.048925  loss_kpt: 0.048925  acc_pose: 1.000000
2026/10/04 18:49:20 - mmengine - INFO - Exp name: rtmpose-m_lumbar-coco2000_bbox-localpck_20261004_182728
2026/10/04 18:49:25 - mmengine - INFO - Epoch(train) [165][10/25]  base_lr: 2.140945e-04 lr: 2.140945e-04  eta: 0:05:52  time: 0.307987  data_time: 0.104516  memory: 5901  grad_norm: 0.225763  loss: 0.048531  loss_kpt: 0.048531  acc_pose: 1.000000
2026/10/04 18:49:27 - mmengine - INFO - Epoch(train) [165][20/25]  base_lr: 2.113153e-04 lr: 2.113153e-04  eta: 0:05:48  time: 0.309764  data_time: 0.106506  memory: 5901  grad_norm: 0.232503  loss: 0.048867  loss_kpt: 0.048867  acc_pose: 1.000000
2026/10/04 18:49:28 - mmengine - INFO - Exp name: rtmpose-m_lumbar-coco2000_bbox-localpck_20261004_182728
2026/10/04 18:49:32 - mmengine - INFO - Epoch(train) [166][10/25]  base_lr: 2.071604e-04 lr: 2.071604e-04  eta: 0:05:44  time: 0.308692  data_time: 0.107474  memory: 5901  grad_norm: 0.228407  loss: 0.048191  loss_kpt: 0.048191  acc_pose: 1.000000
2026/10/04 18:49:34 - mmengine - INFO - Saved augmentation comparison: /home/PavYtr/Projects/cv/work_dirs/rtmpose-m-lumbar-coco2000-randombbox-localpck/augmentation_comparisons/iter_0004144_sample_0943.jpg
2026/10/04 18:49:35 - mmengine - INFO - Epoch(train) [166][20/25]  base_lr: 2.044003e-04 lr: 2.044003e-04  eta: 0:05:41  time: 0.311508  data_time: 0.109665  memory: 5901  grad_norm: 0.219448  loss: 0.047897  loss_kpt: 0.047897  acc_pose: 1.000000
2026/10/04 18:49:36 - mmengine - INFO - Exp name: rtmpose-m_lumbar-coco2000_bbox-localpck_20261004_182728
2026/10/04 18:49:40 - mmengine - INFO - Epoch(train) [167][10/25]  base_lr: 2.002758e-04 lr: 2.002758e-04  eta: 0:05:36  time: 0.305751  data_time: 0.103501  memory: 5901  grad_norm: 0.212626  loss: 0.047572  loss_kpt: 0.047572  acc_pose: 1.000000
2026/10/04 18:49:42 - mmengine - INFO - Epoch(train) [167][20/25]  base_lr: 1.975372e-04 lr: 1.975372e-04  eta: 0:05:33  time: 0.311628  data_time: 0.109095  memory: 5901  grad_norm: 0.207291  loss: 0.047276  loss_kpt: 0.047276  acc_pose: 1.000000
2026/10/04 18:49:44 - mmengine - INFO - Exp name: rtmpose-m_lumbar-coco2000_bbox-localpck_20261004_182728
2026/10/04 18:49:48 - mmengine - INFO - Epoch(train) [168][10/25]  base_lr: 1.934469e-04 lr: 1.934469e-04  eta: 0:05:28  time: 0.310886  data_time: 0.108148  memory: 5901  grad_norm: 0.202265  loss: 0.047057  loss_kpt: 0.047057  acc_pose: 1.000000
2026/10/04 18:49:50 - mmengine - INFO - Epoch(train) [168][20/25]  base_lr: 1.907323e-04 lr: 1.907323e-04  eta: 0:05:25  time: 0.307780  data_time: 0.106610  memory: 5901  grad_norm: 0.209915  loss: 0.046845  loss_kpt: 0.046845  acc_pose: 1.000000
2026/10/04 18:49:51 - mmengine - INFO - Exp name: rtmpose-m_lumbar-coco2000_bbox-localpck_20261004_182728
2026/10/04 18:49:56 - mmengine - INFO - Epoch(train) [169][10/25]  base_lr: 1.866798e-04 lr: 1.866798e-04  eta: 0:05:21  time: 0.318958  data_time: 0.118727  memory: 5901  grad_norm: 0.220313  loss: 0.046830  loss_kpt: 0.046830  acc_pose: 1.000000
2026/10/04 18:49:58 - mmengine - INFO - Epoch(train) [169][20/25]  base_lr: 1.839917e-04 lr: 1.839917e-04  eta: 0:05:17  time: 0.312217  data_time: 0.112840  memory: 5901  grad_norm: 0.224704  loss: 0.046617  loss_kpt: 0.046617  acc_pose: 1.000000
2026/10/04 18:49:59 - mmengine - INFO - Exp name: rtmpose-m_lumbar-coco2000_bbox-localpck_20261004_182728
2026/10/04 18:50:03 - mmengine - INFO - Epoch(train) [170][10/25]  base_lr: 1.799806e-04 lr: 1.799806e-04  eta: 0:05:13  time: 0.313088  data_time: 0.114334  memory: 5901  grad_norm: 0.220995  loss: 0.046102  loss_kpt: 0.046102  acc_pose: 1.000000
2026/10/04 18:50:06 - mmengine - INFO - Epoch(train) [170][20/25]  base_lr: 1.773213e-04 lr: 1.773213e-04  eta: 0:05:10  time: 0.310789  data_time: 0.111603  memory: 5901  grad_norm: 0.214895  loss: 0.045825  loss_kpt: 0.045825  acc_pose: 1.000000
2026/10/04 18:50:07 - mmengine - INFO - Exp name: rtmpose-m_lumbar-coco2000_bbox-localpck_20261004_182728
2026/10/04 18:50:07 - mmengine - INFO - Saving checkpoint at 170 epochs
2026/10/04 18:50:08 - mmengine - INFO - Epoch(val) [170][10/13]    eta: 0:00:00  time: 0.073080  data_time: 0.050914  memory: 5901  
2026/10/04 18:50:08 - mmengine - INFO - Epoch(val) [170][13/13]    LocalPCK/segment@0.1/PCK: 0.968636  data_time: 0.047017  time: 0.068243
2026/10/04 18:50:13 - mmengine - INFO - Epoch(train) [171][10/25]  base_lr: 1.733553e-04 lr: 1.733553e-04  eta: 0:05:05  time: 0.309451  data_time: 0.110671  memory: 5901  grad_norm: 0.204798  loss: 0.045093  loss_kpt: 0.045093  acc_pose: 1.000000
2026/10/04 18:50:15 - mmengine - INFO - Epoch(train) [171][20/25]  base_lr: 1.707271e-04 lr: 1.707271e-04  eta: 0:05:02  time: 0.310042  data_time: 0.111440  memory: 5901  grad_norm: 0.198213  loss: 0.044765  loss_kpt: 0.044765  acc_pose: 1.000000
2026/10/04 18:50:16 - mmengine - INFO - Exp name: rtmpose-m_lumbar-coco2000_bbox-localpck_20261004_182728
2026/10/04 18:50:21 - mmengine - INFO - Epoch(train) [172][10/25]  base_lr: 1.668097e-04 lr: 1.668097e-04  eta: 0:04:58  time: 0.311511  data_time: 0.114081  memory: 5901  grad_norm: 0.195379  loss: 0.044462  loss_kpt: 0.044462  acc_pose: 1.000000
2026/10/04 18:50:23 - mmengine - INFO - Epoch(train) [172][20/25]  base_lr: 1.642152e-04 lr: 1.642152e-04  eta: 0:04:54  time: 0.310817  data_time: 0.113640  memory: 5901  grad_norm: 0.198369  loss: 0.044325  loss_kpt: 0.044325  acc_pose: 1.000000
2026/10/04 18:50:24 - mmengine - INFO - Exp name: rtmpose-m_lumbar-coco2000_bbox-localpck_20261004_182728
2026/10/04 18:50:28 - mmengine - INFO - Epoch(train) [173][10/25]  base_lr: 1.603498e-04 lr: 1.603498e-04  eta: 0:04:50  time: 0.310966  data_time: 0.114196  memory: 5901  grad_norm: 0.204835  loss: 0.044811  loss_kpt: 0.044811  acc_pose: 1.000000
2026/10/04 18:50:31 - mmengine - INFO - Epoch(train) [173][20/25]  base_lr: 1.577912e-04 lr: 1.577912e-04  eta: 0:04:47  time: 0.311103  data_time: 0.113768  memory: 5901  grad_norm: 0.210910  loss: 0.045049  loss_kpt: 0.045049  acc_pose: 1.000000
2026/10/04 18:50:32 - mmengine - INFO - Exp name: rtmpose-m_lumbar-coco2000_bbox-localpck_20261004_182728
2026/10/04 18:50:36 - mmengine - INFO - Epoch(train) [174][10/25]  base_lr: 1.539814e-04 lr: 1.539814e-04  eta: 0:04:42  time: 0.310942  data_time: 0.112372  memory: 5901  grad_norm: 0.228700  loss: 0.045929  loss_kpt: 0.045929  acc_pose: 1.000000
2026/10/04 18:50:38 - mmengine - INFO - Epoch(train) [174][20/25]  base_lr: 1.514609e-04 lr: 1.514609e-04  eta: 0:04:39  time: 0.310754  data_time: 0.111607  memory: 5901  grad_norm: 0.229603  loss: 0.045802  loss_kpt: 0.045802  acc_pose: 1.000000
2026/10/04 18:50:40 - mmengine - INFO - Exp name: rtmpose-m_lumbar-coco2000_bbox-localpck_20261004_182728
2026/10/04 18:50:44 - mmengine - INFO - Epoch(train) [175][10/25]  base_lr: 1.477101e-04 lr: 1.477101e-04  eta: 0:04:35  time: 0.312841  data_time: 0.113826  memory: 5901  grad_norm: 0.225857  loss: 0.045502  loss_kpt: 0.045502  acc_pose: 1.000000
2026/10/04 18:50:46 - mmengine - INFO - Epoch(train) [175][20/25]  base_lr: 1.452300e-04 lr: 1.452300e-04  eta: 0:04:31  time: 0.312137  data_time: 0.113913  memory: 5901  grad_norm: 0.223353  loss: 0.045073  loss_kpt: 0.045073  acc_pose: 1.000000
2026/10/04 18:50:47 - mmengine - INFO - Exp name: rtmpose-m_lumbar-coco2000_bbox-localpck_20261004_182728
2026/10/04 18:50:52 - mmengine - INFO - Epoch(train) [176][10/25]  base_lr: 1.415415e-04 lr: 1.415415e-04  eta: 0:04:27  time: 0.306286  data_time: 0.108589  memory: 5901  grad_norm: 0.203777  loss: 0.044050  loss_kpt: 0.044050  acc_pose: 1.000000
2026/10/04 18:50:54 - mmengine - INFO - Epoch(train) [176][20/25]  base_lr: 1.391041e-04 lr: 1.391041e-04  eta: 0:04:24  time: 0.312446  data_time: 0.115288  memory: 5901  grad_norm: 0.196044  loss: 0.043716  loss_kpt: 0.043716  acc_pose: 1.000000
2026/10/04 18:50:55 - mmengine - INFO - Exp name: rtmpose-m_lumbar-coco2000_bbox-localpck_20261004_182728
2026/10/04 18:50:59 - mmengine - INFO - Epoch(train) [177][10/25]  base_lr: 1.354812e-04 lr: 1.354812e-04  eta: 0:04:19  time: 0.304670  data_time: 0.106334  memory: 5901  grad_norm: 0.191928  loss: 0.043016  loss_kpt: 0.043016  acc_pose: 1.000000
2026/10/04 18:51:02 - mmengine - INFO - Epoch(train) [177][20/25]  base_lr: 1.330886e-04 lr: 1.330886e-04  eta: 0:04:16  time: 0.312489  data_time: 0.110990  memory: 5901  grad_norm: 0.187286  loss: 0.042782  loss_kpt: 0.042782  acc_pose: 1.000000
2026/10/04 18:51:02 - mmengine - INFO - Saved augmentation comparison: /home/PavYtr/Projects/cv/work_dirs/rtmpose-m-lumbar-coco2000-randombbox-localpck/augmentation_comparisons/iter_0004421_sample_1220.jpg
2026/10/04 18:51:03 - mmengine - INFO - Exp name: rtmpose-m_lumbar-coco2000_bbox-localpck_20261004_182728
2026/10/04 18:51:07 - mmengine - INFO - Epoch(train) [178][10/25]  base_lr: 1.295346e-04 lr: 1.295346e-04  eta: 0:04:11  time: 0.317446  data_time: 0.114281  memory: 5901  grad_norm: 0.191927  loss: 0.042244  loss_kpt: 0.042244  acc_pose: 1.000000
2026/10/04 18:51:10 - mmengine - INFO - Epoch(train) [178][20/25]  base_lr: 1.271890e-04 lr: 1.271890e-04  eta: 0:04:08  time: 0.317927  data_time: 0.113844  memory: 5901  grad_norm: 0.195052  loss: 0.042279  loss_kpt: 0.042279  acc_pose: 1.000000
2026/10/04 18:51:11 - mmengine - INFO - Exp name: rtmpose-m_lumbar-coco2000_bbox-localpck_20261004_182728
2026/10/04 18:51:16 - mmengine - INFO - Epoch(train) [179][10/25]  base_lr: 1.237071e-04 lr: 1.237071e-04  eta: 0:04:04  time: 0.324705  data_time: 0.119168  memory: 5901  grad_norm: 0.201360  loss: 0.042590  loss_kpt: 0.042590  acc_pose: 1.000000
2026/10/04 18:51:18 - mmengine - INFO - Epoch(train) [179][20/25]  base_lr: 1.214105e-04 lr: 1.214105e-04  eta: 0:04:00  time: 0.317402  data_time: 0.114490  memory: 5901  grad_norm: 0.199626  loss: 0.042371  loss_kpt: 0.042371  acc_pose: 1.000000
2026/10/04 18:51:19 - mmengine - INFO - Exp name: rtmpose-m_lumbar-coco2000_bbox-localpck_20261004_182728
2026/10/04 18:51:23 - mmengine - INFO - Epoch(train) [180][10/25]  base_lr: 1.180037e-04 lr: 1.180037e-04  eta: 0:03:56  time: 0.321117  data_time: 0.120361  memory: 5901  grad_norm: 0.198292  loss: 0.042542  loss_kpt: 0.042542  acc_pose: 0.999290
2026/10/04 18:51:26 - mmengine - INFO - Epoch(train) [180][20/25]  base_lr: 1.157583e-04 lr: 1.157583e-04  eta: 0:03:53  time: 0.313247  data_time: 0.113053  memory: 5901  grad_norm: 0.196119  loss: 0.041999  loss_kpt: 0.041999  acc_pose: 1.000000
2026/10/04 18:51:27 - mmengine - INFO - Exp name: rtmpose-m_lumbar-coco2000_bbox-localpck_20261004_182728
2026/10/04 18:51:27 - mmengine - INFO - Saving checkpoint at 180 epochs
2026/10/04 18:51:28 - mmengine - INFO - Epoch(val) [180][10/13]    eta: 0:00:00  time: 0.073395  data_time: 0.051026  memory: 5901  
2026/10/04 18:51:28 - mmengine - INFO - Epoch(val) [180][13/13]    LocalPCK/segment@0.1/PCK: 0.969318  data_time: 0.048086  time: 0.069694
2026/10/04 18:51:33 - mmengine - INFO - Epoch(train) [181][10/25]  base_lr: 1.124298e-04 lr: 1.124298e-04  eta: 0:03:48  time: 0.312889  data_time: 0.113498  memory: 5901  grad_norm: 0.189421  loss: 0.041317  loss_kpt: 0.041317  acc_pose: 1.000000
2026/10/04 18:51:35 - mmengine - INFO - Epoch(train) [181][20/25]  base_lr: 1.102375e-04 lr: 1.102375e-04  eta: 0:03:45  time: 0.309692  data_time: 0.110969  memory: 5901  grad_norm: 0.195683  loss: 0.041102  loss_kpt: 0.041102  acc_pose: 1.000000
2026/10/04 18:51:36 - mmengine - INFO - Exp name: rtmpose-m_lumbar-coco2000_bbox-localpck_20261004_182728
2026/10/04 18:51:41 - mmengine - INFO - Epoch(train) [182][10/25]  base_lr: 1.069901e-04 lr: 1.069901e-04  eta: 0:03:41  time: 0.308330  data_time: 0.110050  memory: 5901  grad_norm: 0.206517  loss: 0.041219  loss_kpt: 0.041219  acc_pose: 1.000000
2026/10/04 18:51:43 - mmengine - INFO - Epoch(train) [182][20/25]  base_lr: 1.048530e-04 lr: 1.048530e-04  eta: 0:03:37  time: 0.309578  data_time: 0.112204  memory: 5901  grad_norm: 0.211139  loss: 0.041322  loss_kpt: 0.041322  acc_pose: 1.000000
2026/10/04 18:51:44 - mmengine - INFO - Exp name: rtmpose-m_lumbar-coco2000_bbox-localpck_20261004_182728
2026/10/04 18:51:48 - mmengine - INFO - Epoch(train) [183][10/25]  base_lr: 1.016897e-04 lr: 1.016897e-04  eta: 0:03:33  time: 0.306350  data_time: 0.109825  memory: 5901  grad_norm: 0.220156  loss: 0.041715  loss_kpt: 0.041715  acc_pose: 1.000000
2026/10/04 18:51:50 - mmengine - INFO - Epoch(train) [183][20/25]  base_lr: 9.960952e-05 lr: 9.960952e-05  eta: 0:03:30  time: 0.309400  data_time: 0.111876  memory: 5901  grad_norm: 0.216084  loss: 0.041944  loss_kpt: 0.041944  acc_pose: 1.000000
2026/10/04 18:51:52 - mmengine - INFO - Exp name: rtmpose-m_lumbar-coco2000_bbox-localpck_20261004_182728
2026/10/04 18:51:56 - mmengine - INFO - Epoch(train) [184][10/25]  base_lr: 9.653316e-05 lr: 9.653316e-05  eta: 0:03:25  time: 0.309826  data_time: 0.110363  memory: 5901  grad_norm: 0.208688  loss: 0.041692  loss_kpt: 0.041692  acc_pose: 1.000000
2026/10/04 18:51:59 - mmengine - INFO - Epoch(train) [184][20/25]  base_lr: 9.451190e-05 lr: 9.451190e-05  eta: 0:03:22  time: 0.316066  data_time: 0.116215  memory: 5901  grad_norm: 0.203648  loss: 0.041670  loss_kpt: 0.041670  acc_pose: 1.000000
2026/10/04 18:52:00 - mmengine - INFO - Exp name: rtmpose-m_lumbar-coco2000_bbox-localpck_20261004_182728
2026/10/04 18:52:04 - mmengine - INFO - Epoch(train) [185][10/25]  base_lr: 9.152522e-05 lr: 9.152522e-05  eta: 0:03:17  time: 0.311885  data_time: 0.112359  memory: 5901  grad_norm: 0.199965  loss: 0.041036  loss_kpt: 0.041036  acc_pose: 1.000000
2026/10/04 18:52:06 - mmengine - INFO - Epoch(train) [185][20/25]  base_lr: 8.956465e-05 lr: 8.956465e-05  eta: 0:03:14  time: 0.310963  data_time: 0.112129  memory: 5901  grad_norm: 0.208954  loss: 0.041194  loss_kpt: 0.041194  acc_pose: 1.000000
2026/10/04 18:52:07 - mmengine - INFO - Exp name: rtmpose-m_lumbar-coco2000_bbox-localpck_20261004_182728
2026/10/04 18:52:12 - mmengine - INFO - Epoch(train) [186][10/25]  base_lr: 8.667033e-05 lr: 8.667033e-05  eta: 0:03:10  time: 0.310325  data_time: 0.113173  memory: 5901  grad_norm: 0.205351  loss: 0.040938  loss_kpt: 0.040938  acc_pose: 1.000000
2026/10/04 18:52:14 - mmengine - INFO - Epoch(train) [186][20/25]  base_lr: 8.477220e-05 lr: 8.477220e-05  eta: 0:03:06  time: 0.306294  data_time: 0.108689  memory: 5901  grad_norm: 0.214411  loss: 0.041050  loss_kpt: 0.041050  acc_pose: 1.000000
2026/10/04 18:52:15 - mmengine - INFO - Exp name: rtmpose-m_lumbar-coco2000_bbox-localpck_20261004_182728
2026/10/04 18:52:19 - mmengine - INFO - Epoch(train) [187][10/25]  base_lr: 8.197283e-05 lr: 8.197283e-05  eta: 0:03:02  time: 0.305168  data_time: 0.106062  memory: 5901  grad_norm: 0.217974  loss: 0.041183  loss_kpt: 0.041183  acc_pose: 1.000000
2026/10/04 18:52:22 - mmengine - INFO - Epoch(train) [187][20/25]  base_lr: 8.013884e-05 lr: 8.013884e-05  eta: 0:02:59  time: 0.311893  data_time: 0.112567  memory: 5901  grad_norm: 0.212454  loss: 0.040835  loss_kpt: 0.040835  acc_pose: 1.000000
2026/10/04 18:52:23 - mmengine - INFO - Exp name: rtmpose-m_lumbar-coco2000_bbox-localpck_20261004_182728
2026/10/04 18:52:27 - mmengine - INFO - Epoch(train) [188][10/25]  base_lr: 7.743692e-05 lr: 7.743692e-05  eta: 0:02:54  time: 0.307127  data_time: 0.108061  memory: 5901  grad_norm: 0.212042  loss: 0.040708  loss_kpt: 0.040708  acc_pose: 1.000000
2026/10/04 18:52:29 - mmengine - INFO - Epoch(train) [188][20/25]  base_lr: 7.566872e-05 lr: 7.566872e-05  eta: 0:02:51  time: 0.306562  data_time: 0.107766  memory: 5901  grad_norm: 0.202875  loss: 0.040503  loss_kpt: 0.040503  acc_pose: 1.000000
2026/10/04 18:52:30 - mmengine - INFO - Saved augmentation comparison: /home/PavYtr/Projects/cv/work_dirs/rtmpose-m-lumbar-coco2000-randombbox-localpck/augmentation_comparisons/iter_0004697_sample_1496.jpg
2026/10/04 18:52:30 - mmengine - INFO - Exp name: rtmpose-m_lumbar-coco2000_bbox-localpck_20261004_182728
2026/10/04 18:52:35 - mmengine - INFO - Epoch(train) [189][10/25]  base_lr: 7.306667e-05 lr: 7.306667e-05  eta: 0:02:46  time: 0.313567  data_time: 0.114057  memory: 5901  grad_norm: 0.192947  loss: 0.040261  loss_kpt: 0.040261  acc_pose: 1.000000
2026/10/04 18:52:37 - mmengine - INFO - Epoch(train) [189][20/25]  base_lr: 7.136584e-05 lr: 7.136584e-05  eta: 0:02:43  time: 0.308321  data_time: 0.108770  memory: 5901  grad_norm: 0.187857  loss: 0.039884  loss_kpt: 0.039884  acc_pose: 1.000000
2026/10/04 18:52:38 - mmengine - INFO - Exp name: rtmpose-m_lumbar-coco2000_bbox-localpck_20261004_182728
2026/10/04 18:52:42 - mmengine - INFO - Epoch(train) [190][10/25]  base_lr: 6.886599e-05 lr: 6.886599e-05  eta: 0:02:39  time: 0.305890  data_time: 0.105237  memory: 5901  grad_norm: 0.181887  loss: 0.039511  loss_kpt: 0.039511  acc_pose: 1.000000
2026/10/04 18:52:45 - mmengine - INFO - Epoch(train) [190][20/25]  base_lr: 6.723405e-05 lr: 6.723405e-05  eta: 0:02:36  time: 0.310788  data_time: 0.110204  memory: 5901  grad_norm: 0.181049  loss: 0.039425  loss_kpt: 0.039425  acc_pose: 1.000000
2026/10/04 18:52:46 - mmengine - INFO - Exp name: rtmpose-m_lumbar-coco2000_bbox-localpck_20261004_182728
2026/10/04 18:52:46 - mmengine - INFO - Saving checkpoint at 190 epochs
2026/10/04 18:52:47 - mmengine - INFO - Epoch(val) [190][10/13]    eta: 0:00:00  time: 0.073252  data_time: 0.050772  memory: 5901  
2026/10/04 18:52:47 - mmengine - INFO - Epoch(val) [190][13/13]    LocalPCK/segment@0.1/PCK: 0.968409  data_time: 0.047404  time: 0.068765
2026/10/04 18:52:52 - mmengine - INFO - Epoch(train) [191][10/25]  base_lr: 6.483864e-05 lr: 6.483864e-05  eta: 0:02:31  time: 0.305177  data_time: 0.106950  memory: 5901  grad_norm: 0.176895  loss: 0.038771  loss_kpt: 0.038771  acc_pose: 1.000000
2026/10/04 18:52:54 - mmengine - INFO - Epoch(train) [191][20/25]  base_lr: 6.327705e-05 lr: 6.327705e-05  eta: 0:02:28  time: 0.307491  data_time: 0.107115  memory: 5901  grad_norm: 0.175028  loss: 0.038815  loss_kpt: 0.038815  acc_pose: 1.000000
2026/10/04 18:52:55 - mmengine - INFO - Exp name: rtmpose-m_lumbar-coco2000_bbox-localpck_20261004_182728
2026/10/04 18:52:59 - mmengine - INFO - Epoch(train) [192][10/25]  base_lr: 6.098823e-05 lr: 6.098823e-05  eta: 0:02:23  time: 0.312340  data_time: 0.111503  memory: 5901  grad_norm: 0.176128  loss: 0.039025  loss_kpt: 0.039025  acc_pose: 1.000000
2026/10/04 18:53:02 - mmengine - INFO - Epoch(train) [192][20/25]  base_lr: 5.949838e-05 lr: 5.949838e-05  eta: 0:02:20  time: 0.308012  data_time: 0.107199  memory: 5901  grad_norm: 0.173210  loss: 0.038807  loss_kpt: 0.038807  acc_pose: 1.000000
2026/10/04 18:53:03 - mmengine - INFO - Exp name: rtmpose-m_lumbar-coco2000_bbox-localpck_20261004_182728
2026/10/04 18:53:07 - mmengine - INFO - Epoch(train) [193][10/25]  base_lr: 5.731819e-05 lr: 5.731819e-05  eta: 0:02:16  time: 0.314816  data_time: 0.114251  memory: 5901  grad_norm: 0.181304  loss: 0.039196  loss_kpt: 0.039196  acc_pose: 1.000000
2026/10/04 18:53:10 - mmengine - INFO - Epoch(train) [193][20/25]  base_lr: 5.590142e-05 lr: 5.590142e-05  eta: 0:02:12  time: 0.311441  data_time: 0.112746  memory: 5901  grad_norm: 0.181272  loss: 0.039205  loss_kpt: 0.039205  acc_pose: 1.000000
2026/10/04 18:53:11 - mmengine - INFO - Exp name: rtmpose-m_lumbar-coco2000_bbox-localpck_20261004_182728
2026/10/04 18:53:15 - mmengine - INFO - Epoch(train) [194][10/25]  base_lr: 5.383182e-05 lr: 5.383182e-05  eta: 0:02:08  time: 0.316436  data_time: 0.116788  memory: 5901  grad_norm: 0.179061  loss: 0.038819  loss_kpt: 0.038819  acc_pose: 1.000000
2026/10/04 18:53:17 - mmengine - INFO - Epoch(train) [194][20/25]  base_lr: 5.248940e-05 lr: 5.248940e-05  eta: 0:02:05  time: 0.314348  data_time: 0.114243  memory: 5901  grad_norm: 0.179552  loss: 0.038762  loss_kpt: 0.038762  acc_pose: 1.000000
2026/10/04 18:53:19 - mmengine - INFO - Exp name: rtmpose-m_lumbar-coco2000_bbox-localpck_20261004_182728
2026/10/04 18:53:23 - mmengine - INFO - Epoch(train) [195][10/25]  base_lr: 5.053223e-05 lr: 5.053223e-05  eta: 0:02:00  time: 0.318303  data_time: 0.117224  memory: 5901  grad_norm: 0.172381  loss: 0.038814  loss_kpt: 0.038814  acc_pose: 1.000000
2026/10/04 18:53:25 - mmengine - INFO - Epoch(train) [195][20/25]  base_lr: 4.926537e-05 lr: 4.926537e-05  eta: 0:01:57  time: 0.317525  data_time: 0.116365  memory: 5901  grad_norm: 0.169968  loss: 0.038578  loss_kpt: 0.038578  acc_pose: 1.000000
2026/10/04 18:53:27 - mmengine - INFO - Exp name: rtmpose-m_lumbar-coco2000_bbox-localpck_20261004_182728
2026/10/04 18:53:31 - mmengine - INFO - Epoch(train) [196][10/25]  base_lr: 4.742239e-05 lr: 4.742239e-05  eta: 0:01:52  time: 0.314367  data_time: 0.111976  memory: 5901  grad_norm: 0.169176  loss: 0.038380  loss_kpt: 0.038380  acc_pose: 1.000000
2026/10/04 18:53:34 - mmengine - INFO - Epoch(train) [196][20/25]  base_lr: 4.623220e-05 lr: 4.623220e-05  eta: 0:01:49  time: 0.324999  data_time: 0.118035  memory: 5901  grad_norm: 0.170384  loss: 0.038598  loss_kpt: 0.038598  acc_pose: 1.000000
2026/10/04 18:53:35 - mmengine - INFO - Exp name: rtmpose-m_lumbar-coco2000_bbox-localpck_20261004_182728
2026/10/04 18:53:40 - mmengine - INFO - Epoch(train) [197][10/25]  base_lr: 4.450506e-05 lr: 4.450506e-05  eta: 0:01:45  time: 0.330109  data_time: 0.115024  memory: 5901  grad_norm: 0.168939  loss: 0.038243  loss_kpt: 0.038243  acc_pose: 1.000000
2026/10/04 18:53:42 - mmengine - INFO - Epoch(train) [197][20/25]  base_lr: 4.339263e-05 lr: 4.339263e-05  eta: 0:01:42  time: 0.335740  data_time: 0.115934  memory: 5901  grad_norm: 0.171744  loss: 0.038508  loss_kpt: 0.038508  acc_pose: 1.000000
2026/10/04 18:53:44 - mmengine - INFO - Exp name: rtmpose-m_lumbar-coco2000_bbox-localpck_20261004_182728
2026/10/04 18:53:48 - mmengine - INFO - Epoch(train) [198][10/25]  base_lr: 4.178288e-05 lr: 4.178288e-05  eta: 0:01:37  time: 0.338679  data_time: 0.114179  memory: 5901  grad_norm: 0.168877  loss: 0.038449  loss_kpt: 0.038449  acc_pose: 1.000000
2026/10/04 18:53:51 - mmengine - INFO - Epoch(train) [198][20/25]  base_lr: 4.074919e-05 lr: 4.074919e-05  eta: 0:01:34  time: 0.343598  data_time: 0.119171  memory: 5901  grad_norm: 0.167140  loss: 0.038198  loss_kpt: 0.038198  acc_pose: 1.000000
2026/10/04 18:53:52 - mmengine - INFO - Exp name: rtmpose-m_lumbar-coco2000_bbox-localpck_20261004_182728
2026/10/04 18:53:57 - mmengine - INFO - Epoch(train) [199][10/25]  base_lr: 3.925826e-05 lr: 3.925826e-05  eta: 0:01:29  time: 0.336634  data_time: 0.113086  memory: 5901  grad_norm: 0.165276  loss: 0.037973  loss_kpt: 0.037973  acc_pose: 0.999290
2026/10/04 18:53:59 - mmengine - INFO - Epoch(train) [199][20/25]  base_lr: 3.830425e-05 lr: 3.830425e-05  eta: 0:01:26  time: 0.339192  data_time: 0.115950  memory: 5901  grad_norm: 0.164803  loss: 0.037775  loss_kpt: 0.037775  acc_pose: 1.000000
2026/10/04 18:54:00 - mmengine - INFO - Saved augmentation comparison: /home/PavYtr/Projects/cv/work_dirs/rtmpose-m-lumbar-coco2000-randombbox-localpck/augmentation_comparisons/iter_0004973_sample_0172.jpg
2026/10/04 18:54:00 - mmengine - INFO - Exp name: rtmpose-m_lumbar-coco2000_bbox-localpck_20261004_182728
2026/10/04 18:54:05 - mmengine - INFO - Epoch(train) [200][10/25]  base_lr: 3.693348e-05 lr: 3.693348e-05  eta: 0:01:22  time: 0.343262  data_time: 0.116054  memory: 5901  grad_norm: 0.169423  loss: 0.037385  loss_kpt: 0.037385  acc_pose: 1.000000
2026/10/04 18:54:08 - mmengine - INFO - Epoch(train) [200][20/25]  base_lr: 3.605999e-05 lr: 3.605999e-05  eta: 0:01:19  time: 0.338074  data_time: 0.111268  memory: 5901  grad_norm: 0.169539  loss: 0.037222  loss_kpt: 0.037222  acc_pose: 1.000000
2026/10/04 18:54:09 - mmengine - INFO - Exp name: rtmpose-m_lumbar-coco2000_bbox-localpck_20261004_182728
2026/10/04 18:54:09 - mmengine - INFO - Saving checkpoint at 200 epochs
2026/10/04 18:54:10 - mmengine - INFO - Epoch(val) [200][10/13]    eta: 0:00:00  time: 0.074152  data_time: 0.051727  memory: 5901  
2026/10/04 18:54:11 - mmengine - INFO - Epoch(val) [200][13/13]    LocalPCK/segment@0.1/PCK: 0.969091  data_time: 0.048414  time: 0.071349
2026/10/04 18:54:15 - mmengine - INFO - Epoch(train) [201][10/25]  base_lr: 3.481061e-05 lr: 3.481061e-05  eta: 0:01:14  time: 0.338792  data_time: 0.110713  memory: 5901  grad_norm: 0.168821  loss: 0.037250  loss_kpt: 0.037250  acc_pose: 1.000000
2026/10/04 18:54:18 - mmengine - INFO - Epoch(train) [201][20/25]  base_lr: 3.401843e-05 lr: 3.401843e-05  eta: 0:01:11  time: 0.341198  data_time: 0.112748  memory: 5901  grad_norm: 0.166580  loss: 0.036890  loss_kpt: 0.036890  acc_pose: 1.000000
2026/10/04 18:54:19 - mmengine - INFO - Exp name: rtmpose-m_lumbar-coco2000_bbox-localpck_20261004_182728
2026/10/04 18:54:24 - mmengine - INFO - Epoch(train) [202][10/25]  base_lr: 3.289155e-05 lr: 3.289155e-05  eta: 0:01:06  time: 0.346506  data_time: 0.120874  memory: 5901  grad_norm: 0.165241  loss: 0.037018  loss_kpt: 0.037018  acc_pose: 1.000000
2026/10/04 18:54:27 - mmengine - INFO - Epoch(train) [202][20/25]  base_lr: 3.218139e-05 lr: 3.218139e-05  eta: 0:01:03  time: 0.342266  data_time: 0.116348  memory: 5901  grad_norm: 0.163834  loss: 0.036878  loss_kpt: 0.036878  acc_pose: 1.000000
2026/10/04 18:54:28 - mmengine - INFO - Exp name: rtmpose-m_lumbar-coco2000_bbox-localpck_20261004_182728
2026/10/04 18:54:32 - mmengine - INFO - Epoch(train) [203][10/25]  base_lr: 3.117802e-05 lr: 3.117802e-05  eta: 0:00:58  time: 0.346019  data_time: 0.120904  memory: 5901  grad_norm: 0.164956  loss: 0.036829  loss_kpt: 0.036829  acc_pose: 1.000000
2026/10/04 18:54:35 - mmengine - INFO - Epoch(train) [203][20/25]  base_lr: 3.055051e-05 lr: 3.055051e-05  eta: 0:00:55  time: 0.339399  data_time: 0.115126  memory: 5901  grad_norm: 0.166328  loss: 0.037258  loss_kpt: 0.037258  acc_pose: 1.000000
2026/10/04 18:54:36 - mmengine - INFO - Exp name: rtmpose-m_lumbar-coco2000_bbox-localpck_20261004_182728
2026/10/04 18:54:41 - mmengine - INFO - Epoch(train) [204][10/25]  base_lr: 2.967156e-05 lr: 2.967156e-05  eta: 0:00:51  time: 0.333009  data_time: 0.108158  memory: 5901  grad_norm: 0.164724  loss: 0.037358  loss_kpt: 0.037358  acc_pose: 1.000000
2026/10/04 18:54:44 - mmengine - INFO - Epoch(train) [204][20/25]  base_lr: 2.912726e-05 lr: 2.912726e-05  eta: 0:00:48  time: 0.340581  data_time: 0.115321  memory: 5901  grad_norm: 0.165553  loss: 0.037571  loss_kpt: 0.037571  acc_pose: 0.999290
2026/10/04 18:54:45 - mmengine - INFO - Exp name: rtmpose-m_lumbar-coco2000_bbox-localpck_20261004_182728
2026/10/04 18:54:49 - mmengine - INFO - Epoch(train) [205][10/25]  base_lr: 2.837351e-05 lr: 2.837351e-05  eta: 0:00:43  time: 0.336128  data_time: 0.111062  memory: 5901  grad_norm: 0.163806  loss: 0.037302  loss_kpt: 0.037302  acc_pose: 1.000000
2026/10/04 18:54:52 - mmengine - INFO - Epoch(train) [205][20/25]  base_lr: 2.791291e-05 lr: 2.791291e-05  eta: 0:00:40  time: 0.341250  data_time: 0.116102  memory: 5901  grad_norm: 0.162594  loss: 0.037126  loss_kpt: 0.037126  acc_pose: 1.000000
2026/10/04 18:54:53 - mmengine - INFO - Exp name: rtmpose-m_lumbar-coco2000_bbox-localpck_20261004_182728
2026/10/04 18:54:58 - mmengine - INFO - Epoch(train) [206][10/25]  base_lr: 2.728504e-05 lr: 2.728504e-05  eta: 0:00:35  time: 0.344737  data_time: 0.121462  memory: 5901  grad_norm: 0.163894  loss: 0.037416  loss_kpt: 0.037416  acc_pose: 1.000000
2026/10/04 18:55:01 - mmengine - INFO - Epoch(train) [206][20/25]  base_lr: 2.690855e-05 lr: 2.690855e-05  eta: 0:00:32  time: 0.339409  data_time: 0.116605  memory: 5901  grad_norm: 0.164463  loss: 0.037165  loss_kpt: 0.037165  acc_pose: 1.000000
2026/10/04 18:55:02 - mmengine - INFO - Exp name: rtmpose-m_lumbar-coco2000_bbox-localpck_20261004_182728
2026/10/04 18:55:06 - mmengine - INFO - Epoch(train) [207][10/25]  base_lr: 2.640711e-05 lr: 2.640711e-05  eta: 0:00:27  time: 0.340646  data_time: 0.118378  memory: 5901  grad_norm: 0.166960  loss: 0.037638  loss_kpt: 0.037638  acc_pose: 1.000000
2026/10/04 18:55:09 - mmengine - INFO - Epoch(train) [207][20/25]  base_lr: 2.611508e-05 lr: 2.611508e-05  eta: 0:00:24  time: 0.335149  data_time: 0.112740  memory: 5901  grad_norm: 0.167088  loss: 0.037434  loss_kpt: 0.037434  acc_pose: 1.000000
2026/10/04 18:55:10 - mmengine - INFO - Exp name: rtmpose-m_lumbar-coco2000_bbox-localpck_20261004_182728
2026/10/04 18:55:15 - mmengine - INFO - Epoch(train) [208][10/25]  base_lr: 2.574052e-05 lr: 2.574052e-05  eta: 0:00:20  time: 0.342496  data_time: 0.121387  memory: 5901  grad_norm: 0.163509  loss: 0.037098  loss_kpt: 0.037098  acc_pose: 1.000000
2026/10/04 18:55:17 - mmengine - INFO - Epoch(train) [208][20/25]  base_lr: 2.553320e-05 lr: 2.553320e-05  eta: 0:00:17  time: 0.338699  data_time: 0.118140  memory: 5901  grad_norm: 0.162805  loss: 0.037072  loss_kpt: 0.037072  acc_pose: 1.000000
2026/10/04 18:55:19 - mmengine - INFO - Exp name: rtmpose-m_lumbar-coco2000_bbox-localpck_20261004_182728
2026/10/04 18:55:24 - mmengine - INFO - Epoch(train) [209][10/25]  base_lr: 2.528586e-05 lr: 2.528586e-05  eta: 0:00:12  time: 0.343574  data_time: 0.122144  memory: 5901  grad_norm: 0.160666  loss: 0.036849  loss_kpt: 0.036849  acc_pose: 1.000000
2026/10/04 18:55:26 - mmengine - INFO - Epoch(train) [209][20/25]  base_lr: 2.516344e-05 lr: 2.516344e-05  eta: 0:00:09  time: 0.344264  data_time: 0.123470  memory: 5901  grad_norm: 0.159774  loss: 0.036772  loss_kpt: 0.036772  acc_pose: 1.000000
2026/10/04 18:55:27 - mmengine - INFO - Exp name: rtmpose-m_lumbar-coco2000_bbox-localpck_20261004_182728
2026/10/04 18:55:32 - mmengine - INFO - Epoch(train) [210][10/25]  base_lr: 2.504354e-05 lr: 2.504354e-05  eta: 0:00:04  time: 0.336318  data_time: 0.114158  memory: 5901  grad_norm: 0.161769  loss: 0.036727  loss_kpt: 0.036727  acc_pose: 1.000000
2026/10/04 18:55:34 - mmengine - INFO - Epoch(train) [210][20/25]  base_lr: 2.500612e-05 lr: 2.500612e-05  eta: 0:00:01  time: 0.336193  data_time: 0.112980  memory: 5901  grad_norm: 0.161348  loss: 0.036872  loss_kpt: 0.036872  acc_pose: 1.000000
2026/10/04 18:55:36 - mmengine - INFO - Saved augmentation comparison: /home/PavYtr/Projects/cv/work_dirs/rtmpose-m-lumbar-coco2000-randombbox-localpck/augmentation_comparisons/iter_0005250_sample_0449.jpg
2026/10/04 18:55:36 - mmengine - INFO - Exp name: rtmpose-m_lumbar-coco2000_bbox-localpck_20261004_182728
2026/10/04 18:55:36 - mmengine - INFO - Saving checkpoint at 210 epochs
2026/10/04 18:55:37 - mmengine - INFO - Epoch(val) [210][10/13]    eta: 0:00:00  time: 0.074866  data_time: 0.051860  memory: 5901  
2026/10/04 18:55:37 - mmengine - INFO - Epoch(val) [210][13/13]    LocalPCK/segment@0.1/PCK: 0.968864  data_time: 0.047260  time: 0.070629
