2026/09/22 19:32:49 - mmengine - INFO - 
------------------------------------------------------------
System environment:
    sys.platform: linux
    Python: 3.10.21 (main, Aug 27 2026, 14:42:07) [GCC 14.3.0]
    CUDA available: True
    MUSA available: False
    numpy_random_seed: 21
    GPU 0: NVIDIA GeForce RTX 5070 Ti
    CUDA_HOME: /home/PavYtr/miniconda3/envs/mmpose
    NVCC: Cuda compilation tools, release 13.0, V13.0.88
    GCC: gcc (GCC) 16.2.1 20260810
    PyTorch: 2.14.0+cu130
    PyTorch compiling details: PyTorch built with:
  - GCC 13.3
  - C++ Version: 202002
  - Intel(R) oneAPI Math Kernel Library Version 2024.2-Product Build 20240605 for Intel(R) 64 architecture applications
  - Intel(R) MKL-DNN v3.12.0 (Git Hash 80afa71049cd69a3df32adcccb623b12cd7baa22)
  - OpenMP 201511 (a.k.a. OpenMP 4.5)
  - LAPACK is enabled (usually provided by MKL)
  - NNPACK is enabled
  - CPU capability usage: AVX2
  - CUDA Runtime 13.0
  - NVCC architecture flags: -gencode;arch=compute_75,code=sm_75;-gencode;arch=compute_80,code=sm_80;-gencode;arch=compute_86,code=sm_86;-gencode;arch=compute_90,code=sm_90;-gencode;arch=compute_100,code=sm_100;-gencode;arch=compute_120,code=sm_120
  - CuDNN 92.4  (built against CUDA 13.3)
  - Magma 2.6.1
  - Build settings: BLAS_INFO=mkl, BUILD_TYPE=Release, COMMIT_SHA=08187d9e0fba026dc8217405802ab5381dc88d90, CUDA_FLAGS= -DLIBCUDACXX_ENABLE_SIMPLIFIED_COMPLEX_OPERATIONS -Xfatbin -compress-all -DONNX_NAMESPACE=onnx_torch -gencode arch=compute_75,code=sm_75 -gencode arch=compute_80,code=sm_80 -gencode arch=compute_86,code=sm_86 -gencode arch=compute_90,code=sm_90 -gencode arch=compute_100,code=sm_100 -gencode arch=compute_120,code=sm_120 -Xcudafe --diag_suppress=cc_clobber_ignored,--diag_suppress=field_without_dll_interface,--diag_suppress=base_class_has_different_dll_interface,--diag_suppress=dll_interface_conflict_none_assumed,--diag_suppress=dll_interface_conflict_dllexport_assumed,--diag_suppress=bad_friend_decl --expt-relaxed-constexpr --expt-extended-lambda -Xfatbin -compress-all --threads 2 -compress-mode=size -Wno-deprecated-gpu-targets --expt-extended-lambda -DCUB_WRAPPED_NAMESPACE=at_cuda_detail -DDISABLE_CUSPARSE_DEPRECATED -DCUDA_HAS_FP16=1 -D__CUDA_NO_HALF_OPERATORS__ -D__CUDA_NO_HALF_CONVERSIONS__ -D__CUDA_NO_HALF2_OPERATORS__ -D__CUDA_NO_BFLOAT16_CONVERSIONS__ -DC10_NODEPRECATED, CUDA_VERSION=13.0, CUDNN_VERSION=9.24.0, CXX_COMPILER=/opt/rh/gcc-toolset-13/root/usr/bin/c++, CXX_FLAGS= -fvisibility-inlines-hidden -DUSE_PTHREADPOOL -DNDEBUG -DUSE_KINETO -DHAS_CUPTI -DUSE_FBGEMM -DUSE_MSLK -DUSE_PYTORCH_QNNPACK -DSYMBOLICATE_MOBILE_DEBUG_HANDLE -O2 -fPIC -DC10_NODEPRECATED -Wall -Wextra -Werror=return-type -Werror=non-virtual-dtor -Werror=range-loop-construct -Werror=bool-operation -Wnarrowing -Wno-missing-field-initializers -Wno-unknown-pragmas -Wno-unused-parameter -Wno-strict-overflow -Wno-strict-aliasing -Wno-stringop-overflow -Wsuggest-override -Wno-psabi -Wno-error=old-style-cast -faligned-new -Wno-maybe-uninitialized -fno-math-errno -fno-trapping-math -Werror=format -Wno-dangling-reference -Wno-error=dangling-reference -Wno-stringop-overflow, LAPACK_INFO=mkl, PERF_WITH_AVX=1, PERF_WITH_AVX2=1, TORCH_VERSION=2.14.0, USE_CUDA=1, USE_CUDNN=ON, USE_CUSPARSELT=1, USE_GFLAGS=OFF, USE_GLOG=OFF, USE_GLOO=ON, USE_HIPSPARSELT=OFF, USE_MKL=ON, USE_MKLDNN=ON, USE_MPI=OFF, USE_NCCL=ON, USE_NNPACK=ON, USE_OPENMP=ON, USE_ROCM=OFF, USE_ROCM_KERNEL_ASSERT=OFF, USE_XCCL=OFF, USE_XPU=OFF, 

    TorchVision: 0.29.0+cu130
    OpenCV: 4.14.0
    MMEngine: 0.10.7

Runtime environment:
    cudnn_benchmark: False
    mp_cfg: {'mp_start_method': 'fork', 'opencv_num_threads': 0}
    dist_cfg: {'backend': 'nccl'}
    seed: 21
    Distributed launcher: none
    Distributed training: False
    GPU number: 1
------------------------------------------------------------

2026/09/22 19:32:49 - mmengine - INFO - Config:
BATCH = 64
MAX_EPOCHS = 210
WORKERS = 8
auto_scale_lr = dict(base_batch_size=32)
backend_args = dict(backend='local')
base_lr = 0.0005
codec = dict(
    input_size=(
        256,
        512,
    ),
    normalize=False,
    sigma=(
        6.0,
        9.0,
    ),
    simcc_split_ratio=2.0,
    type='SimCCLabel',
    use_dark=False)
custom_hooks = [
    dict(
        ema_type='ExpMomentumEMA',
        momentum=0.0002,
        priority=49,
        type='EMAHook',
        update_buffers=True),
]
data_mode = 'topdown'
data_root = 'data/LumbarCoco2000/'
dataset_type = 'CocoDataset'
default_hooks = dict(
    badcase=dict(
        _scope_='mmpose',
        badcase_thr=5,
        enable=False,
        metric_type='loss',
        out_dir='badcase',
        type='BadCaseAnalysisHook'),
    checkpoint=dict(
        _scope_='mmpose',
        interval=10,
        max_keep_ckpts=3,
        rule='greater',
        save_best='PCK@0.05/PCK',
        type='CheckpointHook'),
    logger=dict(_scope_='mmpose', interval=10, type='LoggerHook'),
    param_scheduler=dict(_scope_='mmpose', type='ParamSchedulerHook'),
    sampler_seed=dict(_scope_='mmpose', type='DistSamplerSeedHook'),
    timer=dict(_scope_='mmpose', type='IterTimerHook'),
    visualization=dict(
        _scope_='mmpose', enable=False, type='PoseVisualizationHook'))
default_scope = 'mmpose'
env_cfg = dict(
    cudnn_benchmark=False,
    dist_cfg=dict(backend='nccl'),
    mp_cfg=dict(mp_start_method='fork', opencv_num_threads=0))
input_size = (
    256,
    512,
)
launcher = 'none'
load_from = None
log_level = 'INFO'
log_processor = dict(
    _scope_='mmpose',
    by_epoch=True,
    num_digits=6,
    type='LogProcessor',
    window_size=50)
metainfo = dict(from_file='configs/_base_/datasets/lumbar_coco.py')
model = dict(
    backbone=dict(
        _scope_='mmdet',
        act_cfg=dict(type='SiLU'),
        arch='P5',
        channel_attention=True,
        deepen_factor=0.67,
        expand_ratio=0.5,
        init_cfg=dict(
            checkpoint=
            'https://download.openmmlab.com/mmpose/v1/projects/rtmposev1/cspnext-m_udp-aic-coco_210e-256x192-f2f7d6f6_20230130.pth',
            prefix='backbone.',
            type='Pretrained'),
        norm_cfg=dict(type='SyncBN'),
        out_indices=(4, ),
        type='CSPNeXt',
        widen_factor=0.75),
    data_preprocessor=dict(
        bgr_to_rgb=True,
        mean=[
            123.675,
            116.28,
            103.53,
        ],
        std=[
            58.395,
            57.12,
            57.375,
        ],
        type='PoseDataPreprocessor'),
    head=dict(
        decoder=dict(
            input_size=(
                256,
                512,
            ),
            normalize=False,
            sigma=(
                6.0,
                9.0,
            ),
            simcc_split_ratio=2.0,
            type='SimCCLabel',
            use_dark=False),
        final_layer_kernel_size=7,
        gau_cfg=dict(
            act_fn='SiLU',
            drop_path=0.0,
            dropout_rate=0.0,
            expansion_factor=2,
            hidden_dims=256,
            pos_enc=False,
            s=128,
            use_rel_bias=False),
        in_channels=768,
        in_featuremap_size=(
            8,
            16,
        ),
        input_size=(
            256,
            512,
        ),
        loss=dict(
            beta=10.0,
            label_softmax=True,
            type='KLDiscretLoss',
            use_target_weight=True),
        out_channels=22,
        simcc_split_ratio=2.0,
        type='RTMCCHead'),
    test_cfg=dict(flip_test=False),
    type='TopdownPoseEstimator')
num_keypoints = 22
optim_wrapper = dict(
    clip_grad=dict(max_norm=35, norm_type=2),
    loss_scale='dynamic',
    optimizer=dict(lr=0.0005, type='AdamW', weight_decay=0.05),
    paramwise_cfg=dict(
        bias_decay_mult=0, bypass_duplicate=True, norm_decay_mult=0),
    type='AmpOptimWrapper')
param_scheduler = [
    dict(
        begin=0, by_epoch=False, end=500, start_factor=1e-05, type='LinearLR'),
    dict(
        T_max=105,
        begin=105,
        by_epoch=True,
        convert_to_iter_based=True,
        end=210,
        eta_min=2.5e-05,
        type='CosineAnnealingLR'),
]
randomness = dict(seed=21)
resume = False
test_cfg = dict()
test_dataloader = dict(
    batch_size=16,
    dataset=dict(
        ann_file='annotations/lumbar_keypoints_test.json',
        data_mode='topdown',
        data_prefix=dict(img='images/'),
        data_root='data/LumbarCoco2000/',
        metainfo=dict(from_file='configs/_base_/datasets/lumbar_coco.py'),
        pipeline=[
            dict(backend_args=dict(backend='local'), type='LoadImage'),
            dict(padding=1.15, type='GetBBoxCenterScale'),
            dict(input_size=(
                256,
                512,
            ), type='TopdownAffine'),
            dict(type='PackPoseInputs'),
        ],
        test_mode=True,
        type='CocoDataset'),
    drop_last=False,
    num_workers=4,
    persistent_workers=True,
    sampler=dict(round_up=False, shuffle=False, type='DefaultSampler'))
test_evaluator = [
    dict(
        ann_file='data/LumbarCoco2000/annotations/lumbar_keypoints_test.json',
        type='CocoMetric'),
    dict(norm_item='bbox', prefix='PCK@0.05', thr=0.05, type='PCKAccuracy'),
    dict(norm_item='bbox', prefix='PCK@0.03', thr=0.03, type='PCKAccuracy'),
    dict(norm_item='bbox', prefix='PCK@0.02', thr=0.02, type='PCKAccuracy'),
    dict(norm_item='bbox', prefix='PCK@0.01', thr=0.01, type='PCKAccuracy'),
]
train_cfg = dict(by_epoch=True, max_epochs=210, val_interval=10)
train_dataloader = dict(
    batch_size=64,
    dataset=dict(
        ann_file='annotations/lumbar_keypoints_train.json',
        data_mode='topdown',
        data_prefix=dict(img='images/'),
        data_root='data/LumbarCoco2000/',
        metainfo=dict(from_file='configs/_base_/datasets/lumbar_coco.py'),
        pipeline=[
            dict(backend_args=dict(backend='local'), type='LoadImage'),
            dict(padding=1.15, type='GetBBoxCenterScale'),
            dict(
                rotate_factor=15,
                scale_factor=[
                    0.85,
                    1.15,
                ],
                shift_factor=0.1,
                type='RandomBBoxTransform'),
            dict(input_size=(
                256,
                512,
            ), type='TopdownAffine'),
            dict(
                encoder=dict(
                    input_size=(
                        256,
                        512,
                    ),
                    normalize=False,
                    sigma=(
                        6.0,
                        9.0,
                    ),
                    simcc_split_ratio=2.0,
                    type='SimCCLabel',
                    use_dark=False),
                type='GenerateTarget'),
            dict(type='PackPoseInputs'),
        ],
        type='CocoDataset'),
    num_workers=8,
    persistent_workers=True,
    sampler=dict(shuffle=True, type='DefaultSampler'))
train_pipeline = [
    dict(backend_args=dict(backend='local'), type='LoadImage'),
    dict(padding=1.15, type='GetBBoxCenterScale'),
    dict(
        rotate_factor=15,
        scale_factor=[
            0.85,
            1.15,
        ],
        shift_factor=0.1,
        type='RandomBBoxTransform'),
    dict(input_size=(
        256,
        512,
    ), type='TopdownAffine'),
    dict(
        encoder=dict(
            input_size=(
                256,
                512,
            ),
            normalize=False,
            sigma=(
                6.0,
                9.0,
            ),
            simcc_split_ratio=2.0,
            type='SimCCLabel',
            use_dark=False),
        type='GenerateTarget'),
    dict(type='PackPoseInputs'),
]
val_cfg = dict()
val_dataloader = dict(
    batch_size=16,
    dataset=dict(
        ann_file='annotations/lumbar_keypoints_val.json',
        data_mode='topdown',
        data_prefix=dict(img='images/'),
        data_root='data/LumbarCoco2000/',
        metainfo=dict(from_file='configs/_base_/datasets/lumbar_coco.py'),
        pipeline=[
            dict(backend_args=dict(backend='local'), type='LoadImage'),
            dict(padding=1.15, type='GetBBoxCenterScale'),
            dict(input_size=(
                256,
                512,
            ), type='TopdownAffine'),
            dict(type='PackPoseInputs'),
        ],
        test_mode=True,
        type='CocoDataset'),
    drop_last=False,
    num_workers=4,
    persistent_workers=True,
    sampler=dict(round_up=False, shuffle=False, type='DefaultSampler'))
val_evaluator = [
    dict(
        ann_file='data/LumbarCoco2000/annotations/lumbar_keypoints_val.json',
        type='CocoMetric'),
    dict(norm_item='bbox', prefix='PCK@0.05', thr=0.05, type='PCKAccuracy'),
    dict(norm_item='bbox', prefix='PCK@0.03', thr=0.03, type='PCKAccuracy'),
    dict(norm_item='bbox', prefix='PCK@0.02', thr=0.02, type='PCKAccuracy'),
    dict(norm_item='bbox', prefix='PCK@0.01', thr=0.01, type='PCKAccuracy'),
]
val_pipeline = [
    dict(backend_args=dict(backend='local'), type='LoadImage'),
    dict(padding=1.15, type='GetBBoxCenterScale'),
    dict(input_size=(
        256,
        512,
    ), type='TopdownAffine'),
    dict(type='PackPoseInputs'),
]
vis_backends = [
    dict(_scope_='mmpose', type='LocalVisBackend'),
]
visualizer = dict(
    _scope_='mmpose',
    name='visualizer',
    type='PoseLocalVisualizer',
    vis_backends=[
        dict(type='LocalVisBackend'),
        dict(type='TensorboardVisBackend'),
    ])
work_dir = 'work_dirs/rtmpose-m-lumbar-coco2000-210e'

2026/09/22 19:32:50 - mmengine - INFO - Distributed training is not used, all SyncBatchNorm (SyncBN) layers in the model will be automatically reverted to BatchNormXd layers if they are used.
2026/09/22 19:32:50 - mmengine - INFO - Hooks will be executed in the following order:
before_run:
(VERY_HIGH   ) RuntimeInfoHook                    
(49          ) EMAHook                            
(BELOW_NORMAL) LoggerHook                         
 -------------------- 
after_load_checkpoint:
(49          ) EMAHook                            
 -------------------- 
before_train:
(VERY_HIGH   ) RuntimeInfoHook                    
(49          ) EMAHook                            
(NORMAL      ) IterTimerHook                      
(VERY_LOW    ) CheckpointHook                     
 -------------------- 
before_train_epoch:
(VERY_HIGH   ) RuntimeInfoHook                    
(NORMAL      ) IterTimerHook                      
(NORMAL      ) DistSamplerSeedHook                
 -------------------- 
before_train_iter:
(VERY_HIGH   ) RuntimeInfoHook                    
(NORMAL      ) IterTimerHook                      
 -------------------- 
after_train_iter:
(VERY_HIGH   ) RuntimeInfoHook                    
(49          ) EMAHook                            
(NORMAL      ) IterTimerHook                      
(BELOW_NORMAL) LoggerHook                         
(LOW         ) ParamSchedulerHook                 
(VERY_LOW    ) CheckpointHook                     
 -------------------- 
after_train_epoch:
(NORMAL      ) IterTimerHook                      
(LOW         ) ParamSchedulerHook                 
(VERY_LOW    ) CheckpointHook                     
 -------------------- 
before_val:
(VERY_HIGH   ) RuntimeInfoHook                    
 -------------------- 
before_val_epoch:
(49          ) EMAHook                            
(NORMAL      ) IterTimerHook                      
 -------------------- 
before_val_iter:
(NORMAL      ) IterTimerHook                      
 -------------------- 
after_val_iter:
(NORMAL      ) IterTimerHook                      
(NORMAL      ) PoseVisualizationHook              
(BELOW_NORMAL) LoggerHook                         
 -------------------- 
after_val_epoch:
(VERY_HIGH   ) RuntimeInfoHook                    
(49          ) EMAHook                            
(NORMAL      ) IterTimerHook                      
(BELOW_NORMAL) LoggerHook                         
(LOW         ) ParamSchedulerHook                 
(VERY_LOW    ) CheckpointHook                     
 -------------------- 
after_val:
(VERY_HIGH   ) RuntimeInfoHook                    
 -------------------- 
before_save_checkpoint:
(49          ) EMAHook                            
 -------------------- 
after_train:
(VERY_HIGH   ) RuntimeInfoHook                    
(VERY_LOW    ) CheckpointHook                     
 -------------------- 
before_test:
(VERY_HIGH   ) RuntimeInfoHook                    
 -------------------- 
before_test_epoch:
(49          ) EMAHook                            
(NORMAL      ) IterTimerHook                      
 -------------------- 
before_test_iter:
(NORMAL      ) IterTimerHook                      
 -------------------- 
after_test_iter:
(NORMAL      ) IterTimerHook                      
(NORMAL      ) PoseVisualizationHook              
(NORMAL      ) BadCaseAnalysisHook                
(BELOW_NORMAL) LoggerHook                         
 -------------------- 
after_test_epoch:
(VERY_HIGH   ) RuntimeInfoHook                    
(49          ) EMAHook                            
(NORMAL      ) IterTimerHook                      
(NORMAL      ) BadCaseAnalysisHook                
(BELOW_NORMAL) LoggerHook                         
 -------------------- 
after_test:
(VERY_HIGH   ) RuntimeInfoHook                    
 -------------------- 
after_run:
(BELOW_NORMAL) LoggerHook                         
 -------------------- 
2026/09/22 19:32:50 - mmengine - INFO - paramwise_options -- backbone.stem.0.bn.weight:weight_decay=0.0
2026/09/22 19:32:50 - mmengine - INFO - paramwise_options -- backbone.stem.0.bn.bias:weight_decay=0.0
2026/09/22 19:32:50 - mmengine - INFO - paramwise_options -- backbone.stem.1.bn.weight:weight_decay=0.0
2026/09/22 19:32:50 - mmengine - INFO - paramwise_options -- backbone.stem.1.bn.bias:weight_decay=0.0
2026/09/22 19:32:50 - mmengine - INFO - paramwise_options -- backbone.stem.2.bn.weight:weight_decay=0.0
2026/09/22 19:32:50 - mmengine - INFO - paramwise_options -- backbone.stem.2.bn.bias:weight_decay=0.0
2026/09/22 19:32:50 - mmengine - INFO - paramwise_options -- backbone.stage1.0.bn.weight:weight_decay=0.0
2026/09/22 19:32:50 - mmengine - INFO - paramwise_options -- backbone.stage1.0.bn.bias:weight_decay=0.0
2026/09/22 19:32:50 - mmengine - INFO - paramwise_options -- backbone.stage1.1.main_conv.bn.weight:weight_decay=0.0
2026/09/22 19:32:50 - mmengine - INFO - paramwise_options -- backbone.stage1.1.main_conv.bn.bias:weight_decay=0.0
2026/09/22 19:32:50 - mmengine - INFO - paramwise_options -- backbone.stage1.1.short_conv.bn.weight:weight_decay=0.0
2026/09/22 19:32:50 - mmengine - INFO - paramwise_options -- backbone.stage1.1.short_conv.bn.bias:weight_decay=0.0
2026/09/22 19:32:50 - mmengine - INFO - paramwise_options -- backbone.stage1.1.final_conv.bn.weight:weight_decay=0.0
2026/09/22 19:32:50 - mmengine - INFO - paramwise_options -- backbone.stage1.1.final_conv.bn.bias:weight_decay=0.0
2026/09/22 19:32:50 - mmengine - INFO - paramwise_options -- backbone.stage1.1.blocks.0.conv1.bn.weight:weight_decay=0.0
2026/09/22 19:32:50 - mmengine - INFO - paramwise_options -- backbone.stage1.1.blocks.0.conv1.bn.bias:weight_decay=0.0
2026/09/22 19:32:50 - mmengine - INFO - paramwise_options -- backbone.stage1.1.blocks.0.conv2.depthwise_conv.bn.weight:weight_decay=0.0
2026/09/22 19:32:50 - mmengine - INFO - paramwise_options -- backbone.stage1.1.blocks.0.conv2.depthwise_conv.bn.bias:weight_decay=0.0
2026/09/22 19:32:50 - mmengine - INFO - paramwise_options -- backbone.stage1.1.blocks.0.conv2.pointwise_conv.bn.weight:weight_decay=0.0
2026/09/22 19:32:50 - mmengine - INFO - paramwise_options -- backbone.stage1.1.blocks.0.conv2.pointwise_conv.bn.bias:weight_decay=0.0
2026/09/22 19:32:50 - mmengine - INFO - paramwise_options -- backbone.stage1.1.blocks.1.conv1.bn.weight:weight_decay=0.0
2026/09/22 19:32:50 - mmengine - INFO - paramwise_options -- backbone.stage1.1.blocks.1.conv1.bn.bias:weight_decay=0.0
2026/09/22 19:32:50 - mmengine - INFO - paramwise_options -- backbone.stage1.1.blocks.1.conv2.depthwise_conv.bn.weight:weight_decay=0.0
2026/09/22 19:32:50 - mmengine - INFO - paramwise_options -- backbone.stage1.1.blocks.1.conv2.depthwise_conv.bn.bias:weight_decay=0.0
2026/09/22 19:32:50 - mmengine - INFO - paramwise_options -- backbone.stage1.1.blocks.1.conv2.pointwise_conv.bn.weight:weight_decay=0.0
2026/09/22 19:32:50 - mmengine - INFO - paramwise_options -- backbone.stage1.1.blocks.1.conv2.pointwise_conv.bn.bias:weight_decay=0.0
2026/09/22 19:32:50 - mmengine - INFO - paramwise_options -- backbone.stage1.1.attention.fc.bias:weight_decay=0.0
2026/09/22 19:32:50 - mmengine - INFO - paramwise_options -- backbone.stage2.0.bn.weight:weight_decay=0.0
2026/09/22 19:32:50 - mmengine - INFO - paramwise_options -- backbone.stage2.0.bn.bias:weight_decay=0.0
2026/09/22 19:32:50 - mmengine - INFO - paramwise_options -- backbone.stage2.1.main_conv.bn.weight:weight_decay=0.0
2026/09/22 19:32:50 - mmengine - INFO - paramwise_options -- backbone.stage2.1.main_conv.bn.bias:weight_decay=0.0
2026/09/22 19:32:50 - mmengine - INFO - paramwise_options -- backbone.stage2.1.short_conv.bn.weight:weight_decay=0.0
2026/09/22 19:32:50 - mmengine - INFO - paramwise_options -- backbone.stage2.1.short_conv.bn.bias:weight_decay=0.0
2026/09/22 19:32:50 - mmengine - INFO - paramwise_options -- backbone.stage2.1.final_conv.bn.weight:weight_decay=0.0
2026/09/22 19:32:50 - mmengine - INFO - paramwise_options -- backbone.stage2.1.final_conv.bn.bias:weight_decay=0.0
2026/09/22 19:32:50 - mmengine - INFO - paramwise_options -- backbone.stage2.1.blocks.0.conv1.bn.weight:weight_decay=0.0
2026/09/22 19:32:50 - mmengine - INFO - paramwise_options -- backbone.stage2.1.blocks.0.conv1.bn.bias:weight_decay=0.0
2026/09/22 19:32:50 - mmengine - INFO - paramwise_options -- backbone.stage2.1.blocks.0.conv2.depthwise_conv.bn.weight:weight_decay=0.0
2026/09/22 19:32:50 - mmengine - INFO - paramwise_options -- backbone.stage2.1.blocks.0.conv2.depthwise_conv.bn.bias:weight_decay=0.0
2026/09/22 19:32:50 - mmengine - INFO - paramwise_options -- backbone.stage2.1.blocks.0.conv2.pointwise_conv.bn.weight:weight_decay=0.0
2026/09/22 19:32:50 - mmengine - INFO - paramwise_options -- backbone.stage2.1.blocks.0.conv2.pointwise_conv.bn.bias:weight_decay=0.0
2026/09/22 19:32:50 - mmengine - INFO - paramwise_options -- backbone.stage2.1.blocks.1.conv1.bn.weight:weight_decay=0.0
2026/09/22 19:32:50 - mmengine - INFO - paramwise_options -- backbone.stage2.1.blocks.1.conv1.bn.bias:weight_decay=0.0
2026/09/22 19:32:50 - mmengine - INFO - paramwise_options -- backbone.stage2.1.blocks.1.conv2.depthwise_conv.bn.weight:weight_decay=0.0
2026/09/22 19:32:50 - mmengine - INFO - paramwise_options -- backbone.stage2.1.blocks.1.conv2.depthwise_conv.bn.bias:weight_decay=0.0
2026/09/22 19:32:50 - mmengine - INFO - paramwise_options -- backbone.stage2.1.blocks.1.conv2.pointwise_conv.bn.weight:weight_decay=0.0
2026/09/22 19:32:50 - mmengine - INFO - paramwise_options -- backbone.stage2.1.blocks.1.conv2.pointwise_conv.bn.bias:weight_decay=0.0
2026/09/22 19:32:50 - mmengine - INFO - paramwise_options -- backbone.stage2.1.blocks.2.conv1.bn.weight:weight_decay=0.0
2026/09/22 19:32:50 - mmengine - INFO - paramwise_options -- backbone.stage2.1.blocks.2.conv1.bn.bias:weight_decay=0.0
2026/09/22 19:32:50 - mmengine - INFO - paramwise_options -- backbone.stage2.1.blocks.2.conv2.depthwise_conv.bn.weight:weight_decay=0.0
2026/09/22 19:32:50 - mmengine - INFO - paramwise_options -- backbone.stage2.1.blocks.2.conv2.depthwise_conv.bn.bias:weight_decay=0.0
2026/09/22 19:32:50 - mmengine - INFO - paramwise_options -- backbone.stage2.1.blocks.2.conv2.pointwise_conv.bn.weight:weight_decay=0.0
2026/09/22 19:32:50 - mmengine - INFO - paramwise_options -- backbone.stage2.1.blocks.2.conv2.pointwise_conv.bn.bias:weight_decay=0.0
2026/09/22 19:32:50 - mmengine - INFO - paramwise_options -- backbone.stage2.1.blocks.3.conv1.bn.weight:weight_decay=0.0
2026/09/22 19:32:50 - mmengine - INFO - paramwise_options -- backbone.stage2.1.blocks.3.conv1.bn.bias:weight_decay=0.0
2026/09/22 19:32:50 - mmengine - INFO - paramwise_options -- backbone.stage2.1.blocks.3.conv2.depthwise_conv.bn.weight:weight_decay=0.0
2026/09/22 19:32:50 - mmengine - INFO - paramwise_options -- backbone.stage2.1.blocks.3.conv2.depthwise_conv.bn.bias:weight_decay=0.0
2026/09/22 19:32:50 - mmengine - INFO - paramwise_options -- backbone.stage2.1.blocks.3.conv2.pointwise_conv.bn.weight:weight_decay=0.0
2026/09/22 19:32:50 - mmengine - INFO - paramwise_options -- backbone.stage2.1.blocks.3.conv2.pointwise_conv.bn.bias:weight_decay=0.0
2026/09/22 19:32:50 - mmengine - INFO - paramwise_options -- backbone.stage2.1.attention.fc.bias:weight_decay=0.0
2026/09/22 19:32:50 - mmengine - INFO - paramwise_options -- backbone.stage3.0.bn.weight:weight_decay=0.0
2026/09/22 19:32:50 - mmengine - INFO - paramwise_options -- backbone.stage3.0.bn.bias:weight_decay=0.0
2026/09/22 19:32:50 - mmengine - INFO - paramwise_options -- backbone.stage3.1.main_conv.bn.weight:weight_decay=0.0
2026/09/22 19:32:50 - mmengine - INFO - paramwise_options -- backbone.stage3.1.main_conv.bn.bias:weight_decay=0.0
2026/09/22 19:32:50 - mmengine - INFO - paramwise_options -- backbone.stage3.1.short_conv.bn.weight:weight_decay=0.0
2026/09/22 19:32:50 - mmengine - INFO - paramwise_options -- backbone.stage3.1.short_conv.bn.bias:weight_decay=0.0
2026/09/22 19:32:50 - mmengine - INFO - paramwise_options -- backbone.stage3.1.final_conv.bn.weight:weight_decay=0.0
2026/09/22 19:32:50 - mmengine - INFO - paramwise_options -- backbone.stage3.1.final_conv.bn.bias:weight_decay=0.0
2026/09/22 19:32:50 - mmengine - INFO - paramwise_options -- backbone.stage3.1.blocks.0.conv1.bn.weight:weight_decay=0.0
2026/09/22 19:32:50 - mmengine - INFO - paramwise_options -- backbone.stage3.1.blocks.0.conv1.bn.bias:weight_decay=0.0
2026/09/22 19:32:50 - mmengine - INFO - paramwise_options -- backbone.stage3.1.blocks.0.conv2.depthwise_conv.bn.weight:weight_decay=0.0
2026/09/22 19:32:50 - mmengine - INFO - paramwise_options -- backbone.stage3.1.blocks.0.conv2.depthwise_conv.bn.bias:weight_decay=0.0
2026/09/22 19:32:50 - mmengine - INFO - paramwise_options -- backbone.stage3.1.blocks.0.conv2.pointwise_conv.bn.weight:weight_decay=0.0
2026/09/22 19:32:50 - mmengine - INFO - paramwise_options -- backbone.stage3.1.blocks.0.conv2.pointwise_conv.bn.bias:weight_decay=0.0
2026/09/22 19:32:50 - mmengine - INFO - paramwise_options -- backbone.stage3.1.blocks.1.conv1.bn.weight:weight_decay=0.0
2026/09/22 19:32:50 - mmengine - INFO - paramwise_options -- backbone.stage3.1.blocks.1.conv1.bn.bias:weight_decay=0.0
2026/09/22 19:32:50 - mmengine - INFO - paramwise_options -- backbone.stage3.1.blocks.1.conv2.depthwise_conv.bn.weight:weight_decay=0.0
2026/09/22 19:32:50 - mmengine - INFO - paramwise_options -- backbone.stage3.1.blocks.1.conv2.depthwise_conv.bn.bias:weight_decay=0.0
2026/09/22 19:32:50 - mmengine - INFO - paramwise_options -- backbone.stage3.1.blocks.1.conv2.pointwise_conv.bn.weight:weight_decay=0.0
2026/09/22 19:32:50 - mmengine - INFO - paramwise_options -- backbone.stage3.1.blocks.1.conv2.pointwise_conv.bn.bias:weight_decay=0.0
2026/09/22 19:32:50 - mmengine - INFO - paramwise_options -- backbone.stage3.1.blocks.2.conv1.bn.weight:weight_decay=0.0
2026/09/22 19:32:50 - mmengine - INFO - paramwise_options -- backbone.stage3.1.blocks.2.conv1.bn.bias:weight_decay=0.0
2026/09/22 19:32:50 - mmengine - INFO - paramwise_options -- backbone.stage3.1.blocks.2.conv2.depthwise_conv.bn.weight:weight_decay=0.0
2026/09/22 19:32:50 - mmengine - INFO - paramwise_options -- backbone.stage3.1.blocks.2.conv2.depthwise_conv.bn.bias:weight_decay=0.0
2026/09/22 19:32:50 - mmengine - INFO - paramwise_options -- backbone.stage3.1.blocks.2.conv2.pointwise_conv.bn.weight:weight_decay=0.0
2026/09/22 19:32:50 - mmengine - INFO - paramwise_options -- backbone.stage3.1.blocks.2.conv2.pointwise_conv.bn.bias:weight_decay=0.0
2026/09/22 19:32:50 - mmengine - INFO - paramwise_options -- backbone.stage3.1.blocks.3.conv1.bn.weight:weight_decay=0.0
2026/09/22 19:32:50 - mmengine - INFO - paramwise_options -- backbone.stage3.1.blocks.3.conv1.bn.bias:weight_decay=0.0
2026/09/22 19:32:50 - mmengine - INFO - paramwise_options -- backbone.stage3.1.blocks.3.conv2.depthwise_conv.bn.weight:weight_decay=0.0
2026/09/22 19:32:50 - mmengine - INFO - paramwise_options -- backbone.stage3.1.blocks.3.conv2.depthwise_conv.bn.bias:weight_decay=0.0
2026/09/22 19:32:50 - mmengine - INFO - paramwise_options -- backbone.stage3.1.blocks.3.conv2.pointwise_conv.bn.weight:weight_decay=0.0
2026/09/22 19:32:50 - mmengine - INFO - paramwise_options -- backbone.stage3.1.blocks.3.conv2.pointwise_conv.bn.bias:weight_decay=0.0
2026/09/22 19:32:50 - mmengine - INFO - paramwise_options -- backbone.stage3.1.attention.fc.bias:weight_decay=0.0
2026/09/22 19:32:50 - mmengine - INFO - paramwise_options -- backbone.stage4.0.bn.weight:weight_decay=0.0
2026/09/22 19:32:50 - mmengine - INFO - paramwise_options -- backbone.stage4.0.bn.bias:weight_decay=0.0
2026/09/22 19:32:50 - mmengine - INFO - paramwise_options -- backbone.stage4.1.conv1.bn.weight:weight_decay=0.0
2026/09/22 19:32:50 - mmengine - INFO - paramwise_options -- backbone.stage4.1.conv1.bn.bias:weight_decay=0.0
2026/09/22 19:32:50 - mmengine - INFO - paramwise_options -- backbone.stage4.1.conv2.bn.weight:weight_decay=0.0
2026/09/22 19:32:50 - mmengine - INFO - paramwise_options -- backbone.stage4.1.conv2.bn.bias:weight_decay=0.0
2026/09/22 19:32:50 - mmengine - INFO - paramwise_options -- backbone.stage4.2.main_conv.bn.weight:weight_decay=0.0
2026/09/22 19:32:50 - mmengine - INFO - paramwise_options -- backbone.stage4.2.main_conv.bn.bias:weight_decay=0.0
2026/09/22 19:32:50 - mmengine - INFO - paramwise_options -- backbone.stage4.2.short_conv.bn.weight:weight_decay=0.0
2026/09/22 19:32:50 - mmengine - INFO - paramwise_options -- backbone.stage4.2.short_conv.bn.bias:weight_decay=0.0
2026/09/22 19:32:50 - mmengine - INFO - paramwise_options -- backbone.stage4.2.final_conv.bn.weight:weight_decay=0.0
2026/09/22 19:32:50 - mmengine - INFO - paramwise_options -- backbone.stage4.2.final_conv.bn.bias:weight_decay=0.0
2026/09/22 19:32:50 - mmengine - INFO - paramwise_options -- backbone.stage4.2.blocks.0.conv1.bn.weight:weight_decay=0.0
2026/09/22 19:32:50 - mmengine - INFO - paramwise_options -- backbone.stage4.2.blocks.0.conv1.bn.bias:weight_decay=0.0
2026/09/22 19:32:50 - mmengine - INFO - paramwise_options -- backbone.stage4.2.blocks.0.conv2.depthwise_conv.bn.weight:weight_decay=0.0
2026/09/22 19:32:50 - mmengine - INFO - paramwise_options -- backbone.stage4.2.blocks.0.conv2.depthwise_conv.bn.bias:weight_decay=0.0
2026/09/22 19:32:50 - mmengine - INFO - paramwise_options -- backbone.stage4.2.blocks.0.conv2.pointwise_conv.bn.weight:weight_decay=0.0
2026/09/22 19:32:50 - mmengine - INFO - paramwise_options -- backbone.stage4.2.blocks.0.conv2.pointwise_conv.bn.bias:weight_decay=0.0
2026/09/22 19:32:50 - mmengine - INFO - paramwise_options -- backbone.stage4.2.blocks.1.conv1.bn.weight:weight_decay=0.0
2026/09/22 19:32:50 - mmengine - INFO - paramwise_options -- backbone.stage4.2.blocks.1.conv1.bn.bias:weight_decay=0.0
2026/09/22 19:32:50 - mmengine - INFO - paramwise_options -- backbone.stage4.2.blocks.1.conv2.depthwise_conv.bn.weight:weight_decay=0.0
2026/09/22 19:32:50 - mmengine - INFO - paramwise_options -- backbone.stage4.2.blocks.1.conv2.depthwise_conv.bn.bias:weight_decay=0.0
2026/09/22 19:32:50 - mmengine - INFO - paramwise_options -- backbone.stage4.2.blocks.1.conv2.pointwise_conv.bn.weight:weight_decay=0.0
2026/09/22 19:32:50 - mmengine - INFO - paramwise_options -- backbone.stage4.2.blocks.1.conv2.pointwise_conv.bn.bias:weight_decay=0.0
2026/09/22 19:32:50 - mmengine - INFO - paramwise_options -- backbone.stage4.2.attention.fc.bias:weight_decay=0.0
2026/09/22 19:32:50 - mmengine - INFO - paramwise_options -- head.final_layer.bias:weight_decay=0.0
2026/09/22 19:32:51 - mmengine - INFO - load backbone. in model from: https://download.openmmlab.com/mmpose/v1/projects/rtmposev1/cspnext-m_udp-aic-coco_210e-256x192-f2f7d6f6_20230130.pth
Name of parameter - Initialization information

backbone.stem.0.conv.weight - torch.Size([24, 3, 3, 3]): 
PretrainedInit: load from https://download.openmmlab.com/mmpose/v1/projects/rtmposev1/cspnext-m_udp-aic-coco_210e-256x192-f2f7d6f6_20230130.pth 

backbone.stem.0.bn.weight - torch.Size([24]): 
PretrainedInit: load from https://download.openmmlab.com/mmpose/v1/projects/rtmposev1/cspnext-m_udp-aic-coco_210e-256x192-f2f7d6f6_20230130.pth 

backbone.stem.0.bn.bias - torch.Size([24]): 
PretrainedInit: load from https://download.openmmlab.com/mmpose/v1/projects/rtmposev1/cspnext-m_udp-aic-coco_210e-256x192-f2f7d6f6_20230130.pth 

backbone.stem.1.conv.weight - torch.Size([24, 24, 3, 3]): 
PretrainedInit: load from https://download.openmmlab.com/mmpose/v1/projects/rtmposev1/cspnext-m_udp-aic-coco_210e-256x192-f2f7d6f6_20230130.pth 

backbone.stem.1.bn.weight - torch.Size([24]): 
PretrainedInit: load from https://download.openmmlab.com/mmpose/v1/projects/rtmposev1/cspnext-m_udp-aic-coco_210e-256x192-f2f7d6f6_20230130.pth 

backbone.stem.1.bn.bias - torch.Size([24]): 
PretrainedInit: load from https://download.openmmlab.com/mmpose/v1/projects/rtmposev1/cspnext-m_udp-aic-coco_210e-256x192-f2f7d6f6_20230130.pth 

backbone.stem.2.conv.weight - torch.Size([48, 24, 3, 3]): 
PretrainedInit: load from https://download.openmmlab.com/mmpose/v1/projects/rtmposev1/cspnext-m_udp-aic-coco_210e-256x192-f2f7d6f6_20230130.pth 

backbone.stem.2.bn.weight - torch.Size([48]): 
PretrainedInit: load from https://download.openmmlab.com/mmpose/v1/projects/rtmposev1/cspnext-m_udp-aic-coco_210e-256x192-f2f7d6f6_20230130.pth 

backbone.stem.2.bn.bias - torch.Size([48]): 
PretrainedInit: load from https://download.openmmlab.com/mmpose/v1/projects/rtmposev1/cspnext-m_udp-aic-coco_210e-256x192-f2f7d6f6_20230130.pth 

backbone.stage1.0.conv.weight - torch.Size([96, 48, 3, 3]): 
PretrainedInit: load from https://download.openmmlab.com/mmpose/v1/projects/rtmposev1/cspnext-m_udp-aic-coco_210e-256x192-f2f7d6f6_20230130.pth 

backbone.stage1.0.bn.weight - torch.Size([96]): 
PretrainedInit: load from https://download.openmmlab.com/mmpose/v1/projects/rtmposev1/cspnext-m_udp-aic-coco_210e-256x192-f2f7d6f6_20230130.pth 

backbone.stage1.0.bn.bias - torch.Size([96]): 
PretrainedInit: load from https://download.openmmlab.com/mmpose/v1/projects/rtmposev1/cspnext-m_udp-aic-coco_210e-256x192-f2f7d6f6_20230130.pth 

backbone.stage1.1.main_conv.conv.weight - torch.Size([48, 96, 1, 1]): 
PretrainedInit: load from https://download.openmmlab.com/mmpose/v1/projects/rtmposev1/cspnext-m_udp-aic-coco_210e-256x192-f2f7d6f6_20230130.pth 

backbone.stage1.1.main_conv.bn.weight - torch.Size([48]): 
PretrainedInit: load from https://download.openmmlab.com/mmpose/v1/projects/rtmposev1/cspnext-m_udp-aic-coco_210e-256x192-f2f7d6f6_20230130.pth 

backbone.stage1.1.main_conv.bn.bias - torch.Size([48]): 
PretrainedInit: load from https://download.openmmlab.com/mmpose/v1/projects/rtmposev1/cspnext-m_udp-aic-coco_210e-256x192-f2f7d6f6_20230130.pth 

backbone.stage1.1.short_conv.conv.weight - torch.Size([48, 96, 1, 1]): 
PretrainedInit: load from https://download.openmmlab.com/mmpose/v1/projects/rtmposev1/cspnext-m_udp-aic-coco_210e-256x192-f2f7d6f6_20230130.pth 

backbone.stage1.1.short_conv.bn.weight - torch.Size([48]): 
PretrainedInit: load from https://download.openmmlab.com/mmpose/v1/projects/rtmposev1/cspnext-m_udp-aic-coco_210e-256x192-f2f7d6f6_20230130.pth 

backbone.stage1.1.short_conv.bn.bias - torch.Size([48]): 
PretrainedInit: load from https://download.openmmlab.com/mmpose/v1/projects/rtmposev1/cspnext-m_udp-aic-coco_210e-256x192-f2f7d6f6_20230130.pth 

backbone.stage1.1.final_conv.conv.weight - torch.Size([96, 96, 1, 1]): 
PretrainedInit: load from https://download.openmmlab.com/mmpose/v1/projects/rtmposev1/cspnext-m_udp-aic-coco_210e-256x192-f2f7d6f6_20230130.pth 

backbone.stage1.1.final_conv.bn.weight - torch.Size([96]): 
PretrainedInit: load from https://download.openmmlab.com/mmpose/v1/projects/rtmposev1/cspnext-m_udp-aic-coco_210e-256x192-f2f7d6f6_20230130.pth 

backbone.stage1.1.final_conv.bn.bias - torch.Size([96]): 
PretrainedInit: load from https://download.openmmlab.com/mmpose/v1/projects/rtmposev1/cspnext-m_udp-aic-coco_210e-256x192-f2f7d6f6_20230130.pth 

backbone.stage1.1.blocks.0.conv1.conv.weight - torch.Size([48, 48, 3, 3]): 
PretrainedInit: load from https://download.openmmlab.com/mmpose/v1/projects/rtmposev1/cspnext-m_udp-aic-coco_210e-256x192-f2f7d6f6_20230130.pth 

backbone.stage1.1.blocks.0.conv1.bn.weight - torch.Size([48]): 
PretrainedInit: load from https://download.openmmlab.com/mmpose/v1/projects/rtmposev1/cspnext-m_udp-aic-coco_210e-256x192-f2f7d6f6_20230130.pth 

backbone.stage1.1.blocks.0.conv1.bn.bias - torch.Size([48]): 
PretrainedInit: load from https://download.openmmlab.com/mmpose/v1/projects/rtmposev1/cspnext-m_udp-aic-coco_210e-256x192-f2f7d6f6_20230130.pth 

backbone.stage1.1.blocks.0.conv2.depthwise_conv.conv.weight - torch.Size([48, 1, 5, 5]): 
PretrainedInit: load from https://download.openmmlab.com/mmpose/v1/projects/rtmposev1/cspnext-m_udp-aic-coco_210e-256x192-f2f7d6f6_20230130.pth 

backbone.stage1.1.blocks.0.conv2.depthwise_conv.bn.weight - torch.Size([48]): 
PretrainedInit: load from https://download.openmmlab.com/mmpose/v1/projects/rtmposev1/cspnext-m_udp-aic-coco_210e-256x192-f2f7d6f6_20230130.pth 

backbone.stage1.1.blocks.0.conv2.depthwise_conv.bn.bias - torch.Size([48]): 
PretrainedInit: load from https://download.openmmlab.com/mmpose/v1/projects/rtmposev1/cspnext-m_udp-aic-coco_210e-256x192-f2f7d6f6_20230130.pth 

backbone.stage1.1.blocks.0.conv2.pointwise_conv.conv.weight - torch.Size([48, 48, 1, 1]): 
PretrainedInit: load from https://download.openmmlab.com/mmpose/v1/projects/rtmposev1/cspnext-m_udp-aic-coco_210e-256x192-f2f7d6f6_20230130.pth 

backbone.stage1.1.blocks.0.conv2.pointwise_conv.bn.weight - torch.Size([48]): 
PretrainedInit: load from https://download.openmmlab.com/mmpose/v1/projects/rtmposev1/cspnext-m_udp-aic-coco_210e-256x192-f2f7d6f6_20230130.pth 

backbone.stage1.1.blocks.0.conv2.pointwise_conv.bn.bias - torch.Size([48]): 
PretrainedInit: load from https://download.openmmlab.com/mmpose/v1/projects/rtmposev1/cspnext-m_udp-aic-coco_210e-256x192-f2f7d6f6_20230130.pth 

backbone.stage1.1.blocks.1.conv1.conv.weight - torch.Size([48, 48, 3, 3]): 
PretrainedInit: load from https://download.openmmlab.com/mmpose/v1/projects/rtmposev1/cspnext-m_udp-aic-coco_210e-256x192-f2f7d6f6_20230130.pth 

backbone.stage1.1.blocks.1.conv1.bn.weight - torch.Size([48]): 
PretrainedInit: load from https://download.openmmlab.com/mmpose/v1/projects/rtmposev1/cspnext-m_udp-aic-coco_210e-256x192-f2f7d6f6_20230130.pth 

backbone.stage1.1.blocks.1.conv1.bn.bias - torch.Size([48]): 
PretrainedInit: load from https://download.openmmlab.com/mmpose/v1/projects/rtmposev1/cspnext-m_udp-aic-coco_210e-256x192-f2f7d6f6_20230130.pth 

backbone.stage1.1.blocks.1.conv2.depthwise_conv.conv.weight - torch.Size([48, 1, 5, 5]): 
PretrainedInit: load from https://download.openmmlab.com/mmpose/v1/projects/rtmposev1/cspnext-m_udp-aic-coco_210e-256x192-f2f7d6f6_20230130.pth 

backbone.stage1.1.blocks.1.conv2.depthwise_conv.bn.weight - torch.Size([48]): 
PretrainedInit: load from https://download.openmmlab.com/mmpose/v1/projects/rtmposev1/cspnext-m_udp-aic-coco_210e-256x192-f2f7d6f6_20230130.pth 

backbone.stage1.1.blocks.1.conv2.depthwise_conv.bn.bias - torch.Size([48]): 
PretrainedInit: load from https://download.openmmlab.com/mmpose/v1/projects/rtmposev1/cspnext-m_udp-aic-coco_210e-256x192-f2f7d6f6_20230130.pth 

backbone.stage1.1.blocks.1.conv2.pointwise_conv.conv.weight - torch.Size([48, 48, 1, 1]): 
PretrainedInit: load from https://download.openmmlab.com/mmpose/v1/projects/rtmposev1/cspnext-m_udp-aic-coco_210e-256x192-f2f7d6f6_20230130.pth 

backbone.stage1.1.blocks.1.conv2.pointwise_conv.bn.weight - torch.Size([48]): 
PretrainedInit: load from https://download.openmmlab.com/mmpose/v1/projects/rtmposev1/cspnext-m_udp-aic-coco_210e-256x192-f2f7d6f6_20230130.pth 

backbone.stage1.1.blocks.1.conv2.pointwise_conv.bn.bias - torch.Size([48]): 
PretrainedInit: load from https://download.openmmlab.com/mmpose/v1/projects/rtmposev1/cspnext-m_udp-aic-coco_210e-256x192-f2f7d6f6_20230130.pth 

backbone.stage1.1.attention.fc.weight - torch.Size([96, 96, 1, 1]): 
PretrainedInit: load from https://download.openmmlab.com/mmpose/v1/projects/rtmposev1/cspnext-m_udp-aic-coco_210e-256x192-f2f7d6f6_20230130.pth 

backbone.stage1.1.attention.fc.bias - torch.Size([96]): 
PretrainedInit: load from https://download.openmmlab.com/mmpose/v1/projects/rtmposev1/cspnext-m_udp-aic-coco_210e-256x192-f2f7d6f6_20230130.pth 

backbone.stage2.0.conv.weight - torch.Size([192, 96, 3, 3]): 
PretrainedInit: load from https://download.openmmlab.com/mmpose/v1/projects/rtmposev1/cspnext-m_udp-aic-coco_210e-256x192-f2f7d6f6_20230130.pth 

backbone.stage2.0.bn.weight - torch.Size([192]): 
PretrainedInit: load from https://download.openmmlab.com/mmpose/v1/projects/rtmposev1/cspnext-m_udp-aic-coco_210e-256x192-f2f7d6f6_20230130.pth 

backbone.stage2.0.bn.bias - torch.Size([192]): 
PretrainedInit: load from https://download.openmmlab.com/mmpose/v1/projects/rtmposev1/cspnext-m_udp-aic-coco_210e-256x192-f2f7d6f6_20230130.pth 

backbone.stage2.1.main_conv.conv.weight - torch.Size([96, 192, 1, 1]): 
PretrainedInit: load from https://download.openmmlab.com/mmpose/v1/projects/rtmposev1/cspnext-m_udp-aic-coco_210e-256x192-f2f7d6f6_20230130.pth 

backbone.stage2.1.main_conv.bn.weight - torch.Size([96]): 
PretrainedInit: load from https://download.openmmlab.com/mmpose/v1/projects/rtmposev1/cspnext-m_udp-aic-coco_210e-256x192-f2f7d6f6_20230130.pth 

backbone.stage2.1.main_conv.bn.bias - torch.Size([96]): 
PretrainedInit: load from https://download.openmmlab.com/mmpose/v1/projects/rtmposev1/cspnext-m_udp-aic-coco_210e-256x192-f2f7d6f6_20230130.pth 

backbone.stage2.1.short_conv.conv.weight - torch.Size([96, 192, 1, 1]): 
PretrainedInit: load from https://download.openmmlab.com/mmpose/v1/projects/rtmposev1/cspnext-m_udp-aic-coco_210e-256x192-f2f7d6f6_20230130.pth 

backbone.stage2.1.short_conv.bn.weight - torch.Size([96]): 
PretrainedInit: load from https://download.openmmlab.com/mmpose/v1/projects/rtmposev1/cspnext-m_udp-aic-coco_210e-256x192-f2f7d6f6_20230130.pth 

backbone.stage2.1.short_conv.bn.bias - torch.Size([96]): 
PretrainedInit: load from https://download.openmmlab.com/mmpose/v1/projects/rtmposev1/cspnext-m_udp-aic-coco_210e-256x192-f2f7d6f6_20230130.pth 

backbone.stage2.1.final_conv.conv.weight - torch.Size([192, 192, 1, 1]): 
PretrainedInit: load from https://download.openmmlab.com/mmpose/v1/projects/rtmposev1/cspnext-m_udp-aic-coco_210e-256x192-f2f7d6f6_20230130.pth 

backbone.stage2.1.final_conv.bn.weight - torch.Size([192]): 
PretrainedInit: load from https://download.openmmlab.com/mmpose/v1/projects/rtmposev1/cspnext-m_udp-aic-coco_210e-256x192-f2f7d6f6_20230130.pth 

backbone.stage2.1.final_conv.bn.bias - torch.Size([192]): 
PretrainedInit: load from https://download.openmmlab.com/mmpose/v1/projects/rtmposev1/cspnext-m_udp-aic-coco_210e-256x192-f2f7d6f6_20230130.pth 

backbone.stage2.1.blocks.0.conv1.conv.weight - torch.Size([96, 96, 3, 3]): 
PretrainedInit: load from https://download.openmmlab.com/mmpose/v1/projects/rtmposev1/cspnext-m_udp-aic-coco_210e-256x192-f2f7d6f6_20230130.pth 

backbone.stage2.1.blocks.0.conv1.bn.weight - torch.Size([96]): 
PretrainedInit: load from https://download.openmmlab.com/mmpose/v1/projects/rtmposev1/cspnext-m_udp-aic-coco_210e-256x192-f2f7d6f6_20230130.pth 

backbone.stage2.1.blocks.0.conv1.bn.bias - torch.Size([96]): 
PretrainedInit: load from https://download.openmmlab.com/mmpose/v1/projects/rtmposev1/cspnext-m_udp-aic-coco_210e-256x192-f2f7d6f6_20230130.pth 

backbone.stage2.1.blocks.0.conv2.depthwise_conv.conv.weight - torch.Size([96, 1, 5, 5]): 
PretrainedInit: load from https://download.openmmlab.com/mmpose/v1/projects/rtmposev1/cspnext-m_udp-aic-coco_210e-256x192-f2f7d6f6_20230130.pth 

backbone.stage2.1.blocks.0.conv2.depthwise_conv.bn.weight - torch.Size([96]): 
PretrainedInit: load from https://download.openmmlab.com/mmpose/v1/projects/rtmposev1/cspnext-m_udp-aic-coco_210e-256x192-f2f7d6f6_20230130.pth 

backbone.stage2.1.blocks.0.conv2.depthwise_conv.bn.bias - torch.Size([96]): 
PretrainedInit: load from https://download.openmmlab.com/mmpose/v1/projects/rtmposev1/cspnext-m_udp-aic-coco_210e-256x192-f2f7d6f6_20230130.pth 

backbone.stage2.1.blocks.0.conv2.pointwise_conv.conv.weight - torch.Size([96, 96, 1, 1]): 
PretrainedInit: load from https://download.openmmlab.com/mmpose/v1/projects/rtmposev1/cspnext-m_udp-aic-coco_210e-256x192-f2f7d6f6_20230130.pth 

backbone.stage2.1.blocks.0.conv2.pointwise_conv.bn.weight - torch.Size([96]): 
PretrainedInit: load from https://download.openmmlab.com/mmpose/v1/projects/rtmposev1/cspnext-m_udp-aic-coco_210e-256x192-f2f7d6f6_20230130.pth 

backbone.stage2.1.blocks.0.conv2.pointwise_conv.bn.bias - torch.Size([96]): 
PretrainedInit: load from https://download.openmmlab.com/mmpose/v1/projects/rtmposev1/cspnext-m_udp-aic-coco_210e-256x192-f2f7d6f6_20230130.pth 

backbone.stage2.1.blocks.1.conv1.conv.weight - torch.Size([96, 96, 3, 3]): 
PretrainedInit: load from https://download.openmmlab.com/mmpose/v1/projects/rtmposev1/cspnext-m_udp-aic-coco_210e-256x192-f2f7d6f6_20230130.pth 

backbone.stage2.1.blocks.1.conv1.bn.weight - torch.Size([96]): 
PretrainedInit: load from https://download.openmmlab.com/mmpose/v1/projects/rtmposev1/cspnext-m_udp-aic-coco_210e-256x192-f2f7d6f6_20230130.pth 

backbone.stage2.1.blocks.1.conv1.bn.bias - torch.Size([96]): 
PretrainedInit: load from https://download.openmmlab.com/mmpose/v1/projects/rtmposev1/cspnext-m_udp-aic-coco_210e-256x192-f2f7d6f6_20230130.pth 

backbone.stage2.1.blocks.1.conv2.depthwise_conv.conv.weight - torch.Size([96, 1, 5, 5]): 
PretrainedInit: load from https://download.openmmlab.com/mmpose/v1/projects/rtmposev1/cspnext-m_udp-aic-coco_210e-256x192-f2f7d6f6_20230130.pth 

backbone.stage2.1.blocks.1.conv2.depthwise_conv.bn.weight - torch.Size([96]): 
PretrainedInit: load from https://download.openmmlab.com/mmpose/v1/projects/rtmposev1/cspnext-m_udp-aic-coco_210e-256x192-f2f7d6f6_20230130.pth 

backbone.stage2.1.blocks.1.conv2.depthwise_conv.bn.bias - torch.Size([96]): 
PretrainedInit: load from https://download.openmmlab.com/mmpose/v1/projects/rtmposev1/cspnext-m_udp-aic-coco_210e-256x192-f2f7d6f6_20230130.pth 

backbone.stage2.1.blocks.1.conv2.pointwise_conv.conv.weight - torch.Size([96, 96, 1, 1]): 
PretrainedInit: load from https://download.openmmlab.com/mmpose/v1/projects/rtmposev1/cspnext-m_udp-aic-coco_210e-256x192-f2f7d6f6_20230130.pth 

backbone.stage2.1.blocks.1.conv2.pointwise_conv.bn.weight - torch.Size([96]): 
PretrainedInit: load from https://download.openmmlab.com/mmpose/v1/projects/rtmposev1/cspnext-m_udp-aic-coco_210e-256x192-f2f7d6f6_20230130.pth 

backbone.stage2.1.blocks.1.conv2.pointwise_conv.bn.bias - torch.Size([96]): 
PretrainedInit: load from https://download.openmmlab.com/mmpose/v1/projects/rtmposev1/cspnext-m_udp-aic-coco_210e-256x192-f2f7d6f6_20230130.pth 

backbone.stage2.1.blocks.2.conv1.conv.weight - torch.Size([96, 96, 3, 3]): 
PretrainedInit: load from https://download.openmmlab.com/mmpose/v1/projects/rtmposev1/cspnext-m_udp-aic-coco_210e-256x192-f2f7d6f6_20230130.pth 

backbone.stage2.1.blocks.2.conv1.bn.weight - torch.Size([96]): 
PretrainedInit: load from https://download.openmmlab.com/mmpose/v1/projects/rtmposev1/cspnext-m_udp-aic-coco_210e-256x192-f2f7d6f6_20230130.pth 

backbone.stage2.1.blocks.2.conv1.bn.bias - torch.Size([96]): 
PretrainedInit: load from https://download.openmmlab.com/mmpose/v1/projects/rtmposev1/cspnext-m_udp-aic-coco_210e-256x192-f2f7d6f6_20230130.pth 

backbone.stage2.1.blocks.2.conv2.depthwise_conv.conv.weight - torch.Size([96, 1, 5, 5]): 
PretrainedInit: load from https://download.openmmlab.com/mmpose/v1/projects/rtmposev1/cspnext-m_udp-aic-coco_210e-256x192-f2f7d6f6_20230130.pth 

backbone.stage2.1.blocks.2.conv2.depthwise_conv.bn.weight - torch.Size([96]): 
PretrainedInit: load from https://download.openmmlab.com/mmpose/v1/projects/rtmposev1/cspnext-m_udp-aic-coco_210e-256x192-f2f7d6f6_20230130.pth 

backbone.stage2.1.blocks.2.conv2.depthwise_conv.bn.bias - torch.Size([96]): 
PretrainedInit: load from https://download.openmmlab.com/mmpose/v1/projects/rtmposev1/cspnext-m_udp-aic-coco_210e-256x192-f2f7d6f6_20230130.pth 

backbone.stage2.1.blocks.2.conv2.pointwise_conv.conv.weight - torch.Size([96, 96, 1, 1]): 
PretrainedInit: load from https://download.openmmlab.com/mmpose/v1/projects/rtmposev1/cspnext-m_udp-aic-coco_210e-256x192-f2f7d6f6_20230130.pth 

backbone.stage2.1.blocks.2.conv2.pointwise_conv.bn.weight - torch.Size([96]): 
PretrainedInit: load from https://download.openmmlab.com/mmpose/v1/projects/rtmposev1/cspnext-m_udp-aic-coco_210e-256x192-f2f7d6f6_20230130.pth 

backbone.stage2.1.blocks.2.conv2.pointwise_conv.bn.bias - torch.Size([96]): 
PretrainedInit: load from https://download.openmmlab.com/mmpose/v1/projects/rtmposev1/cspnext-m_udp-aic-coco_210e-256x192-f2f7d6f6_20230130.pth 

backbone.stage2.1.blocks.3.conv1.conv.weight - torch.Size([96, 96, 3, 3]): 
PretrainedInit: load from https://download.openmmlab.com/mmpose/v1/projects/rtmposev1/cspnext-m_udp-aic-coco_210e-256x192-f2f7d6f6_20230130.pth 

backbone.stage2.1.blocks.3.conv1.bn.weight - torch.Size([96]): 
PretrainedInit: load from https://download.openmmlab.com/mmpose/v1/projects/rtmposev1/cspnext-m_udp-aic-coco_210e-256x192-f2f7d6f6_20230130.pth 

backbone.stage2.1.blocks.3.conv1.bn.bias - torch.Size([96]): 
PretrainedInit: load from https://download.openmmlab.com/mmpose/v1/projects/rtmposev1/cspnext-m_udp-aic-coco_210e-256x192-f2f7d6f6_20230130.pth 

backbone.stage2.1.blocks.3.conv2.depthwise_conv.conv.weight - torch.Size([96, 1, 5, 5]): 
PretrainedInit: load from https://download.openmmlab.com/mmpose/v1/projects/rtmposev1/cspnext-m_udp-aic-coco_210e-256x192-f2f7d6f6_20230130.pth 

backbone.stage2.1.blocks.3.conv2.depthwise_conv.bn.weight - torch.Size([96]): 
PretrainedInit: load from https://download.openmmlab.com/mmpose/v1/projects/rtmposev1/cspnext-m_udp-aic-coco_210e-256x192-f2f7d6f6_20230130.pth 

backbone.stage2.1.blocks.3.conv2.depthwise_conv.bn.bias - torch.Size([96]): 
PretrainedInit: load from https://download.openmmlab.com/mmpose/v1/projects/rtmposev1/cspnext-m_udp-aic-coco_210e-256x192-f2f7d6f6_20230130.pth 

backbone.stage2.1.blocks.3.conv2.pointwise_conv.conv.weight - torch.Size([96, 96, 1, 1]): 
PretrainedInit: load from https://download.openmmlab.com/mmpose/v1/projects/rtmposev1/cspnext-m_udp-aic-coco_210e-256x192-f2f7d6f6_20230130.pth 

backbone.stage2.1.blocks.3.conv2.pointwise_conv.bn.weight - torch.Size([96]): 
PretrainedInit: load from https://download.openmmlab.com/mmpose/v1/projects/rtmposev1/cspnext-m_udp-aic-coco_210e-256x192-f2f7d6f6_20230130.pth 

backbone.stage2.1.blocks.3.conv2.pointwise_conv.bn.bias - torch.Size([96]): 
PretrainedInit: load from https://download.openmmlab.com/mmpose/v1/projects/rtmposev1/cspnext-m_udp-aic-coco_210e-256x192-f2f7d6f6_20230130.pth 

backbone.stage2.1.attention.fc.weight - torch.Size([192, 192, 1, 1]): 
PretrainedInit: load from https://download.openmmlab.com/mmpose/v1/projects/rtmposev1/cspnext-m_udp-aic-coco_210e-256x192-f2f7d6f6_20230130.pth 

backbone.stage2.1.attention.fc.bias - torch.Size([192]): 
PretrainedInit: load from https://download.openmmlab.com/mmpose/v1/projects/rtmposev1/cspnext-m_udp-aic-coco_210e-256x192-f2f7d6f6_20230130.pth 

backbone.stage3.0.conv.weight - torch.Size([384, 192, 3, 3]): 
PretrainedInit: load from https://download.openmmlab.com/mmpose/v1/projects/rtmposev1/cspnext-m_udp-aic-coco_210e-256x192-f2f7d6f6_20230130.pth 

backbone.stage3.0.bn.weight - torch.Size([384]): 
PretrainedInit: load from https://download.openmmlab.com/mmpose/v1/projects/rtmposev1/cspnext-m_udp-aic-coco_210e-256x192-f2f7d6f6_20230130.pth 

backbone.stage3.0.bn.bias - torch.Size([384]): 
PretrainedInit: load from https://download.openmmlab.com/mmpose/v1/projects/rtmposev1/cspnext-m_udp-aic-coco_210e-256x192-f2f7d6f6_20230130.pth 

backbone.stage3.1.main_conv.conv.weight - torch.Size([192, 384, 1, 1]): 
PretrainedInit: load from https://download.openmmlab.com/mmpose/v1/projects/rtmposev1/cspnext-m_udp-aic-coco_210e-256x192-f2f7d6f6_20230130.pth 

backbone.stage3.1.main_conv.bn.weight - torch.Size([192]): 
PretrainedInit: load from https://download.openmmlab.com/mmpose/v1/projects/rtmposev1/cspnext-m_udp-aic-coco_210e-256x192-f2f7d6f6_20230130.pth 

backbone.stage3.1.main_conv.bn.bias - torch.Size([192]): 
PretrainedInit: load from https://download.openmmlab.com/mmpose/v1/projects/rtmposev1/cspnext-m_udp-aic-coco_210e-256x192-f2f7d6f6_20230130.pth 

backbone.stage3.1.short_conv.conv.weight - torch.Size([192, 384, 1, 1]): 
PretrainedInit: load from https://download.openmmlab.com/mmpose/v1/projects/rtmposev1/cspnext-m_udp-aic-coco_210e-256x192-f2f7d6f6_20230130.pth 

backbone.stage3.1.short_conv.bn.weight - torch.Size([192]): 
PretrainedInit: load from https://download.openmmlab.com/mmpose/v1/projects/rtmposev1/cspnext-m_udp-aic-coco_210e-256x192-f2f7d6f6_20230130.pth 

backbone.stage3.1.short_conv.bn.bias - torch.Size([192]): 
PretrainedInit: load from https://download.openmmlab.com/mmpose/v1/projects/rtmposev1/cspnext-m_udp-aic-coco_210e-256x192-f2f7d6f6_20230130.pth 

backbone.stage3.1.final_conv.conv.weight - torch.Size([384, 384, 1, 1]): 
PretrainedInit: load from https://download.openmmlab.com/mmpose/v1/projects/rtmposev1/cspnext-m_udp-aic-coco_210e-256x192-f2f7d6f6_20230130.pth 

backbone.stage3.1.final_conv.bn.weight - torch.Size([384]): 
PretrainedInit: load from https://download.openmmlab.com/mmpose/v1/projects/rtmposev1/cspnext-m_udp-aic-coco_210e-256x192-f2f7d6f6_20230130.pth 

backbone.stage3.1.final_conv.bn.bias - torch.Size([384]): 
PretrainedInit: load from https://download.openmmlab.com/mmpose/v1/projects/rtmposev1/cspnext-m_udp-aic-coco_210e-256x192-f2f7d6f6_20230130.pth 

backbone.stage3.1.blocks.0.conv1.conv.weight - torch.Size([192, 192, 3, 3]): 
PretrainedInit: load from https://download.openmmlab.com/mmpose/v1/projects/rtmposev1/cspnext-m_udp-aic-coco_210e-256x192-f2f7d6f6_20230130.pth 

backbone.stage3.1.blocks.0.conv1.bn.weight - torch.Size([192]): 
PretrainedInit: load from https://download.openmmlab.com/mmpose/v1/projects/rtmposev1/cspnext-m_udp-aic-coco_210e-256x192-f2f7d6f6_20230130.pth 

backbone.stage3.1.blocks.0.conv1.bn.bias - torch.Size([192]): 
PretrainedInit: load from https://download.openmmlab.com/mmpose/v1/projects/rtmposev1/cspnext-m_udp-aic-coco_210e-256x192-f2f7d6f6_20230130.pth 

backbone.stage3.1.blocks.0.conv2.depthwise_conv.conv.weight - torch.Size([192, 1, 5, 5]): 
PretrainedInit: load from https://download.openmmlab.com/mmpose/v1/projects/rtmposev1/cspnext-m_udp-aic-coco_210e-256x192-f2f7d6f6_20230130.pth 

backbone.stage3.1.blocks.0.conv2.depthwise_conv.bn.weight - torch.Size([192]): 
PretrainedInit: load from https://download.openmmlab.com/mmpose/v1/projects/rtmposev1/cspnext-m_udp-aic-coco_210e-256x192-f2f7d6f6_20230130.pth 

backbone.stage3.1.blocks.0.conv2.depthwise_conv.bn.bias - torch.Size([192]): 
PretrainedInit: load from https://download.openmmlab.com/mmpose/v1/projects/rtmposev1/cspnext-m_udp-aic-coco_210e-256x192-f2f7d6f6_20230130.pth 

backbone.stage3.1.blocks.0.conv2.pointwise_conv.conv.weight - torch.Size([192, 192, 1, 1]): 
PretrainedInit: load from https://download.openmmlab.com/mmpose/v1/projects/rtmposev1/cspnext-m_udp-aic-coco_210e-256x192-f2f7d6f6_20230130.pth 

backbone.stage3.1.blocks.0.conv2.pointwise_conv.bn.weight - torch.Size([192]): 
PretrainedInit: load from https://download.openmmlab.com/mmpose/v1/projects/rtmposev1/cspnext-m_udp-aic-coco_210e-256x192-f2f7d6f6_20230130.pth 

backbone.stage3.1.blocks.0.conv2.pointwise_conv.bn.bias - torch.Size([192]): 
PretrainedInit: load from https://download.openmmlab.com/mmpose/v1/projects/rtmposev1/cspnext-m_udp-aic-coco_210e-256x192-f2f7d6f6_20230130.pth 

backbone.stage3.1.blocks.1.conv1.conv.weight - torch.Size([192, 192, 3, 3]): 
PretrainedInit: load from https://download.openmmlab.com/mmpose/v1/projects/rtmposev1/cspnext-m_udp-aic-coco_210e-256x192-f2f7d6f6_20230130.pth 

backbone.stage3.1.blocks.1.conv1.bn.weight - torch.Size([192]): 
PretrainedInit: load from https://download.openmmlab.com/mmpose/v1/projects/rtmposev1/cspnext-m_udp-aic-coco_210e-256x192-f2f7d6f6_20230130.pth 

backbone.stage3.1.blocks.1.conv1.bn.bias - torch.Size([192]): 
PretrainedInit: load from https://download.openmmlab.com/mmpose/v1/projects/rtmposev1/cspnext-m_udp-aic-coco_210e-256x192-f2f7d6f6_20230130.pth 

backbone.stage3.1.blocks.1.conv2.depthwise_conv.conv.weight - torch.Size([192, 1, 5, 5]): 
PretrainedInit: load from https://download.openmmlab.com/mmpose/v1/projects/rtmposev1/cspnext-m_udp-aic-coco_210e-256x192-f2f7d6f6_20230130.pth 

backbone.stage3.1.blocks.1.conv2.depthwise_conv.bn.weight - torch.Size([192]): 
PretrainedInit: load from https://download.openmmlab.com/mmpose/v1/projects/rtmposev1/cspnext-m_udp-aic-coco_210e-256x192-f2f7d6f6_20230130.pth 

backbone.stage3.1.blocks.1.conv2.depthwise_conv.bn.bias - torch.Size([192]): 
PretrainedInit: load from https://download.openmmlab.com/mmpose/v1/projects/rtmposev1/cspnext-m_udp-aic-coco_210e-256x192-f2f7d6f6_20230130.pth 

backbone.stage3.1.blocks.1.conv2.pointwise_conv.conv.weight - torch.Size([192, 192, 1, 1]): 
PretrainedInit: load from https://download.openmmlab.com/mmpose/v1/projects/rtmposev1/cspnext-m_udp-aic-coco_210e-256x192-f2f7d6f6_20230130.pth 

backbone.stage3.1.blocks.1.conv2.pointwise_conv.bn.weight - torch.Size([192]): 
PretrainedInit: load from https://download.openmmlab.com/mmpose/v1/projects/rtmposev1/cspnext-m_udp-aic-coco_210e-256x192-f2f7d6f6_20230130.pth 

backbone.stage3.1.blocks.1.conv2.pointwise_conv.bn.bias - torch.Size([192]): 
PretrainedInit: load from https://download.openmmlab.com/mmpose/v1/projects/rtmposev1/cspnext-m_udp-aic-coco_210e-256x192-f2f7d6f6_20230130.pth 

backbone.stage3.1.blocks.2.conv1.conv.weight - torch.Size([192, 192, 3, 3]): 
PretrainedInit: load from https://download.openmmlab.com/mmpose/v1/projects/rtmposev1/cspnext-m_udp-aic-coco_210e-256x192-f2f7d6f6_20230130.pth 

backbone.stage3.1.blocks.2.conv1.bn.weight - torch.Size([192]): 
PretrainedInit: load from https://download.openmmlab.com/mmpose/v1/projects/rtmposev1/cspnext-m_udp-aic-coco_210e-256x192-f2f7d6f6_20230130.pth 

backbone.stage3.1.blocks.2.conv1.bn.bias - torch.Size([192]): 
PretrainedInit: load from https://download.openmmlab.com/mmpose/v1/projects/rtmposev1/cspnext-m_udp-aic-coco_210e-256x192-f2f7d6f6_20230130.pth 

backbone.stage3.1.blocks.2.conv2.depthwise_conv.conv.weight - torch.Size([192, 1, 5, 5]): 
PretrainedInit: load from https://download.openmmlab.com/mmpose/v1/projects/rtmposev1/cspnext-m_udp-aic-coco_210e-256x192-f2f7d6f6_20230130.pth 

backbone.stage3.1.blocks.2.conv2.depthwise_conv.bn.weight - torch.Size([192]): 
PretrainedInit: load from https://download.openmmlab.com/mmpose/v1/projects/rtmposev1/cspnext-m_udp-aic-coco_210e-256x192-f2f7d6f6_20230130.pth 

backbone.stage3.1.blocks.2.conv2.depthwise_conv.bn.bias - torch.Size([192]): 
PretrainedInit: load from https://download.openmmlab.com/mmpose/v1/projects/rtmposev1/cspnext-m_udp-aic-coco_210e-256x192-f2f7d6f6_20230130.pth 

backbone.stage3.1.blocks.2.conv2.pointwise_conv.conv.weight - torch.Size([192, 192, 1, 1]): 
PretrainedInit: load from https://download.openmmlab.com/mmpose/v1/projects/rtmposev1/cspnext-m_udp-aic-coco_210e-256x192-f2f7d6f6_20230130.pth 

backbone.stage3.1.blocks.2.conv2.pointwise_conv.bn.weight - torch.Size([192]): 
PretrainedInit: load from https://download.openmmlab.com/mmpose/v1/projects/rtmposev1/cspnext-m_udp-aic-coco_210e-256x192-f2f7d6f6_20230130.pth 

backbone.stage3.1.blocks.2.conv2.pointwise_conv.bn.bias - torch.Size([192]): 
PretrainedInit: load from https://download.openmmlab.com/mmpose/v1/projects/rtmposev1/cspnext-m_udp-aic-coco_210e-256x192-f2f7d6f6_20230130.pth 

backbone.stage3.1.blocks.3.conv1.conv.weight - torch.Size([192, 192, 3, 3]): 
PretrainedInit: load from https://download.openmmlab.com/mmpose/v1/projects/rtmposev1/cspnext-m_udp-aic-coco_210e-256x192-f2f7d6f6_20230130.pth 

backbone.stage3.1.blocks.3.conv1.bn.weight - torch.Size([192]): 
PretrainedInit: load from https://download.openmmlab.com/mmpose/v1/projects/rtmposev1/cspnext-m_udp-aic-coco_210e-256x192-f2f7d6f6_20230130.pth 

backbone.stage3.1.blocks.3.conv1.bn.bias - torch.Size([192]): 
PretrainedInit: load from https://download.openmmlab.com/mmpose/v1/projects/rtmposev1/cspnext-m_udp-aic-coco_210e-256x192-f2f7d6f6_20230130.pth 

backbone.stage3.1.blocks.3.conv2.depthwise_conv.conv.weight - torch.Size([192, 1, 5, 5]): 
PretrainedInit: load from https://download.openmmlab.com/mmpose/v1/projects/rtmposev1/cspnext-m_udp-aic-coco_210e-256x192-f2f7d6f6_20230130.pth 

backbone.stage3.1.blocks.3.conv2.depthwise_conv.bn.weight - torch.Size([192]): 
PretrainedInit: load from https://download.openmmlab.com/mmpose/v1/projects/rtmposev1/cspnext-m_udp-aic-coco_210e-256x192-f2f7d6f6_20230130.pth 

backbone.stage3.1.blocks.3.conv2.depthwise_conv.bn.bias - torch.Size([192]): 
PretrainedInit: load from https://download.openmmlab.com/mmpose/v1/projects/rtmposev1/cspnext-m_udp-aic-coco_210e-256x192-f2f7d6f6_20230130.pth 

backbone.stage3.1.blocks.3.conv2.pointwise_conv.conv.weight - torch.Size([192, 192, 1, 1]): 
PretrainedInit: load from https://download.openmmlab.com/mmpose/v1/projects/rtmposev1/cspnext-m_udp-aic-coco_210e-256x192-f2f7d6f6_20230130.pth 

backbone.stage3.1.blocks.3.conv2.pointwise_conv.bn.weight - torch.Size([192]): 
PretrainedInit: load from https://download.openmmlab.com/mmpose/v1/projects/rtmposev1/cspnext-m_udp-aic-coco_210e-256x192-f2f7d6f6_20230130.pth 

backbone.stage3.1.blocks.3.conv2.pointwise_conv.bn.bias - torch.Size([192]): 
PretrainedInit: load from https://download.openmmlab.com/mmpose/v1/projects/rtmposev1/cspnext-m_udp-aic-coco_210e-256x192-f2f7d6f6_20230130.pth 

backbone.stage3.1.attention.fc.weight - torch.Size([384, 384, 1, 1]): 
PretrainedInit: load from https://download.openmmlab.com/mmpose/v1/projects/rtmposev1/cspnext-m_udp-aic-coco_210e-256x192-f2f7d6f6_20230130.pth 

backbone.stage3.1.attention.fc.bias - torch.Size([384]): 
PretrainedInit: load from https://download.openmmlab.com/mmpose/v1/projects/rtmposev1/cspnext-m_udp-aic-coco_210e-256x192-f2f7d6f6_20230130.pth 

backbone.stage4.0.conv.weight - torch.Size([768, 384, 3, 3]): 
PretrainedInit: load from https://download.openmmlab.com/mmpose/v1/projects/rtmposev1/cspnext-m_udp-aic-coco_210e-256x192-f2f7d6f6_20230130.pth 

backbone.stage4.0.bn.weight - torch.Size([768]): 
PretrainedInit: load from https://download.openmmlab.com/mmpose/v1/projects/rtmposev1/cspnext-m_udp-aic-coco_210e-256x192-f2f7d6f6_20230130.pth 

backbone.stage4.0.bn.bias - torch.Size([768]): 
PretrainedInit: load from https://download.openmmlab.com/mmpose/v1/projects/rtmposev1/cspnext-m_udp-aic-coco_210e-256x192-f2f7d6f6_20230130.pth 

backbone.stage4.1.conv1.conv.weight - torch.Size([384, 768, 1, 1]): 
PretrainedInit: load from https://download.openmmlab.com/mmpose/v1/projects/rtmposev1/cspnext-m_udp-aic-coco_210e-256x192-f2f7d6f6_20230130.pth 

backbone.stage4.1.conv1.bn.weight - torch.Size([384]): 
PretrainedInit: load from https://download.openmmlab.com/mmpose/v1/projects/rtmposev1/cspnext-m_udp-aic-coco_210e-256x192-f2f7d6f6_20230130.pth 

backbone.stage4.1.conv1.bn.bias - torch.Size([384]): 
PretrainedInit: load from https://download.openmmlab.com/mmpose/v1/projects/rtmposev1/cspnext-m_udp-aic-coco_210e-256x192-f2f7d6f6_20230130.pth 

backbone.stage4.1.conv2.conv.weight - torch.Size([768, 1536, 1, 1]): 
PretrainedInit: load from https://download.openmmlab.com/mmpose/v1/projects/rtmposev1/cspnext-m_udp-aic-coco_210e-256x192-f2f7d6f6_20230130.pth 

backbone.stage4.1.conv2.bn.weight - torch.Size([768]): 
PretrainedInit: load from https://download.openmmlab.com/mmpose/v1/projects/rtmposev1/cspnext-m_udp-aic-coco_210e-256x192-f2f7d6f6_20230130.pth 

backbone.stage4.1.conv2.bn.bias - torch.Size([768]): 
PretrainedInit: load from https://download.openmmlab.com/mmpose/v1/projects/rtmposev1/cspnext-m_udp-aic-coco_210e-256x192-f2f7d6f6_20230130.pth 

backbone.stage4.2.main_conv.conv.weight - torch.Size([384, 768, 1, 1]): 
PretrainedInit: load from https://download.openmmlab.com/mmpose/v1/projects/rtmposev1/cspnext-m_udp-aic-coco_210e-256x192-f2f7d6f6_20230130.pth 

backbone.stage4.2.main_conv.bn.weight - torch.Size([384]): 
PretrainedInit: load from https://download.openmmlab.com/mmpose/v1/projects/rtmposev1/cspnext-m_udp-aic-coco_210e-256x192-f2f7d6f6_20230130.pth 

backbone.stage4.2.main_conv.bn.bias - torch.Size([384]): 
PretrainedInit: load from https://download.openmmlab.com/mmpose/v1/projects/rtmposev1/cspnext-m_udp-aic-coco_210e-256x192-f2f7d6f6_20230130.pth 

backbone.stage4.2.short_conv.conv.weight - torch.Size([384, 768, 1, 1]): 
PretrainedInit: load from https://download.openmmlab.com/mmpose/v1/projects/rtmposev1/cspnext-m_udp-aic-coco_210e-256x192-f2f7d6f6_20230130.pth 

backbone.stage4.2.short_conv.bn.weight - torch.Size([384]): 
PretrainedInit: load from https://download.openmmlab.com/mmpose/v1/projects/rtmposev1/cspnext-m_udp-aic-coco_210e-256x192-f2f7d6f6_20230130.pth 

backbone.stage4.2.short_conv.bn.bias - torch.Size([384]): 
PretrainedInit: load from https://download.openmmlab.com/mmpose/v1/projects/rtmposev1/cspnext-m_udp-aic-coco_210e-256x192-f2f7d6f6_20230130.pth 

backbone.stage4.2.final_conv.conv.weight - torch.Size([768, 768, 1, 1]): 
PretrainedInit: load from https://download.openmmlab.com/mmpose/v1/projects/rtmposev1/cspnext-m_udp-aic-coco_210e-256x192-f2f7d6f6_20230130.pth 

backbone.stage4.2.final_conv.bn.weight - torch.Size([768]): 
PretrainedInit: load from https://download.openmmlab.com/mmpose/v1/projects/rtmposev1/cspnext-m_udp-aic-coco_210e-256x192-f2f7d6f6_20230130.pth 

backbone.stage4.2.final_conv.bn.bias - torch.Size([768]): 
PretrainedInit: load from https://download.openmmlab.com/mmpose/v1/projects/rtmposev1/cspnext-m_udp-aic-coco_210e-256x192-f2f7d6f6_20230130.pth 

backbone.stage4.2.blocks.0.conv1.conv.weight - torch.Size([384, 384, 3, 3]): 
PretrainedInit: load from https://download.openmmlab.com/mmpose/v1/projects/rtmposev1/cspnext-m_udp-aic-coco_210e-256x192-f2f7d6f6_20230130.pth 

backbone.stage4.2.blocks.0.conv1.bn.weight - torch.Size([384]): 
PretrainedInit: load from https://download.openmmlab.com/mmpose/v1/projects/rtmposev1/cspnext-m_udp-aic-coco_210e-256x192-f2f7d6f6_20230130.pth 

backbone.stage4.2.blocks.0.conv1.bn.bias - torch.Size([384]): 
PretrainedInit: load from https://download.openmmlab.com/mmpose/v1/projects/rtmposev1/cspnext-m_udp-aic-coco_210e-256x192-f2f7d6f6_20230130.pth 

backbone.stage4.2.blocks.0.conv2.depthwise_conv.conv.weight - torch.Size([384, 1, 5, 5]): 
PretrainedInit: load from https://download.openmmlab.com/mmpose/v1/projects/rtmposev1/cspnext-m_udp-aic-coco_210e-256x192-f2f7d6f6_20230130.pth 

backbone.stage4.2.blocks.0.conv2.depthwise_conv.bn.weight - torch.Size([384]): 
PretrainedInit: load from https://download.openmmlab.com/mmpose/v1/projects/rtmposev1/cspnext-m_udp-aic-coco_210e-256x192-f2f7d6f6_20230130.pth 

backbone.stage4.2.blocks.0.conv2.depthwise_conv.bn.bias - torch.Size([384]): 
PretrainedInit: load from https://download.openmmlab.com/mmpose/v1/projects/rtmposev1/cspnext-m_udp-aic-coco_210e-256x192-f2f7d6f6_20230130.pth 

backbone.stage4.2.blocks.0.conv2.pointwise_conv.conv.weight - torch.Size([384, 384, 1, 1]): 
PretrainedInit: load from https://download.openmmlab.com/mmpose/v1/projects/rtmposev1/cspnext-m_udp-aic-coco_210e-256x192-f2f7d6f6_20230130.pth 

backbone.stage4.2.blocks.0.conv2.pointwise_conv.bn.weight - torch.Size([384]): 
PretrainedInit: load from https://download.openmmlab.com/mmpose/v1/projects/rtmposev1/cspnext-m_udp-aic-coco_210e-256x192-f2f7d6f6_20230130.pth 

backbone.stage4.2.blocks.0.conv2.pointwise_conv.bn.bias - torch.Size([384]): 
PretrainedInit: load from https://download.openmmlab.com/mmpose/v1/projects/rtmposev1/cspnext-m_udp-aic-coco_210e-256x192-f2f7d6f6_20230130.pth 

backbone.stage4.2.blocks.1.conv1.conv.weight - torch.Size([384, 384, 3, 3]): 
PretrainedInit: load from https://download.openmmlab.com/mmpose/v1/projects/rtmposev1/cspnext-m_udp-aic-coco_210e-256x192-f2f7d6f6_20230130.pth 

backbone.stage4.2.blocks.1.conv1.bn.weight - torch.Size([384]): 
PretrainedInit: load from https://download.openmmlab.com/mmpose/v1/projects/rtmposev1/cspnext-m_udp-aic-coco_210e-256x192-f2f7d6f6_20230130.pth 

backbone.stage4.2.blocks.1.conv1.bn.bias - torch.Size([384]): 
PretrainedInit: load from https://download.openmmlab.com/mmpose/v1/projects/rtmposev1/cspnext-m_udp-aic-coco_210e-256x192-f2f7d6f6_20230130.pth 

backbone.stage4.2.blocks.1.conv2.depthwise_conv.conv.weight - torch.Size([384, 1, 5, 5]): 
PretrainedInit: load from https://download.openmmlab.com/mmpose/v1/projects/rtmposev1/cspnext-m_udp-aic-coco_210e-256x192-f2f7d6f6_20230130.pth 

backbone.stage4.2.blocks.1.conv2.depthwise_conv.bn.weight - torch.Size([384]): 
PretrainedInit: load from https://download.openmmlab.com/mmpose/v1/projects/rtmposev1/cspnext-m_udp-aic-coco_210e-256x192-f2f7d6f6_20230130.pth 

backbone.stage4.2.blocks.1.conv2.depthwise_conv.bn.bias - torch.Size([384]): 
PretrainedInit: load from https://download.openmmlab.com/mmpose/v1/projects/rtmposev1/cspnext-m_udp-aic-coco_210e-256x192-f2f7d6f6_20230130.pth 

backbone.stage4.2.blocks.1.conv2.pointwise_conv.conv.weight - torch.Size([384, 384, 1, 1]): 
PretrainedInit: load from https://download.openmmlab.com/mmpose/v1/projects/rtmposev1/cspnext-m_udp-aic-coco_210e-256x192-f2f7d6f6_20230130.pth 

backbone.stage4.2.blocks.1.conv2.pointwise_conv.bn.weight - torch.Size([384]): 
PretrainedInit: load from https://download.openmmlab.com/mmpose/v1/projects/rtmposev1/cspnext-m_udp-aic-coco_210e-256x192-f2f7d6f6_20230130.pth 

backbone.stage4.2.blocks.1.conv2.pointwise_conv.bn.bias - torch.Size([384]): 
PretrainedInit: load from https://download.openmmlab.com/mmpose/v1/projects/rtmposev1/cspnext-m_udp-aic-coco_210e-256x192-f2f7d6f6_20230130.pth 

backbone.stage4.2.attention.fc.weight - torch.Size([768, 768, 1, 1]): 
PretrainedInit: load from https://download.openmmlab.com/mmpose/v1/projects/rtmposev1/cspnext-m_udp-aic-coco_210e-256x192-f2f7d6f6_20230130.pth 

backbone.stage4.2.attention.fc.bias - torch.Size([768]): 
PretrainedInit: load from https://download.openmmlab.com/mmpose/v1/projects/rtmposev1/cspnext-m_udp-aic-coco_210e-256x192-f2f7d6f6_20230130.pth 

head.final_layer.weight - torch.Size([22, 768, 7, 7]): 
NormalInit: mean=0, std=0.001, bias=0 

head.final_layer.bias - torch.Size([22]): 
NormalInit: mean=0, std=0.001, bias=0 

head.mlp.0.g - torch.Size([1]): 
The value is the same before and after calling `init_weights` of TopdownPoseEstimator  

head.mlp.1.weight - torch.Size([256, 128]): 
NormalInit: mean=0, std=0.01, bias=0 

head.gau.gamma - torch.Size([2, 128]): 
The value is the same before and after calling `init_weights` of TopdownPoseEstimator  

head.gau.beta - torch.Size([2, 128]): 
The value is the same before and after calling `init_weights` of TopdownPoseEstimator  

head.gau.o.weight - torch.Size([256, 512]): 
NormalInit: mean=0, std=0.01, bias=0 

head.gau.uv.weight - torch.Size([1152, 256]): 
NormalInit: mean=0, std=0.01, bias=0 

head.gau.ln.g - torch.Size([1]): 
The value is the same before and after calling `init_weights` of TopdownPoseEstimator  

head.gau.res_scale.scale - torch.Size([256]): 
The value is the same before and after calling `init_weights` of TopdownPoseEstimator  

head.cls_x.weight - torch.Size([512, 256]): 
NormalInit: mean=0, std=0.01, bias=0 

head.cls_y.weight - torch.Size([1024, 256]): 
NormalInit: mean=0, std=0.01, bias=0 
2026/09/22 19:32:51 - mmengine - WARNING - "FileClient" will be deprecated in future. Please use io functions in https://mmengine.readthedocs.io/en/latest/api/fileio.html#file-io
2026/09/22 19:32:51 - mmengine - WARNING - "HardDiskBackend" is the alias of "LocalBackend" and the former will be deprecated in future.
2026/09/22 19:32:51 - mmengine - INFO - Checkpoints will be saved to /home/PavYtr/Projects/cv/work_dirs/rtmpose-m-lumbar-coco2000-210e.
2026/09/22 19:32:57 - mmengine - INFO - Epoch(train)   [1][10/25]  base_lr: 9.022946e-06 lr: 9.022946e-06  eta: 0:55:47  time: 0.638807  data_time: 0.215639  memory: 5901  grad_norm: 0.399855  loss: 0.776784  loss_kpt: 0.776784  acc_pose: 0.007812
2026/09/22 19:33:00 - mmengine - INFO - Epoch(train)   [1][20/25]  base_lr: 1.904289e-05 lr: 1.904289e-05  eta: 0:38:36  time: 0.443010  data_time: 0.131520  memory: 5901  grad_norm: 0.351124  loss: 0.774031  loss_kpt: 0.774031  acc_pose: 0.020597
2026/09/22 19:33:01 - mmengine - INFO - Exp name: rtmpose-m_lumbar-coco2000_1stage_20260922_193248
2026/09/22 19:33:05 - mmengine - INFO - Epoch(train)   [2][10/25]  base_lr: 3.407280e-05 lr: 3.407280e-05  eta: 0:35:32  time: 0.408987  data_time: 0.140790  memory: 5901  grad_norm: 0.358252  loss: 0.761783  loss_kpt: 0.761783  acc_pose: 0.085227
2026/09/22 19:33:08 - mmengine - INFO - Epoch(train)   [2][20/25]  base_lr: 4.409274e-05 lr: 4.409274e-05  eta: 0:32:19  time: 0.372694  data_time: 0.120745  memory: 5901  grad_norm: 0.409013  loss: 0.743927  loss_kpt: 0.743927  acc_pose: 0.127841
2026/09/22 19:33:09 - mmengine - INFO - Exp name: rtmpose-m_lumbar-coco2000_1stage_20260922_193248
2026/09/22 19:33:13 - mmengine - INFO - Epoch(train)   [3][10/25]  base_lr: 5.912265e-05 lr: 5.912265e-05  eta: 0:31:58  time: 0.315769  data_time: 0.111563  memory: 5901  grad_norm: 0.572748  loss: 0.693747  loss_kpt: 0.693747  acc_pose: 0.359375
2026/09/22 19:33:16 - mmengine - INFO - Epoch(train)   [3][20/25]  base_lr: 6.914259e-05 lr: 6.914259e-05  eta: 0:30:21  time: 0.315210  data_time: 0.112376  memory: 5901  grad_norm: 0.734275  loss: 0.646963  loss_kpt: 0.646963  acc_pose: 0.383523
2026/09/22 19:33:17 - mmengine - INFO - Exp name: rtmpose-m_lumbar-coco2000_1stage_20260922_193248
2026/09/22 19:33:21 - mmengine - INFO - Epoch(train)   [4][10/25]  base_lr: 8.417249e-05 lr: 8.417249e-05  eta: 0:30:19  time: 0.312651  data_time: 0.110938  memory: 5901  grad_norm: 0.924003  loss: 0.565722  loss_kpt: 0.565722  acc_pose: 0.455966
2026/09/22 19:33:23 - mmengine - INFO - Epoch(train)   [4][20/25]  base_lr: 9.419243e-05 lr: 9.419243e-05  eta: 0:29:07  time: 0.308535  data_time: 0.107683  memory: 5901  grad_norm: 1.006325  loss: 0.515269  loss_kpt: 0.515269  acc_pose: 0.579545
2026/09/22 19:33:24 - mmengine - INFO - Exp name: rtmpose-m_lumbar-coco2000_1stage_20260922_193248
2026/09/22 19:33:29 - mmengine - INFO - Epoch(train)   [5][10/25]  base_lr: 1.092223e-04 lr: 1.092223e-04  eta: 0:29:26  time: 0.312603  data_time: 0.108873  memory: 5901  grad_norm: 1.055066  loss: 0.457060  loss_kpt: 0.457060  acc_pose: 0.613636
2026/09/22 19:33:31 - mmengine - INFO - Epoch(train)   [5][20/25]  base_lr: 1.192423e-04 lr: 1.192423e-04  eta: 0:28:37  time: 0.310887  data_time: 0.107414  memory: 5901  grad_norm: 1.049685  loss: 0.425408  loss_kpt: 0.425408  acc_pose: 0.664412
2026/09/22 19:33:32 - mmengine - INFO - Exp name: rtmpose-m_lumbar-coco2000_1stage_20260922_193248
2026/09/22 19:33:36 - mmengine - INFO - Epoch(train)   [6][10/25]  base_lr: 1.342722e-04 lr: 1.342722e-04  eta: 0:28:37  time: 0.307718  data_time: 0.105249  memory: 5901  grad_norm: 1.092304  loss: 0.393214  loss_kpt: 0.393214  acc_pose: 0.683543
2026/09/22 19:33:39 - mmengine - INFO - Epoch(train)   [6][20/25]  base_lr: 1.442921e-04 lr: 1.442921e-04  eta: 0:27:58  time: 0.309548  data_time: 0.107071  memory: 5901  grad_norm: 1.131737  loss: 0.378789  loss_kpt: 0.378789  acc_pose: 0.746449
2026/09/22 19:33:40 - mmengine - INFO - Exp name: rtmpose-m_lumbar-coco2000_1stage_20260922_193248
2026/09/22 19:33:44 - mmengine - INFO - Epoch(train)   [7][10/25]  base_lr: 1.593220e-04 lr: 1.593220e-04  eta: 0:28:15  time: 0.309570  data_time: 0.109932  memory: 5901  grad_norm: 1.149892  loss: 0.359749  loss_kpt: 0.359749  acc_pose: 0.774148
2026/09/22 19:33:47 - mmengine - INFO - Epoch(train)   [7][20/25]  base_lr: 1.693420e-04 lr: 1.693420e-04  eta: 0:27:41  time: 0.308814  data_time: 0.107891  memory: 5901  grad_norm: 1.162366  loss: 0.347473  loss_kpt: 0.347473  acc_pose: 0.829917
2026/09/22 19:33:48 - mmengine - INFO - Exp name: rtmpose-m_lumbar-coco2000_1stage_20260922_193248
2026/09/22 19:33:52 - mmengine - INFO - Epoch(train)   [8][10/25]  base_lr: 1.843719e-04 lr: 1.843719e-04  eta: 0:27:51  time: 0.314189  data_time: 0.111900  memory: 5901  grad_norm: 1.158900  loss: 0.329422  loss_kpt: 0.329422  acc_pose: 0.900568
2026/09/22 19:33:55 - mmengine - INFO - Epoch(train)   [8][20/25]  base_lr: 1.943918e-04 lr: 1.943918e-04  eta: 0:27:26  time: 0.316446  data_time: 0.114094  memory: 5901  grad_norm: 1.141175  loss: 0.316633  loss_kpt: 0.316633  acc_pose: 0.920455
2026/09/22 19:33:56 - mmengine - INFO - Exp name: rtmpose-m_lumbar-coco2000_1stage_20260922_193248
2026/09/22 19:34:00 - mmengine - INFO - Epoch(train)   [9][10/25]  base_lr: 2.094217e-04 lr: 2.094217e-04  eta: 0:27:26  time: 0.306500  data_time: 0.105175  memory: 5901  grad_norm: 1.101222  loss: 0.299978  loss_kpt: 0.299978  acc_pose: 0.930296
2026/09/22 19:34:02 - mmengine - INFO - Epoch(train)   [9][20/25]  base_lr: 2.194417e-04 lr: 2.194417e-04  eta: 0:27:04  time: 0.309298  data_time: 0.109585  memory: 5901  grad_norm: 1.085910  loss: 0.290134  loss_kpt: 0.290134  acc_pose: 0.914615
2026/09/22 19:34:03 - mmengine - INFO - Exp name: rtmpose-m_lumbar-coco2000_1stage_20260922_193248
2026/09/22 19:34:08 - mmengine - INFO - Epoch(train)  [10][10/25]  base_lr: 2.344716e-04 lr: 2.344716e-04  eta: 0:27:13  time: 0.310448  data_time: 0.112201  memory: 5901  grad_norm: 1.032942  loss: 0.276302  loss_kpt: 0.276302  acc_pose: 0.955966
2026/09/22 19:34:10 - mmengine - INFO - Epoch(train)  [10][20/25]  base_lr: 2.444915e-04 lr: 2.444915e-04  eta: 0:26:53  time: 0.309245  data_time: 0.110887  memory: 5901  grad_norm: 1.003779  loss: 0.267162  loss_kpt: 0.267162  acc_pose: 0.958807
2026/09/22 19:34:11 - mmengine - INFO - Exp name: rtmpose-m_lumbar-coco2000_1stage_20260922_193248
2026/09/22 19:34:11 - mmengine - INFO - Saving checkpoint at 10 epochs
2026/09/22 19:34:13 - mmengine - INFO - Epoch(val)  [10][10/13]    eta: 0:00:00  time: 0.091905  data_time: 0.057586  memory: 5901  
2026/09/22 19:34:13 - mmengine - INFO - Evaluating CocoMetric...
2026/09/22 19:34:13 - mmengine - INFO - Evaluating PCKAccuracy (normalized by ``"bbox_size"``)...
2026/09/22 19:34:13 - mmengine - INFO - Evaluating PCKAccuracy (normalized by ``"bbox_size"``)...
2026/09/22 19:34:13 - mmengine - INFO - Evaluating PCKAccuracy (normalized by ``"bbox_size"``)...
2026/09/22 19:34:13 - mmengine - INFO - Evaluating PCKAccuracy (normalized by ``"bbox_size"``)...
2026/09/22 19:34:13 - mmengine - INFO - Epoch(val) [10][13/13]    coco/AP: 0.984753  coco/AP .5: 0.990099  coco/AP .75: 0.990099  coco/AP (M): -1.000000  coco/AP (L): 0.984753  coco/AR: 0.986500  coco/AR .5: 0.995000  coco/AR .75: 0.990000  coco/AR (M): -1.000000  coco/AR (L): 0.986500  PCK@0.05/PCK: 0.990455  PCK@0.03/PCK: 0.973864  PCK@0.02/PCK: 0.915227  PCK@0.01/PCK: 0.549773  data_time: 0.046516  time: 0.078645
2026/09/22 19:34:13 - mmengine - INFO - The best checkpoint with 0.9905 PCK@0.05/PCK at 10 epoch is saved to best_PCK@0.05_PCK_epoch_10.pth.
2026/09/22 19:34:19 - mmengine - INFO - Epoch(train)  [11][10/25]  base_lr: 2.595214e-04 lr: 2.595214e-04  eta: 0:27:01  time: 0.317266  data_time: 0.117959  memory: 5901  grad_norm: 0.975688  loss: 0.254356  loss_kpt: 0.254356  acc_pose: 0.972301
2026/09/22 19:34:21 - mmengine - INFO - Epoch(train)  [11][20/25]  base_lr: 2.695414e-04 lr: 2.695414e-04  eta: 0:26:38  time: 0.311554  data_time: 0.112106  memory: 5901  grad_norm: 0.967394  loss: 0.248431  loss_kpt: 0.248431  acc_pose: 0.925426
2026/09/22 19:34:22 - mmengine - INFO - Exp name: rtmpose-m_lumbar-coco2000_1stage_20260922_193248
2026/09/22 19:34:26 - mmengine - INFO - Epoch(train)  [12][10/25]  base_lr: 2.845713e-04 lr: 2.845713e-04  eta: 0:26:42  time: 0.308402  data_time: 0.108619  memory: 5901  grad_norm: 0.959804  loss: 0.239439  loss_kpt: 0.239439  acc_pose: 0.967983
2026/09/22 19:34:29 - mmengine - INFO - Epoch(train)  [12][20/25]  base_lr: 2.945912e-04 lr: 2.945912e-04  eta: 0:26:23  time: 0.306832  data_time: 0.107370  memory: 5901  grad_norm: 0.943079  loss: 0.234850  loss_kpt: 0.234850  acc_pose: 0.983665
2026/09/22 19:34:30 - mmengine - INFO - Exp name: rtmpose-m_lumbar-coco2000_1stage_20260922_193248
2026/09/22 19:34:34 - mmengine - INFO - Epoch(train)  [13][10/25]  base_lr: 3.096211e-04 lr: 3.096211e-04  eta: 0:26:25  time: 0.300542  data_time: 0.102064  memory: 5901  grad_norm: 0.909314  loss: 0.226505  loss_kpt: 0.226505  acc_pose: 0.990767
2026/09/22 19:34:37 - mmengine - INFO - Epoch(train)  [13][20/25]  base_lr: 3.196411e-04 lr: 3.196411e-04  eta: 0:26:13  time: 0.309588  data_time: 0.110795  memory: 5901  grad_norm: 0.853550  loss: 0.221243  loss_kpt: 0.221243  acc_pose: 0.979403
2026/09/22 19:34:38 - mmengine - INFO - Exp name: rtmpose-m_lumbar-coco2000_1stage_20260922_193248
2026/09/22 19:34:42 - mmengine - INFO - Epoch(train)  [14][10/25]  base_lr: 3.346710e-04 lr: 3.346710e-04  eta: 0:26:14  time: 0.306897  data_time: 0.108599  memory: 5901  grad_norm: 0.812565  loss: 0.214165  loss_kpt: 0.214165  acc_pose: 0.985085
2026/09/22 19:34:44 - mmengine - INFO - Epoch(train)  [14][20/25]  base_lr: 3.446909e-04 lr: 3.446909e-04  eta: 0:25:59  time: 0.307693  data_time: 0.109026  memory: 5901  grad_norm: 0.785563  loss: 0.209803  loss_kpt: 0.209803  acc_pose: 0.990000
2026/09/22 19:34:45 - mmengine - INFO - Exp name: rtmpose-m_lumbar-coco2000_1stage_20260922_193248
2026/09/22 19:34:50 - mmengine - INFO - Epoch(train)  [15][10/25]  base_lr: 3.597208e-04 lr: 3.597208e-04  eta: 0:26:05  time: 0.314820  data_time: 0.117020  memory: 5901  grad_norm: 0.756479  loss: 0.205577  loss_kpt: 0.205577  acc_pose: 0.992188
2026/09/22 19:34:52 - mmengine - INFO - Epoch(train)  [15][20/25]  base_lr: 3.697408e-04 lr: 3.697408e-04  eta: 0:25:51  time: 0.309863  data_time: 0.112166  memory: 5901  grad_norm: 0.758252  loss: 0.202380  loss_kpt: 0.202380  acc_pose: 0.971591
2026/09/22 19:34:53 - mmengine - INFO - Exp name: rtmpose-m_lumbar-coco2000_1stage_20260922_193248
2026/09/22 19:34:58 - mmengine - INFO - Epoch(train)  [16][10/25]  base_lr: 3.847707e-04 lr: 3.847707e-04  eta: 0:25:54  time: 0.313702  data_time: 0.115603  memory: 5901  grad_norm: 0.731210  loss: 0.200747  loss_kpt: 0.200747  acc_pose: 0.982244
2026/09/22 19:35:00 - mmengine - INFO - Epoch(train)  [16][20/25]  base_lr: 3.947906e-04 lr: 3.947906e-04  eta: 0:25:38  time: 0.309353  data_time: 0.111797  memory: 5901  grad_norm: 0.720910  loss: 0.198171  loss_kpt: 0.198171  acc_pose: 0.991477
2026/09/22 19:35:01 - mmengine - INFO - Exp name: rtmpose-m_lumbar-coco2000_1stage_20260922_193248
2026/09/22 19:35:05 - mmengine - INFO - Epoch(train)  [17][10/25]  base_lr: 4.098205e-04 lr: 4.098205e-04  eta: 0:25:43  time: 0.310408  data_time: 0.112445  memory: 5901  grad_norm: 0.691274  loss: 0.194745  loss_kpt: 0.194745  acc_pose: 0.994296
2026/09/22 19:35:07 - mmengine - INFO - Epoch(train)  [17][20/25]  base_lr: 4.198405e-04 lr: 4.198405e-04  eta: 0:25:28  time: 0.305891  data_time: 0.108599  memory: 5901  grad_norm: 0.668952  loss: 0.193142  loss_kpt: 0.193142  acc_pose: 0.986506
2026/09/22 19:35:09 - mmengine - INFO - Exp name: rtmpose-m_lumbar-coco2000_1stage_20260922_193248
2026/09/22 19:35:13 - mmengine - INFO - Epoch(train)  [18][10/25]  base_lr: 4.348704e-04 lr: 4.348704e-04  eta: 0:25:30  time: 0.304738  data_time: 0.107816  memory: 5901  grad_norm: 0.655546  loss: 0.188182  loss_kpt: 0.188182  acc_pose: 0.990767
2026/09/22 19:35:15 - mmengine - INFO - Epoch(train)  [18][20/25]  base_lr: 4.448903e-04 lr: 4.448903e-04  eta: 0:25:18  time: 0.309815  data_time: 0.112963  memory: 5901  grad_norm: 0.643527  loss: 0.187096  loss_kpt: 0.187096  acc_pose: 0.990733
2026/09/22 19:35:16 - mmengine - INFO - Exp name: rtmpose-m_lumbar-coco2000_1stage_20260922_193248
2026/09/22 19:35:21 - mmengine - INFO - Epoch(train)  [19][10/25]  base_lr: 4.599202e-04 lr: 4.599202e-04  eta: 0:25:21  time: 0.307717  data_time: 0.109618  memory: 5901  grad_norm: 0.633435  loss: 0.183987  loss_kpt: 0.183987  acc_pose: 0.992898
2026/09/22 19:35:23 - mmengine - INFO - Epoch(train)  [19][20/25]  base_lr: 4.699402e-04 lr: 4.699402e-04  eta: 0:25:08  time: 0.308286  data_time: 0.109648  memory: 5901  grad_norm: 0.619769  loss: 0.181633  loss_kpt: 0.181633  acc_pose: 0.995017
2026/09/22 19:35:24 - mmengine - INFO - Exp name: rtmpose-m_lumbar-coco2000_1stage_20260922_193248
2026/09/22 19:35:28 - mmengine - INFO - Epoch(train)  [20][10/25]  base_lr: 4.849701e-04 lr: 4.849701e-04  eta: 0:25:10  time: 0.310293  data_time: 0.110805  memory: 5901  grad_norm: 0.610658  loss: 0.179784  loss_kpt: 0.179784  acc_pose: 0.991477
2026/09/22 19:35:31 - mmengine - INFO - Epoch(train)  [20][20/25]  base_lr: 4.949900e-04 lr: 4.949900e-04  eta: 0:24:59  time: 0.309995  data_time: 0.110037  memory: 5901  grad_norm: 0.613322  loss: 0.177565  loss_kpt: 0.177565  acc_pose: 0.982244
2026/09/22 19:35:32 - mmengine - INFO - Exp name: rtmpose-m_lumbar-coco2000_1stage_20260922_193248
2026/09/22 19:35:32 - mmengine - INFO - Saving checkpoint at 20 epochs
2026/09/22 19:35:33 - mmengine - INFO - Epoch(val)  [20][10/13]    eta: 0:00:00  time: 0.081381  data_time: 0.052669  memory: 5901  
2026/09/22 19:35:33 - mmengine - INFO - Evaluating CocoMetric...
2026/09/22 19:35:33 - mmengine - INFO - Evaluating PCKAccuracy (normalized by ``"bbox_size"``)...
2026/09/22 19:35:33 - mmengine - INFO - Evaluating PCKAccuracy (normalized by ``"bbox_size"``)...
2026/09/22 19:35:33 - mmengine - INFO - Evaluating PCKAccuracy (normalized by ``"bbox_size"``)...
2026/09/22 19:35:33 - mmengine - INFO - Evaluating PCKAccuracy (normalized by ``"bbox_size"``)...
2026/09/22 19:35:33 - mmengine - INFO - Epoch(val) [20][13/13]    coco/AP: 0.983983  coco/AP .5: 0.989900  coco/AP .75: 0.980098  coco/AP (M): -1.000000  coco/AP (L): 0.983983  coco/AR: 0.986500  coco/AR .5: 0.990000  coco/AR .75: 0.985000  coco/AR (M): -1.000000  coco/AR (L): 0.986500  PCK@0.05/PCK: 0.989318  PCK@0.03/PCK: 0.982045  PCK@0.02/PCK: 0.959545  PCK@0.01/PCK: 0.730909  data_time: 0.046885  time: 0.070347
2026/09/22 19:35:37 - mmengine - INFO - Epoch(train)  [21][10/25]  base_lr: 5.000000e-04 lr: 5.000000e-04  eta: 0:24:59  time: 0.304707  data_time: 0.105701  memory: 5901  grad_norm: 0.616949  loss: 0.177530  loss_kpt: 0.177530  acc_pose: 0.985773
2026/09/22 19:35:40 - mmengine - INFO - Epoch(train)  [21][20/25]  base_lr: 5.000000e-04 lr: 5.000000e-04  eta: 0:24:51  time: 0.312379  data_time: 0.113564  memory: 5901  grad_norm: 0.612485  loss: 0.177566  loss_kpt: 0.177566  acc_pose: 0.993608
2026/09/22 19:35:41 - mmengine - INFO - Exp name: rtmpose-m_lumbar-coco2000_1stage_20260922_193248
2026/09/22 19:35:45 - mmengine - INFO - Epoch(train)  [22][10/25]  base_lr: 5.000000e-04 lr: 5.000000e-04  eta: 0:24:51  time: 0.310504  data_time: 0.111861  memory: 5901  grad_norm: 0.583125  loss: 0.174485  loss_kpt: 0.174485  acc_pose: 0.992898
2026/09/22 19:35:47 - mmengine - INFO - Epoch(train)  [22][20/25]  base_lr: 5.000000e-04 lr: 5.000000e-04  eta: 0:24:40  time: 0.306498  data_time: 0.108276  memory: 5901  grad_norm: 0.564793  loss: 0.173093  loss_kpt: 0.173093  acc_pose: 0.996449
2026/09/22 19:35:49 - mmengine - INFO - Exp name: rtmpose-m_lumbar-coco2000_1stage_20260922_193248
2026/09/22 19:35:53 - mmengine - INFO - Epoch(train)  [23][10/25]  base_lr: 5.000000e-04 lr: 5.000000e-04  eta: 0:24:41  time: 0.311013  data_time: 0.113244  memory: 5901  grad_norm: 0.583800  loss: 0.172067  loss_kpt: 0.172067  acc_pose: 0.997159
2026/09/22 19:35:55 - mmengine - INFO - Epoch(train)  [23][20/25]  base_lr: 5.000000e-04 lr: 5.000000e-04  eta: 0:24:33  time: 0.309406  data_time: 0.111192  memory: 5901  grad_norm: 0.579737  loss: 0.169538  loss_kpt: 0.169538  acc_pose: 0.995739
2026/09/22 19:35:56 - mmengine - INFO - Exp name: rtmpose-m_lumbar-coco2000_1stage_20260922_193248
2026/09/22 19:36:01 - mmengine - INFO - Epoch(train)  [24][10/25]  base_lr: 5.000000e-04 lr: 5.000000e-04  eta: 0:24:31  time: 0.304986  data_time: 0.107375  memory: 5901  grad_norm: 0.577849  loss: 0.168529  loss_kpt: 0.168529  acc_pose: 0.995028
2026/09/22 19:36:03 - mmengine - INFO - Epoch(train)  [24][20/25]  base_lr: 5.000000e-04 lr: 5.000000e-04  eta: 0:24:21  time: 0.307456  data_time: 0.108095  memory: 5901  grad_norm: 0.568958  loss: 0.167492  loss_kpt: 0.167492  acc_pose: 0.998580
2026/09/22 19:36:04 - mmengine - INFO - Exp name: rtmpose-m_lumbar-coco2000_1stage_20260922_193248
2026/09/22 19:36:08 - mmengine - INFO - Epoch(train)  [25][10/25]  base_lr: 5.000000e-04 lr: 5.000000e-04  eta: 0:24:22  time: 0.307408  data_time: 0.107768  memory: 5901  grad_norm: 0.524463  loss: 0.163804  loss_kpt: 0.163804  acc_pose: 0.990057
2026/09/22 19:36:11 - mmengine - INFO - Epoch(train)  [25][20/25]  base_lr: 5.000000e-04 lr: 5.000000e-04  eta: 0:24:12  time: 0.301268  data_time: 0.102233  memory: 5901  grad_norm: 0.522913  loss: 0.162442  loss_kpt: 0.162442  acc_pose: 0.996449
2026/09/22 19:36:12 - mmengine - INFO - Exp name: rtmpose-m_lumbar-coco2000_1stage_20260922_193248
2026/09/22 19:36:16 - mmengine - INFO - Epoch(train)  [26][10/25]  base_lr: 5.000000e-04 lr: 5.000000e-04  eta: 0:24:12  time: 0.305903  data_time: 0.103322  memory: 5901  grad_norm: 0.515809  loss: 0.160729  loss_kpt: 0.160729  acc_pose: 0.997159
2026/09/22 19:36:19 - mmengine - INFO - Epoch(train)  [26][20/25]  base_lr: 5.000000e-04 lr: 5.000000e-04  eta: 0:24:09  time: 0.324950  data_time: 0.124711  memory: 5901  grad_norm: 0.508577  loss: 0.159135  loss_kpt: 0.159135  acc_pose: 0.998580
2026/09/22 19:36:20 - mmengine - INFO - Exp name: rtmpose-m_lumbar-coco2000_1stage_20260922_193248
2026/09/22 19:36:24 - mmengine - INFO - Epoch(train)  [27][10/25]  base_lr: 5.000000e-04 lr: 5.000000e-04  eta: 0:24:08  time: 0.320526  data_time: 0.119703  memory: 5901  grad_norm: 0.503624  loss: 0.156033  loss_kpt: 0.156033  acc_pose: 0.991432
2026/09/22 19:36:27 - mmengine - INFO - Epoch(train)  [27][20/25]  base_lr: 5.000000e-04 lr: 5.000000e-04  eta: 0:23:59  time: 0.323347  data_time: 0.122651  memory: 5901  grad_norm: 0.505758  loss: 0.156396  loss_kpt: 0.156396  acc_pose: 0.992898
2026/09/22 19:36:28 - mmengine - INFO - Exp name: rtmpose-m_lumbar-coco2000_1stage_20260922_193248
2026/09/22 19:36:32 - mmengine - INFO - Epoch(train)  [28][10/25]  base_lr: 5.000000e-04 lr: 5.000000e-04  eta: 0:24:00  time: 0.327226  data_time: 0.130443  memory: 5901  grad_norm: 0.520102  loss: 0.156417  loss_kpt: 0.156417  acc_pose: 0.999290
2026/09/22 19:36:35 - mmengine - INFO - Epoch(train)  [28][20/25]  base_lr: 5.000000e-04 lr: 5.000000e-04  eta: 0:23:51  time: 0.307228  data_time: 0.109404  memory: 5901  grad_norm: 0.521516  loss: 0.156879  loss_kpt: 0.156879  acc_pose: 0.998580
2026/09/22 19:36:36 - mmengine - INFO - Exp name: rtmpose-m_lumbar-coco2000_1stage_20260922_193248
2026/09/22 19:36:40 - mmengine - INFO - Epoch(train)  [29][10/25]  base_lr: 5.000000e-04 lr: 5.000000e-04  eta: 0:23:51  time: 0.311861  data_time: 0.114225  memory: 5901  grad_norm: 0.512519  loss: 0.156156  loss_kpt: 0.156156  acc_pose: 0.997869
2026/09/22 19:36:42 - mmengine - INFO - Epoch(train)  [29][20/25]  base_lr: 5.000000e-04 lr: 5.000000e-04  eta: 0:23:42  time: 0.309328  data_time: 0.111697  memory: 5901  grad_norm: 0.507783  loss: 0.154236  loss_kpt: 0.154236  acc_pose: 0.986506
2026/09/22 19:36:43 - mmengine - INFO - Exp name: rtmpose-m_lumbar-coco2000_1stage_20260922_193248
2026/09/22 19:36:47 - mmengine - INFO - Epoch(train)  [30][10/25]  base_lr: 5.000000e-04 lr: 5.000000e-04  eta: 0:23:41  time: 0.304323  data_time: 0.106153  memory: 5901  grad_norm: 0.480315  loss: 0.150075  loss_kpt: 0.150075  acc_pose: 0.998580
2026/09/22 19:36:50 - mmengine - INFO - Epoch(train)  [30][20/25]  base_lr: 5.000000e-04 lr: 5.000000e-04  eta: 0:23:33  time: 0.305359  data_time: 0.107477  memory: 5901  grad_norm: 0.474141  loss: 0.147782  loss_kpt: 0.147782  acc_pose: 0.989347
2026/09/22 19:36:51 - mmengine - INFO - Exp name: rtmpose-m_lumbar-coco2000_1stage_20260922_193248
2026/09/22 19:36:51 - mmengine - INFO - Saving checkpoint at 30 epochs
2026/09/22 19:36:52 - mmengine - INFO - Epoch(val)  [30][10/13]    eta: 0:00:00  time: 0.077711  data_time: 0.051618  memory: 5901  
2026/09/22 19:36:52 - mmengine - INFO - Evaluating CocoMetric...
2026/09/22 19:36:52 - mmengine - INFO - Evaluating PCKAccuracy (normalized by ``"bbox_size"``)...
2026/09/22 19:36:52 - mmengine - INFO - Evaluating PCKAccuracy (normalized by ``"bbox_size"``)...
2026/09/22 19:36:52 - mmengine - INFO - Evaluating PCKAccuracy (normalized by ``"bbox_size"``)...
2026/09/22 19:36:52 - mmengine - INFO - Evaluating PCKAccuracy (normalized by ``"bbox_size"``)...
2026/09/22 19:36:52 - mmengine - INFO - Epoch(val) [30][13/13]    coco/AP: 0.990099  coco/AP .5: 0.990099  coco/AP .75: 0.990099  coco/AP (M): -1.000000  coco/AP (L): 0.990099  coco/AR: 0.993500  coco/AR .5: 0.995000  coco/AR .75: 0.995000  coco/AR (M): -1.000000  coco/AR (L): 0.993500  PCK@0.05/PCK: 0.992955  PCK@0.03/PCK: 0.989318  PCK@0.02/PCK: 0.974318  PCK@0.01/PCK: 0.811364  data_time: 0.048082  time: 0.068823
2026/09/22 19:36:52 - mmengine - INFO - The previous best checkpoint /home/PavYtr/Projects/cv/work_dirs/rtmpose-m-lumbar-coco2000-210e/best_PCK@0.05_PCK_epoch_10.pth is removed
2026/09/22 19:36:53 - mmengine - INFO - The best checkpoint with 0.9930 PCK@0.05/PCK at 30 epoch is saved to best_PCK@0.05_PCK_epoch_30.pth.
2026/09/22 19:36:58 - mmengine - INFO - Epoch(train)  [31][10/25]  base_lr: 5.000000e-04 lr: 5.000000e-04  eta: 0:23:33  time: 0.307524  data_time: 0.109943  memory: 5901  grad_norm: 0.458236  loss: 0.145344  loss_kpt: 0.145344  acc_pose: 0.997159
2026/09/22 19:37:00 - mmengine - INFO - Epoch(train)  [31][20/25]  base_lr: 5.000000e-04 lr: 5.000000e-04  eta: 0:23:25  time: 0.308579  data_time: 0.110758  memory: 5901  grad_norm: 0.438600  loss: 0.144174  loss_kpt: 0.144174  acc_pose: 0.995739
2026/09/22 19:37:01 - mmengine - INFO - Exp name: rtmpose-m_lumbar-coco2000_1stage_20260922_193248
2026/09/22 19:37:05 - mmengine - INFO - Epoch(train)  [32][10/25]  base_lr: 5.000000e-04 lr: 5.000000e-04  eta: 0:23:22  time: 0.304459  data_time: 0.106633  memory: 5901  grad_norm: 0.429009  loss: 0.142436  loss_kpt: 0.142436  acc_pose: 0.997869
2026/09/22 19:37:08 - mmengine - INFO - Epoch(train)  [32][20/25]  base_lr: 5.000000e-04 lr: 5.000000e-04  eta: 0:23:16  time: 0.309450  data_time: 0.111862  memory: 5901  grad_norm: 0.430164  loss: 0.142310  loss_kpt: 0.142310  acc_pose: 0.999290
2026/09/22 19:37:09 - mmengine - INFO - Exp name: rtmpose-m_lumbar-coco2000_1stage_20260922_193248
2026/09/22 19:37:13 - mmengine - INFO - Epoch(train)  [33][10/25]  base_lr: 5.000000e-04 lr: 5.000000e-04  eta: 0:23:15  time: 0.306165  data_time: 0.108001  memory: 5901  grad_norm: 0.454469  loss: 0.143486  loss_kpt: 0.143486  acc_pose: 0.996449
2026/09/22 19:37:16 - mmengine - INFO - Epoch(train)  [33][20/25]  base_lr: 5.000000e-04 lr: 5.000000e-04  eta: 0:23:08  time: 0.308533  data_time: 0.110023  memory: 5901  grad_norm: 0.455362  loss: 0.142993  loss_kpt: 0.142993  acc_pose: 0.996449
2026/09/22 19:37:17 - mmengine - INFO - Exp name: rtmpose-m_lumbar-coco2000_1stage_20260922_193248
2026/09/22 19:37:21 - mmengine - INFO - Epoch(train)  [34][10/25]  base_lr: 5.000000e-04 lr: 5.000000e-04  eta: 0:23:07  time: 0.315051  data_time: 0.117354  memory: 5901  grad_norm: 0.453061  loss: 0.143114  loss_kpt: 0.143114  acc_pose: 0.989347
2026/09/22 19:37:24 - mmengine - INFO - Epoch(train)  [34][20/25]  base_lr: 5.000000e-04 lr: 5.000000e-04  eta: 0:22:59  time: 0.310097  data_time: 0.112473  memory: 5901  grad_norm: 0.452039  loss: 0.142521  loss_kpt: 0.142521  acc_pose: 0.999290
2026/09/22 19:37:25 - mmengine - INFO - Exp name: rtmpose-m_lumbar-coco2000_1stage_20260922_193248
2026/09/22 19:37:29 - mmengine - INFO - Epoch(train)  [35][10/25]  base_lr: 5.000000e-04 lr: 5.000000e-04  eta: 0:22:57  time: 0.303103  data_time: 0.105599  memory: 5901  grad_norm: 0.418624  loss: 0.139518  loss_kpt: 0.139518  acc_pose: 0.997159
2026/09/22 19:37:31 - mmengine - INFO - Epoch(train)  [35][20/25]  base_lr: 5.000000e-04 lr: 5.000000e-04  eta: 0:22:50  time: 0.305178  data_time: 0.108373  memory: 5901  grad_norm: 0.420323  loss: 0.139888  loss_kpt: 0.139888  acc_pose: 0.976506
2026/09/22 19:37:32 - mmengine - INFO - Exp name: rtmpose-m_lumbar-coco2000_1stage_20260922_193248
2026/09/22 19:37:36 - mmengine - INFO - Epoch(train)  [36][10/25]  base_lr: 5.000000e-04 lr: 5.000000e-04  eta: 0:22:49  time: 0.304653  data_time: 0.107648  memory: 5901  grad_norm: 0.422580  loss: 0.138582  loss_kpt: 0.138582  acc_pose: 0.995739
2026/09/22 19:37:39 - mmengine - INFO - Epoch(train)  [36][20/25]  base_lr: 5.000000e-04 lr: 5.000000e-04  eta: 0:22:42  time: 0.305393  data_time: 0.108412  memory: 5901  grad_norm: 0.422383  loss: 0.138365  loss_kpt: 0.138365  acc_pose: 1.000000
2026/09/22 19:37:40 - mmengine - INFO - Exp name: rtmpose-m_lumbar-coco2000_1stage_20260922_193248
2026/09/22 19:37:44 - mmengine - INFO - Epoch(train)  [37][10/25]  base_lr: 5.000000e-04 lr: 5.000000e-04  eta: 0:22:40  time: 0.310418  data_time: 0.113906  memory: 5901  grad_norm: 0.445857  loss: 0.138813  loss_kpt: 0.138813  acc_pose: 0.999290
2026/09/22 19:37:46 - mmengine - INFO - Epoch(train)  [37][20/25]  base_lr: 5.000000e-04 lr: 5.000000e-04  eta: 0:22:33  time: 0.308076  data_time: 0.111031  memory: 5901  grad_norm: 0.446348  loss: 0.137371  loss_kpt: 0.137371  acc_pose: 0.996449
2026/09/22 19:37:48 - mmengine - INFO - Exp name: rtmpose-m_lumbar-coco2000_1stage_20260922_193248
2026/09/22 19:37:52 - mmengine - INFO - Epoch(train)  [38][10/25]  base_lr: 5.000000e-04 lr: 5.000000e-04  eta: 0:22:33  time: 0.311241  data_time: 0.113226  memory: 5901  grad_norm: 0.458203  loss: 0.137263  loss_kpt: 0.137263  acc_pose: 0.998580
2026/09/22 19:37:54 - mmengine - INFO - Epoch(train)  [38][20/25]  base_lr: 5.000000e-04 lr: 5.000000e-04  eta: 0:22:25  time: 0.308751  data_time: 0.110456  memory: 5901  grad_norm: 0.452412  loss: 0.136359  loss_kpt: 0.136359  acc_pose: 0.998580
2026/09/22 19:37:55 - mmengine - INFO - Exp name: rtmpose-m_lumbar-coco2000_1stage_20260922_193248
2026/09/22 19:38:00 - mmengine - INFO - Epoch(train)  [39][10/25]  base_lr: 5.000000e-04 lr: 5.000000e-04  eta: 0:22:23  time: 0.308863  data_time: 0.110223  memory: 5901  grad_norm: 0.432501  loss: 0.134620  loss_kpt: 0.134620  acc_pose: 1.000000
2026/09/22 19:38:02 - mmengine - INFO - Epoch(train)  [39][20/25]  base_lr: 5.000000e-04 lr: 5.000000e-04  eta: 0:22:17  time: 0.308150  data_time: 0.109640  memory: 5901  grad_norm: 0.421908  loss: 0.133603  loss_kpt: 0.133603  acc_pose: 0.999290
2026/09/22 19:38:03 - mmengine - INFO - Exp name: rtmpose-m_lumbar-coco2000_1stage_20260922_193248
2026/09/22 19:38:07 - mmengine - INFO - Epoch(train)  [40][10/25]  base_lr: 5.000000e-04 lr: 5.000000e-04  eta: 0:22:16  time: 0.308468  data_time: 0.111669  memory: 5901  grad_norm: 0.394949  loss: 0.130554  loss_kpt: 0.130554  acc_pose: 1.000000
2026/09/22 19:38:10 - mmengine - INFO - Epoch(train)  [40][20/25]  base_lr: 5.000000e-04 lr: 5.000000e-04  eta: 0:22:08  time: 0.306861  data_time: 0.109667  memory: 5901  grad_norm: 0.389899  loss: 0.129215  loss_kpt: 0.129215  acc_pose: 0.997869
2026/09/22 19:38:11 - mmengine - INFO - Exp name: rtmpose-m_lumbar-coco2000_1stage_20260922_193248
2026/09/22 19:38:11 - mmengine - INFO - Saving checkpoint at 40 epochs
2026/09/22 19:38:12 - mmengine - INFO - Epoch(val)  [40][10/13]    eta: 0:00:00  time: 0.075861  data_time: 0.051052  memory: 5901  
2026/09/22 19:38:12 - mmengine - INFO - Evaluating CocoMetric...
2026/09/22 19:38:12 - mmengine - INFO - Evaluating PCKAccuracy (normalized by ``"bbox_size"``)...
2026/09/22 19:38:12 - mmengine - INFO - Evaluating PCKAccuracy (normalized by ``"bbox_size"``)...
2026/09/22 19:38:12 - mmengine - INFO - Evaluating PCKAccuracy (normalized by ``"bbox_size"``)...
2026/09/22 19:38:12 - mmengine - INFO - Evaluating PCKAccuracy (normalized by ``"bbox_size"``)...
2026/09/22 19:38:12 - mmengine - INFO - Epoch(val) [40][13/13]    coco/AP: 0.989039  coco/AP .5: 0.990050  coco/AP .75: 0.990050  coco/AP (M): -1.000000  coco/AP (L): 0.989039  coco/AR: 0.993000  coco/AR .5: 0.995000  coco/AR .75: 0.995000  coco/AR (M): -1.000000  coco/AR (L): 0.993000  PCK@0.05/PCK: 0.993636  PCK@0.03/PCK: 0.989545  PCK@0.02/PCK: 0.973182  PCK@0.01/PCK: 0.827955  data_time: 0.047126  time: 0.067616
2026/09/22 19:38:12 - mmengine - INFO - The previous best checkpoint /home/PavYtr/Projects/cv/work_dirs/rtmpose-m-lumbar-coco2000-210e/best_PCK@0.05_PCK_epoch_30.pth is removed
2026/09/22 19:38:13 - mmengine - INFO - The best checkpoint with 0.9936 PCK@0.05/PCK at 40 epoch is saved to best_PCK@0.05_PCK_epoch_40.pth.
2026/09/22 19:38:18 - mmengine - INFO - Epoch(train)  [41][10/25]  base_lr: 5.000000e-04 lr: 5.000000e-04  eta: 0:22:08  time: 0.313387  data_time: 0.116045  memory: 5901  grad_norm: 0.400363  loss: 0.128550  loss_kpt: 0.128550  acc_pose: 0.982955
2026/09/22 19:38:20 - mmengine - INFO - Epoch(train)  [41][20/25]  base_lr: 5.000000e-04 lr: 5.000000e-04  eta: 0:22:01  time: 0.312504  data_time: 0.115209  memory: 5901  grad_norm: 0.412842  loss: 0.128401  loss_kpt: 0.128401  acc_pose: 0.983665
2026/09/22 19:38:21 - mmengine - INFO - Exp name: rtmpose-m_lumbar-coco2000_1stage_20260922_193248
2026/09/22 19:38:26 - mmengine - INFO - Epoch(train)  [42][10/25]  base_lr: 5.000000e-04 lr: 5.000000e-04  eta: 0:21:59  time: 0.310059  data_time: 0.111057  memory: 5901  grad_norm: 0.431287  loss: 0.130366  loss_kpt: 0.130366  acc_pose: 0.992898
2026/09/22 19:38:28 - mmengine - INFO - Epoch(train)  [42][20/25]  base_lr: 5.000000e-04 lr: 5.000000e-04  eta: 0:21:52  time: 0.310422  data_time: 0.111885  memory: 5901  grad_norm: 0.436464  loss: 0.130585  loss_kpt: 0.130585  acc_pose: 0.997159
2026/09/22 19:38:29 - mmengine - INFO - Exp name: rtmpose-m_lumbar-coco2000_1stage_20260922_193248
2026/09/22 19:38:33 - mmengine - INFO - Epoch(train)  [43][10/25]  base_lr: 5.000000e-04 lr: 5.000000e-04  eta: 0:21:50  time: 0.305066  data_time: 0.105077  memory: 5901  grad_norm: 0.418479  loss: 0.129195  loss_kpt: 0.129195  acc_pose: 0.997159
2026/09/22 19:38:36 - mmengine - INFO - Epoch(train)  [43][20/25]  base_lr: 5.000000e-04 lr: 5.000000e-04  eta: 0:21:44  time: 0.306794  data_time: 0.107030  memory: 5901  grad_norm: 0.418784  loss: 0.128045  loss_kpt: 0.128045  acc_pose: 1.000000
2026/09/22 19:38:37 - mmengine - INFO - Exp name: rtmpose-m_lumbar-coco2000_1stage_20260922_193248
2026/09/22 19:38:41 - mmengine - INFO - Epoch(train)  [44][10/25]  base_lr: 5.000000e-04 lr: 5.000000e-04  eta: 0:21:41  time: 0.299594  data_time: 0.099650  memory: 5901  grad_norm: 0.444796  loss: 0.126593  loss_kpt: 0.126593  acc_pose: 0.999290
2026/09/22 19:38:43 - mmengine - INFO - Epoch(train)  [44][20/25]  base_lr: 5.000000e-04 lr: 5.000000e-04  eta: 0:21:36  time: 0.308396  data_time: 0.108657  memory: 5901  grad_norm: 0.436323  loss: 0.125190  loss_kpt: 0.125190  acc_pose: 0.994318
2026/09/22 19:38:44 - mmengine - INFO - Exp name: rtmpose-m_lumbar-coco2000_1stage_20260922_193248
2026/09/22 19:38:49 - mmengine - INFO - Epoch(train)  [45][10/25]  base_lr: 5.000000e-04 lr: 5.000000e-04  eta: 0:21:34  time: 0.308418  data_time: 0.111109  memory: 5901  grad_norm: 0.448975  loss: 0.124993  loss_kpt: 0.124993  acc_pose: 0.996449
2026/09/22 19:38:51 - mmengine - INFO - Epoch(train)  [45][20/25]  base_lr: 5.000000e-04 lr: 5.000000e-04  eta: 0:21:27  time: 0.304536  data_time: 0.107006  memory: 5901  grad_norm: 0.445576  loss: 0.125179  loss_kpt: 0.125179  acc_pose: 0.995739
2026/09/22 19:38:52 - mmengine - INFO - Exp name: rtmpose-m_lumbar-coco2000_1stage_20260922_193248
2026/09/22 19:38:56 - mmengine - INFO - Epoch(train)  [46][10/25]  base_lr: 5.000000e-04 lr: 5.000000e-04  eta: 0:21:25  time: 0.310450  data_time: 0.113975  memory: 5901  grad_norm: 0.416160  loss: 0.123378  loss_kpt: 0.123378  acc_pose: 1.000000
2026/09/22 19:38:59 - mmengine - INFO - Epoch(train)  [46][20/25]  base_lr: 5.000000e-04 lr: 5.000000e-04  eta: 0:21:19  time: 0.305998  data_time: 0.109515  memory: 5901  grad_norm: 0.413313  loss: 0.122937  loss_kpt: 0.122937  acc_pose: 0.999290
2026/09/22 19:39:00 - mmengine - INFO - Exp name: rtmpose-m_lumbar-coco2000_1stage_20260922_193248
2026/09/22 19:39:04 - mmengine - INFO - Epoch(train)  [47][10/25]  base_lr: 5.000000e-04 lr: 5.000000e-04  eta: 0:21:17  time: 0.307681  data_time: 0.111197  memory: 5901  grad_norm: 0.397056  loss: 0.121231  loss_kpt: 0.121231  acc_pose: 0.996449
2026/09/22 19:39:06 - mmengine - INFO - Epoch(train)  [47][20/25]  base_lr: 5.000000e-04 lr: 5.000000e-04  eta: 0:21:11  time: 0.307899  data_time: 0.111805  memory: 5901  grad_norm: 0.386755  loss: 0.119338  loss_kpt: 0.119338  acc_pose: 1.000000
2026/09/22 19:39:07 - mmengine - INFO - Exp name: rtmpose-m_lumbar-coco2000_1stage_20260922_193248
2026/09/22 19:39:12 - mmengine - INFO - Epoch(train)  [48][10/25]  base_lr: 5.000000e-04 lr: 5.000000e-04  eta: 0:21:09  time: 0.310259  data_time: 0.113534  memory: 5901  grad_norm: 0.368490  loss: 0.117360  loss_kpt: 0.117360  acc_pose: 0.999290
2026/09/22 19:39:14 - mmengine - INFO - Epoch(train)  [48][20/25]  base_lr: 5.000000e-04 lr: 5.000000e-04  eta: 0:21:03  time: 0.306170  data_time: 0.109397  memory: 5901  grad_norm: 0.377836  loss: 0.116817  loss_kpt: 0.116817  acc_pose: 1.000000
2026/09/22 19:39:15 - mmengine - INFO - Exp name: rtmpose-m_lumbar-coco2000_1stage_20260922_193248
2026/09/22 19:39:19 - mmengine - INFO - Epoch(train)  [49][10/25]  base_lr: 5.000000e-04 lr: 5.000000e-04  eta: 0:21:01  time: 0.305414  data_time: 0.108081  memory: 5901  grad_norm: 0.380703  loss: 0.116017  loss_kpt: 0.116017  acc_pose: 1.000000
2026/09/22 19:39:22 - mmengine - INFO - Epoch(train)  [49][20/25]  base_lr: 5.000000e-04 lr: 5.000000e-04  eta: 0:20:55  time: 0.308388  data_time: 0.111050  memory: 5901  grad_norm: 0.376506  loss: 0.115605  loss_kpt: 0.115605  acc_pose: 0.995739
2026/09/22 19:39:23 - mmengine - INFO - Exp name: rtmpose-m_lumbar-coco2000_1stage_20260922_193248
2026/09/22 19:39:27 - mmengine - INFO - Epoch(train)  [50][10/25]  base_lr: 5.000000e-04 lr: 5.000000e-04  eta: 0:20:52  time: 0.304056  data_time: 0.106625  memory: 5901  grad_norm: 0.369584  loss: 0.114972  loss_kpt: 0.114972  acc_pose: 1.000000
2026/09/22 19:39:29 - mmengine - INFO - Epoch(train)  [50][20/25]  base_lr: 5.000000e-04 lr: 5.000000e-04  eta: 0:20:46  time: 0.306197  data_time: 0.108279  memory: 5901  grad_norm: 0.360466  loss: 0.114131  loss_kpt: 0.114131  acc_pose: 0.998580
2026/09/22 19:39:30 - mmengine - INFO - Exp name: rtmpose-m_lumbar-coco2000_1stage_20260922_193248
2026/09/22 19:39:30 - mmengine - INFO - Saving checkpoint at 50 epochs
2026/09/22 19:39:32 - mmengine - INFO - Epoch(val)  [50][10/13]    eta: 0:00:00  time: 0.072978  data_time: 0.050907  memory: 5901  
2026/09/22 19:39:32 - mmengine - INFO - Evaluating CocoMetric...
2026/09/22 19:39:32 - mmengine - INFO - Evaluating PCKAccuracy (normalized by ``"bbox_size"``)...
2026/09/22 19:39:32 - mmengine - INFO - Evaluating PCKAccuracy (normalized by ``"bbox_size"``)...
2026/09/22 19:39:32 - mmengine - INFO - Evaluating PCKAccuracy (normalized by ``"bbox_size"``)...
2026/09/22 19:39:32 - mmengine - INFO - Evaluating PCKAccuracy (normalized by ``"bbox_size"``)...
2026/09/22 19:39:32 - mmengine - INFO - Epoch(val) [50][13/13]    coco/AP: 0.987732  coco/AP .5: 0.989703  coco/AP .75: 0.989703  coco/AP (M): -1.000000  coco/AP (L): 0.987732  coco/AR: 0.992000  coco/AR .5: 0.995000  coco/AR .75: 0.995000  coco/AR (M): -1.000000  coco/AR (L): 0.992000  PCK@0.05/PCK: 0.992727  PCK@0.03/PCK: 0.988409  PCK@0.02/PCK: 0.971818  PCK@0.01/PCK: 0.843409  data_time: 0.045839  time: 0.066514
2026/09/22 19:39:36 - mmengine - INFO - Epoch(train)  [51][10/25]  base_lr: 5.000000e-04 lr: 5.000000e-04  eta: 0:20:44  time: 0.305084  data_time: 0.106832  memory: 5901  grad_norm: 0.347255  loss: 0.112960  loss_kpt: 0.112960  acc_pose: 0.999290
2026/09/22 19:39:38 - mmengine - INFO - Epoch(train)  [51][20/25]  base_lr: 5.000000e-04 lr: 5.000000e-04  eta: 0:20:38  time: 0.301193  data_time: 0.102888  memory: 5901  grad_norm: 0.350367  loss: 0.112864  loss_kpt: 0.112864  acc_pose: 0.998580
2026/09/22 19:39:39 - mmengine - INFO - Exp name: rtmpose-m_lumbar-coco2000_1stage_20260922_193248
2026/09/22 19:39:44 - mmengine - INFO - Epoch(train)  [52][10/25]  base_lr: 5.000000e-04 lr: 5.000000e-04  eta: 0:20:36  time: 0.305680  data_time: 0.106941  memory: 5901  grad_norm: 0.363541  loss: 0.112481  loss_kpt: 0.112481  acc_pose: 1.000000
2026/09/22 19:39:46 - mmengine - INFO - Epoch(train)  [52][20/25]  base_lr: 5.000000e-04 lr: 5.000000e-04  eta: 0:20:30  time: 0.304406  data_time: 0.105934  memory: 5901  grad_norm: 0.360100  loss: 0.111707  loss_kpt: 0.111707  acc_pose: 1.000000
2026/09/22 19:39:47 - mmengine - INFO - Exp name: rtmpose-m_lumbar-coco2000_1stage_20260922_193248
2026/09/22 19:39:51 - mmengine - INFO - Epoch(train)  [53][10/25]  base_lr: 5.000000e-04 lr: 5.000000e-04  eta: 0:20:27  time: 0.304292  data_time: 0.106037  memory: 5901  grad_norm: 0.365317  loss: 0.110632  loss_kpt: 0.110632  acc_pose: 0.997159
2026/09/22 19:39:54 - mmengine - INFO - Epoch(train)  [53][20/25]  base_lr: 5.000000e-04 lr: 5.000000e-04  eta: 0:20:22  time: 0.310969  data_time: 0.112926  memory: 5901  grad_norm: 0.367855  loss: 0.110111  loss_kpt: 0.110111  acc_pose: 0.999290
2026/09/22 19:39:55 - mmengine - INFO - Exp name: rtmpose-m_lumbar-coco2000_1stage_20260922_193248
2026/09/22 19:39:59 - mmengine - INFO - Epoch(train)  [54][10/25]  base_lr: 5.000000e-04 lr: 5.000000e-04  eta: 0:20:19  time: 0.305647  data_time: 0.108217  memory: 5901  grad_norm: 0.353851  loss: 0.109286  loss_kpt: 0.109286  acc_pose: 0.999290
2026/09/22 19:40:01 - mmengine - INFO - Epoch(train)  [54][20/25]  base_lr: 5.000000e-04 lr: 5.000000e-04  eta: 0:20:14  time: 0.307077  data_time: 0.109429  memory: 5901  grad_norm: 0.361075  loss: 0.109198  loss_kpt: 0.109198  acc_pose: 0.984375
2026/09/22 19:40:02 - mmengine - INFO - Exp name: rtmpose-m_lumbar-coco2000_1stage_20260922_193248
2026/09/22 19:40:07 - mmengine - INFO - Epoch(train)  [55][10/25]  base_lr: 5.000000e-04 lr: 5.000000e-04  eta: 0:20:12  time: 0.311494  data_time: 0.114607  memory: 5901  grad_norm: 0.369114  loss: 0.109619  loss_kpt: 0.109619  acc_pose: 0.998568
2026/09/22 19:40:09 - mmengine - INFO - Epoch(train)  [55][20/25]  base_lr: 5.000000e-04 lr: 5.000000e-04  eta: 0:20:06  time: 0.305276  data_time: 0.107843  memory: 5901  grad_norm: 0.369006  loss: 0.109013  loss_kpt: 0.109013  acc_pose: 1.000000
2026/09/22 19:40:10 - mmengine - INFO - Exp name: rtmpose-m_lumbar-coco2000_1stage_20260922_193248
2026/09/22 19:40:14 - mmengine - INFO - Epoch(train)  [56][10/25]  base_lr: 5.000000e-04 lr: 5.000000e-04  eta: 0:20:03  time: 0.307265  data_time: 0.109533  memory: 5901  grad_norm: 0.366061  loss: 0.108459  loss_kpt: 0.108459  acc_pose: 0.998580
2026/09/22 19:40:17 - mmengine - INFO - Epoch(train)  [56][20/25]  base_lr: 5.000000e-04 lr: 5.000000e-04  eta: 0:19:57  time: 0.306064  data_time: 0.108583  memory: 5901  grad_norm: 0.365190  loss: 0.108279  loss_kpt: 0.108279  acc_pose: 0.999290
2026/09/22 19:40:18 - mmengine - INFO - Exp name: rtmpose-m_lumbar-coco2000_1stage_20260922_193248
2026/09/22 19:40:22 - mmengine - INFO - Epoch(train)  [57][10/25]  base_lr: 5.000000e-04 lr: 5.000000e-04  eta: 0:19:55  time: 0.302871  data_time: 0.105038  memory: 5901  grad_norm: 0.350337  loss: 0.105996  loss_kpt: 0.105996  acc_pose: 1.000000
2026/09/22 19:40:24 - mmengine - INFO - Epoch(train)  [57][20/25]  base_lr: 5.000000e-04 lr: 5.000000e-04  eta: 0:19:49  time: 0.304360  data_time: 0.106375  memory: 5901  grad_norm: 0.354604  loss: 0.106166  loss_kpt: 0.106166  acc_pose: 1.000000
2026/09/22 19:40:25 - mmengine - INFO - Exp name: rtmpose-m_lumbar-coco2000_1stage_20260922_193248
2026/09/22 19:40:30 - mmengine - INFO - Epoch(train)  [58][10/25]  base_lr: 5.000000e-04 lr: 5.000000e-04  eta: 0:19:46  time: 0.302902  data_time: 0.104705  memory: 5901  grad_norm: 0.379200  loss: 0.106871  loss_kpt: 0.106871  acc_pose: 1.000000
2026/09/22 19:40:32 - mmengine - INFO - Epoch(train)  [58][20/25]  base_lr: 5.000000e-04 lr: 5.000000e-04  eta: 0:19:42  time: 0.308353  data_time: 0.109815  memory: 5901  grad_norm: 0.368890  loss: 0.106387  loss_kpt: 0.106387  acc_pose: 1.000000
2026/09/22 19:40:33 - mmengine - INFO - Exp name: rtmpose-m_lumbar-coco2000_1stage_20260922_193248
2026/09/22 19:40:38 - mmengine - INFO - Epoch(train)  [59][10/25]  base_lr: 5.000000e-04 lr: 5.000000e-04  eta: 0:19:39  time: 0.309012  data_time: 0.110121  memory: 5901  grad_norm: 0.376157  loss: 0.107216  loss_kpt: 0.107216  acc_pose: 1.000000
2026/09/22 19:40:40 - mmengine - INFO - Epoch(train)  [59][20/25]  base_lr: 5.000000e-04 lr: 5.000000e-04  eta: 0:19:33  time: 0.308010  data_time: 0.109013  memory: 5901  grad_norm: 0.367260  loss: 0.106559  loss_kpt: 0.106559  acc_pose: 0.997159
2026/09/22 19:40:41 - mmengine - INFO - Exp name: rtmpose-m_lumbar-coco2000_1stage_20260922_193248
2026/09/22 19:40:45 - mmengine - INFO - Epoch(train)  [60][10/25]  base_lr: 5.000000e-04 lr: 5.000000e-04  eta: 0:19:31  time: 0.313507  data_time: 0.115156  memory: 5901  grad_norm: 0.338634  loss: 0.104284  loss_kpt: 0.104284  acc_pose: 0.998580
2026/09/22 19:40:48 - mmengine - INFO - Epoch(train)  [60][20/25]  base_lr: 5.000000e-04 lr: 5.000000e-04  eta: 0:19:26  time: 0.310450  data_time: 0.112265  memory: 5901  grad_norm: 0.335762  loss: 0.103987  loss_kpt: 0.103987  acc_pose: 1.000000
2026/09/22 19:40:49 - mmengine - INFO - Exp name: rtmpose-m_lumbar-coco2000_1stage_20260922_193248
2026/09/22 19:40:49 - mmengine - INFO - Saving checkpoint at 60 epochs
2026/09/22 19:40:50 - mmengine - INFO - Epoch(val)  [60][10/13]    eta: 0:00:00  time: 0.072187  data_time: 0.050788  memory: 5901  
2026/09/22 19:40:50 - mmengine - INFO - Evaluating CocoMetric...
2026/09/22 19:40:50 - mmengine - INFO - Evaluating PCKAccuracy (normalized by ``"bbox_size"``)...
2026/09/22 19:40:50 - mmengine - INFO - Evaluating PCKAccuracy (normalized by ``"bbox_size"``)...
2026/09/22 19:40:50 - mmengine - INFO - Evaluating PCKAccuracy (normalized by ``"bbox_size"``)...
2026/09/22 19:40:50 - mmengine - INFO - Evaluating PCKAccuracy (normalized by ``"bbox_size"``)...
2026/09/22 19:40:50 - mmengine - INFO - Epoch(val) [60][13/13]    coco/AP: 0.988298  coco/AP .5: 0.989406  coco/AP .75: 0.989406  coco/AP (M): -1.000000  coco/AP (L): 0.988298  coco/AR: 0.993500  coco/AR .5: 0.995000  coco/AR .75: 0.995000  coco/AR (M): -1.000000  coco/AR (L): 0.993500  PCK@0.05/PCK: 0.993864  PCK@0.03/PCK: 0.989545  PCK@0.02/PCK: 0.977273  PCK@0.01/PCK: 0.858864  data_time: 0.046378  time: 0.067414
2026/09/22 19:40:50 - mmengine - INFO - The previous best checkpoint /home/PavYtr/Projects/cv/work_dirs/rtmpose-m-lumbar-coco2000-210e/best_PCK@0.05_PCK_epoch_40.pth is removed
2026/09/22 19:40:51 - mmengine - INFO - The best checkpoint with 0.9939 PCK@0.05/PCK at 60 epoch is saved to best_PCK@0.05_PCK_epoch_60.pth.
2026/09/22 19:40:56 - mmengine - INFO - Epoch(train)  [61][10/25]  base_lr: 5.000000e-04 lr: 5.000000e-04  eta: 0:19:24  time: 0.313080  data_time: 0.114509  memory: 5901  grad_norm: 0.330517  loss: 0.102841  loss_kpt: 0.102841  acc_pose: 0.999290
2026/09/22 19:40:58 - mmengine - INFO - Epoch(train)  [61][20/25]  base_lr: 5.000000e-04 lr: 5.000000e-04  eta: 0:19:18  time: 0.312703  data_time: 0.114266  memory: 5901  grad_norm: 0.344156  loss: 0.103162  loss_kpt: 0.103162  acc_pose: 1.000000
2026/09/22 19:40:59 - mmengine - INFO - Exp name: rtmpose-m_lumbar-coco2000_1stage_20260922_193248
2026/09/22 19:41:04 - mmengine - INFO - Epoch(train)  [62][10/25]  base_lr: 5.000000e-04 lr: 5.000000e-04  eta: 0:19:15  time: 0.307820  data_time: 0.108115  memory: 5901  grad_norm: 0.360291  loss: 0.103185  loss_kpt: 0.103185  acc_pose: 1.000000
2026/09/22 19:41:07 - mmengine - INFO - Epoch(train)  [62][20/25]  base_lr: 5.000000e-04 lr: 5.000000e-04  eta: 0:19:10  time: 0.309896  data_time: 0.110439  memory: 5901  grad_norm: 0.357676  loss: 0.102308  loss_kpt: 0.102308  acc_pose: 1.000000
2026/09/22 19:41:08 - mmengine - INFO - Exp name: rtmpose-m_lumbar-coco2000_1stage_20260922_193248
2026/09/22 19:41:12 - mmengine - INFO - Epoch(train)  [63][10/25]  base_lr: 5.000000e-04 lr: 5.000000e-04  eta: 0:19:08  time: 0.308831  data_time: 0.109939  memory: 5901  grad_norm: 0.349175  loss: 0.101555  loss_kpt: 0.101555  acc_pose: 0.999290
2026/09/22 19:41:15 - mmengine - INFO - Epoch(train)  [63][20/25]  base_lr: 5.000000e-04 lr: 5.000000e-04  eta: 0:19:03  time: 0.313969  data_time: 0.115522  memory: 5901  grad_norm: 0.337447  loss: 0.099871  loss_kpt: 0.099871  acc_pose: 0.999290
2026/09/22 19:41:16 - mmengine - INFO - Exp name: rtmpose-m_lumbar-coco2000_1stage_20260922_193248
2026/09/22 19:41:20 - mmengine - INFO - Epoch(train)  [64][10/25]  base_lr: 5.000000e-04 lr: 5.000000e-04  eta: 0:19:00  time: 0.312701  data_time: 0.115323  memory: 5901  grad_norm: 0.324239  loss: 0.098351  loss_kpt: 0.098351  acc_pose: 0.999290
2026/09/22 19:41:22 - mmengine - INFO - Epoch(train)  [64][20/25]  base_lr: 5.000000e-04 lr: 5.000000e-04  eta: 0:18:55  time: 0.313306  data_time: 0.113997  memory: 5901  grad_norm: 0.327924  loss: 0.097430  loss_kpt: 0.097430  acc_pose: 1.000000
2026/09/22 19:41:23 - mmengine - INFO - Exp name: rtmpose-m_lumbar-coco2000_1stage_20260922_193248
2026/09/22 19:41:28 - mmengine - INFO - Epoch(train)  [65][10/25]  base_lr: 5.000000e-04 lr: 5.000000e-04  eta: 0:18:52  time: 0.310334  data_time: 0.110791  memory: 5901  grad_norm: 0.330960  loss: 0.097299  loss_kpt: 0.097299  acc_pose: 0.999290
2026/09/22 19:41:30 - mmengine - INFO - Epoch(train)  [65][20/25]  base_lr: 5.000000e-04 lr: 5.000000e-04  eta: 0:18:47  time: 0.305005  data_time: 0.105267  memory: 5901  grad_norm: 0.327434  loss: 0.096971  loss_kpt: 0.096971  acc_pose: 0.999290
2026/09/22 19:41:31 - mmengine - INFO - Exp name: rtmpose-m_lumbar-coco2000_1stage_20260922_193248
2026/09/22 19:41:35 - mmengine - INFO - Epoch(train)  [66][10/25]  base_lr: 5.000000e-04 lr: 5.000000e-04  eta: 0:18:44  time: 0.306203  data_time: 0.106011  memory: 5901  grad_norm: 0.355369  loss: 0.097949  loss_kpt: 0.097949  acc_pose: 0.999290
2026/09/22 19:41:38 - mmengine - INFO - Epoch(train)  [66][20/25]  base_lr: 5.000000e-04 lr: 5.000000e-04  eta: 0:18:39  time: 0.306360  data_time: 0.105732  memory: 5901  grad_norm: 0.361579  loss: 0.098567  loss_kpt: 0.098567  acc_pose: 1.000000
2026/09/22 19:41:39 - mmengine - INFO - Exp name: rtmpose-m_lumbar-coco2000_1stage_20260922_193248
2026/09/22 19:41:43 - mmengine - INFO - Epoch(train)  [67][10/25]  base_lr: 5.000000e-04 lr: 5.000000e-04  eta: 0:18:36  time: 0.306497  data_time: 0.105620  memory: 5901  grad_norm: 0.356707  loss: 0.097726  loss_kpt: 0.097726  acc_pose: 1.000000
2026/09/22 19:41:45 - mmengine - INFO - Epoch(train)  [67][20/25]  base_lr: 5.000000e-04 lr: 5.000000e-04  eta: 0:18:31  time: 0.307304  data_time: 0.106101  memory: 5901  grad_norm: 0.353705  loss: 0.097724  loss_kpt: 0.097724  acc_pose: 1.000000
2026/09/22 19:41:46 - mmengine - INFO - Exp name: rtmpose-m_lumbar-coco2000_1stage_20260922_193248
2026/09/22 19:41:51 - mmengine - INFO - Epoch(train)  [68][10/25]  base_lr: 5.000000e-04 lr: 5.000000e-04  eta: 0:18:28  time: 0.314602  data_time: 0.114684  memory: 5901  grad_norm: 0.325639  loss: 0.096533  loss_kpt: 0.096533  acc_pose: 0.998580
2026/09/22 19:41:53 - mmengine - INFO - Epoch(train)  [68][20/25]  base_lr: 5.000000e-04 lr: 5.000000e-04  eta: 0:18:23  time: 0.308573  data_time: 0.111426  memory: 5901  grad_norm: 0.318133  loss: 0.095420  loss_kpt: 0.095420  acc_pose: 1.000000
2026/09/22 19:41:54 - mmengine - INFO - Exp name: rtmpose-m_lumbar-coco2000_1stage_20260922_193248
2026/09/22 19:41:58 - mmengine - INFO - Epoch(train)  [69][10/25]  base_lr: 5.000000e-04 lr: 5.000000e-04  eta: 0:18:20  time: 0.302920  data_time: 0.106827  memory: 5901  grad_norm: 0.330328  loss: 0.095252  loss_kpt: 0.095252  acc_pose: 1.000000
2026/09/22 19:42:01 - mmengine - INFO - Epoch(train)  [69][20/25]  base_lr: 5.000000e-04 lr: 5.000000e-04  eta: 0:18:15  time: 0.306421  data_time: 0.110626  memory: 5901  grad_norm: 0.328741  loss: 0.094662  loss_kpt: 0.094662  acc_pose: 0.998580
2026/09/22 19:42:02 - mmengine - INFO - Exp name: rtmpose-m_lumbar-coco2000_1stage_20260922_193248
2026/09/22 19:42:06 - mmengine - INFO - Epoch(train)  [70][10/25]  base_lr: 5.000000e-04 lr: 5.000000e-04  eta: 0:18:12  time: 0.301045  data_time: 0.105305  memory: 5901  grad_norm: 0.328993  loss: 0.093949  loss_kpt: 0.093949  acc_pose: 1.000000
2026/09/22 19:42:08 - mmengine - INFO - Epoch(train)  [70][20/25]  base_lr: 5.000000e-04 lr: 5.000000e-04  eta: 0:18:07  time: 0.306509  data_time: 0.110017  memory: 5901  grad_norm: 0.328968  loss: 0.094113  loss_kpt: 0.094113  acc_pose: 0.999290
2026/09/22 19:42:09 - mmengine - INFO - Exp name: rtmpose-m_lumbar-coco2000_1stage_20260922_193248
2026/09/22 19:42:09 - mmengine - INFO - Saving checkpoint at 70 epochs
2026/09/22 19:42:11 - mmengine - INFO - Epoch(val)  [70][10/13]    eta: 0:00:00  time: 0.071782  data_time: 0.050312  memory: 5901  
2026/09/22 19:42:11 - mmengine - INFO - Evaluating CocoMetric...
2026/09/22 19:42:11 - mmengine - INFO - Evaluating PCKAccuracy (normalized by ``"bbox_size"``)...
2026/09/22 19:42:11 - mmengine - INFO - Evaluating PCKAccuracy (normalized by ``"bbox_size"``)...
2026/09/22 19:42:11 - mmengine - INFO - Evaluating PCKAccuracy (normalized by ``"bbox_size"``)...
2026/09/22 19:42:11 - mmengine - INFO - Evaluating PCKAccuracy (normalized by ``"bbox_size"``)...
2026/09/22 19:42:11 - mmengine - INFO - Epoch(val) [70][13/13]    coco/AP: 0.989653  coco/AP .5: 0.989653  coco/AP .75: 0.989653  coco/AP (M): -1.000000  coco/AP (L): 0.989653  coco/AR: 0.994000  coco/AR .5: 0.995000  coco/AR .75: 0.995000  coco/AR (M): -1.000000  coco/AR (L): 0.994000  PCK@0.05/PCK: 0.993864  PCK@0.03/PCK: 0.989318  PCK@0.02/PCK: 0.976364  PCK@0.01/PCK: 0.853864  data_time: 0.045848  time: 0.066939
2026/09/22 19:42:15 - mmengine - INFO - Epoch(train)  [71][10/25]  base_lr: 5.000000e-04 lr: 5.000000e-04  eta: 0:18:04  time: 0.309535  data_time: 0.111859  memory: 5901  grad_norm: 0.330355  loss: 0.093818  loss_kpt: 0.093818  acc_pose: 0.998580
2026/09/22 19:42:18 - mmengine - INFO - Epoch(train)  [71][20/25]  base_lr: 5.000000e-04 lr: 5.000000e-04  eta: 0:17:59  time: 0.308209  data_time: 0.110359  memory: 5901  grad_norm: 0.328534  loss: 0.093384  loss_kpt: 0.093384  acc_pose: 0.999290
2026/09/22 19:42:19 - mmengine - INFO - Exp name: rtmpose-m_lumbar-coco2000_1stage_20260922_193248
2026/09/22 19:42:23 - mmengine - INFO - Epoch(train)  [72][10/25]  base_lr: 5.000000e-04 lr: 5.000000e-04  eta: 0:17:56  time: 0.305415  data_time: 0.106441  memory: 5901  grad_norm: 0.328958  loss: 0.092887  loss_kpt: 0.092887  acc_pose: 0.999278
2026/09/22 19:42:25 - mmengine - INFO - Epoch(train)  [72][20/25]  base_lr: 5.000000e-04 lr: 5.000000e-04  eta: 0:17:52  time: 0.306476  data_time: 0.105563  memory: 5901  grad_norm: 0.333248  loss: 0.092527  loss_kpt: 0.092527  acc_pose: 1.000000
2026/09/22 19:42:26 - mmengine - INFO - Exp name: rtmpose-m_lumbar-coco2000_1stage_20260922_193248
2026/09/22 19:42:30 - mmengine - INFO - Epoch(train)  [73][10/25]  base_lr: 5.000000e-04 lr: 5.000000e-04  eta: 0:17:48  time: 0.301876  data_time: 0.100544  memory: 5901  grad_norm: 0.331116  loss: 0.091437  loss_kpt: 0.091437  acc_pose: 1.000000
2026/09/22 19:42:33 - mmengine - INFO - Epoch(train)  [73][20/25]  base_lr: 5.000000e-04 lr: 5.000000e-04  eta: 0:17:43  time: 0.306899  data_time: 0.105634  memory: 5901  grad_norm: 0.328203  loss: 0.091423  loss_kpt: 0.091423  acc_pose: 1.000000
2026/09/22 19:42:34 - mmengine - INFO - Exp name: rtmpose-m_lumbar-coco2000_1stage_20260922_193248
2026/09/22 19:42:38 - mmengine - INFO - Epoch(train)  [74][10/25]  base_lr: 5.000000e-04 lr: 5.000000e-04  eta: 0:17:40  time: 0.309480  data_time: 0.108620  memory: 5901  grad_norm: 0.333213  loss: 0.091640  loss_kpt: 0.091640  acc_pose: 0.994318
2026/09/22 19:42:41 - mmengine - INFO - Epoch(train)  [74][20/25]  base_lr: 5.000000e-04 lr: 5.000000e-04  eta: 0:17:36  time: 0.305934  data_time: 0.107686  memory: 5901  grad_norm: 0.329734  loss: 0.091546  loss_kpt: 0.091546  acc_pose: 0.999290
2026/09/22 19:42:42 - mmengine - INFO - Exp name: rtmpose-m_lumbar-coco2000_1stage_20260922_193248
2026/09/22 19:42:46 - mmengine - INFO - Epoch(train)  [75][10/25]  base_lr: 5.000000e-04 lr: 5.000000e-04  eta: 0:17:32  time: 0.313274  data_time: 0.116011  memory: 5901  grad_norm: 0.321136  loss: 0.091324  loss_kpt: 0.091324  acc_pose: 1.000000
2026/09/22 19:42:48 - mmengine - INFO - Epoch(train)  [75][20/25]  base_lr: 5.000000e-04 lr: 5.000000e-04  eta: 0:17:28  time: 0.306157  data_time: 0.108992  memory: 5901  grad_norm: 0.334671  loss: 0.091363  loss_kpt: 0.091363  acc_pose: 1.000000
2026/09/22 19:42:49 - mmengine - INFO - Exp name: rtmpose-m_lumbar-coco2000_1stage_20260922_193248
2026/09/22 19:42:54 - mmengine - INFO - Epoch(train)  [76][10/25]  base_lr: 5.000000e-04 lr: 5.000000e-04  eta: 0:17:25  time: 0.309719  data_time: 0.112969  memory: 5901  grad_norm: 0.329273  loss: 0.089491  loss_kpt: 0.089491  acc_pose: 1.000000
2026/09/22 19:42:56 - mmengine - INFO - Epoch(train)  [76][20/25]  base_lr: 5.000000e-04 lr: 5.000000e-04  eta: 0:17:20  time: 0.308606  data_time: 0.111479  memory: 5901  grad_norm: 0.341105  loss: 0.089722  loss_kpt: 0.089722  acc_pose: 0.998580
2026/09/22 19:42:57 - mmengine - INFO - Exp name: rtmpose-m_lumbar-coco2000_1stage_20260922_193248
2026/09/22 19:43:01 - mmengine - INFO - Epoch(train)  [77][10/25]  base_lr: 5.000000e-04 lr: 5.000000e-04  eta: 0:17:16  time: 0.305338  data_time: 0.108096  memory: 5901  grad_norm: 0.352532  loss: 0.089954  loss_kpt: 0.089954  acc_pose: 0.999290
2026/09/22 19:43:04 - mmengine - INFO - Epoch(train)  [77][20/25]  base_lr: 5.000000e-04 lr: 5.000000e-04  eta: 0:17:12  time: 0.309678  data_time: 0.112535  memory: 5901  grad_norm: 0.344459  loss: 0.089969  loss_kpt: 0.089969  acc_pose: 1.000000
2026/09/22 19:43:05 - mmengine - INFO - Exp name: rtmpose-m_lumbar-coco2000_1stage_20260922_193248
2026/09/22 19:43:09 - mmengine - INFO - Epoch(train)  [78][10/25]  base_lr: 5.000000e-04 lr: 5.000000e-04  eta: 0:17:08  time: 0.303987  data_time: 0.106765  memory: 5901  grad_norm: 0.344858  loss: 0.090649  loss_kpt: 0.090649  acc_pose: 1.000000
2026/09/22 19:43:11 - mmengine - INFO - Epoch(train)  [78][20/25]  base_lr: 5.000000e-04 lr: 5.000000e-04  eta: 0:17:04  time: 0.305704  data_time: 0.108555  memory: 5901  grad_norm: 0.336296  loss: 0.089886  loss_kpt: 0.089886  acc_pose: 1.000000
2026/09/22 19:43:12 - mmengine - INFO - Exp name: rtmpose-m_lumbar-coco2000_1stage_20260922_193248
2026/09/22 19:43:17 - mmengine - INFO - Epoch(train)  [79][10/25]  base_lr: 5.000000e-04 lr: 5.000000e-04  eta: 0:17:01  time: 0.312435  data_time: 0.115424  memory: 5901  grad_norm: 0.324127  loss: 0.088240  loss_kpt: 0.088240  acc_pose: 1.000000
2026/09/22 19:43:19 - mmengine - INFO - Epoch(train)  [79][20/25]  base_lr: 5.000000e-04 lr: 5.000000e-04  eta: 0:16:56  time: 0.306758  data_time: 0.109383  memory: 5901  grad_norm: 0.323796  loss: 0.086906  loss_kpt: 0.086906  acc_pose: 1.000000
2026/09/22 19:43:20 - mmengine - INFO - Exp name: rtmpose-m_lumbar-coco2000_1stage_20260922_193248
2026/09/22 19:43:25 - mmengine - INFO - Epoch(train)  [80][10/25]  base_lr: 5.000000e-04 lr: 5.000000e-04  eta: 0:16:53  time: 0.311561  data_time: 0.113296  memory: 5901  grad_norm: 0.332625  loss: 0.086460  loss_kpt: 0.086460  acc_pose: 0.999290
2026/09/22 19:43:27 - mmengine - INFO - Epoch(train)  [80][20/25]  base_lr: 5.000000e-04 lr: 5.000000e-04  eta: 0:16:48  time: 0.308052  data_time: 0.109555  memory: 5901  grad_norm: 0.338898  loss: 0.086905  loss_kpt: 0.086905  acc_pose: 0.997869
2026/09/22 19:43:28 - mmengine - INFO - Exp name: rtmpose-m_lumbar-coco2000_1stage_20260922_193248
2026/09/22 19:43:28 - mmengine - INFO - Saving checkpoint at 80 epochs
2026/09/22 19:43:29 - mmengine - INFO - Epoch(val)  [80][10/13]    eta: 0:00:00  time: 0.071952  data_time: 0.050452  memory: 5901  
2026/09/22 19:43:29 - mmengine - INFO - Evaluating CocoMetric...
2026/09/22 19:43:29 - mmengine - INFO - Evaluating PCKAccuracy (normalized by ``"bbox_size"``)...
2026/09/22 19:43:29 - mmengine - INFO - Evaluating PCKAccuracy (normalized by ``"bbox_size"``)...
2026/09/22 19:43:29 - mmengine - INFO - Evaluating PCKAccuracy (normalized by ``"bbox_size"``)...
2026/09/22 19:43:29 - mmengine - INFO - Evaluating PCKAccuracy (normalized by ``"bbox_size"``)...
2026/09/22 19:43:29 - mmengine - INFO - Epoch(val) [80][13/13]    coco/AP: 0.988558  coco/AP .5: 0.989554  coco/AP .75: 0.989554  coco/AP (M): -1.000000  coco/AP (L): 0.988558  coco/AR: 0.993500  coco/AR .5: 0.995000  coco/AR .75: 0.995000  coco/AR (M): -1.000000  coco/AR (L): 0.993500  PCK@0.05/PCK: 0.993409  PCK@0.03/PCK: 0.990227  PCK@0.02/PCK: 0.976364  PCK@0.01/PCK: 0.854545  data_time: 0.048101  time: 0.068585
2026/09/22 19:43:33 - mmengine - INFO - Epoch(train)  [81][10/25]  base_lr: 5.000000e-04 lr: 5.000000e-04  eta: 0:16:45  time: 0.301960  data_time: 0.102682  memory: 5901  grad_norm: 0.347450  loss: 0.087479  loss_kpt: 0.087479  acc_pose: 1.000000
2026/09/22 19:43:36 - mmengine - INFO - Epoch(train)  [81][20/25]  base_lr: 5.000000e-04 lr: 5.000000e-04  eta: 0:16:41  time: 0.309250  data_time: 0.110485  memory: 5901  grad_norm: 0.338942  loss: 0.087212  loss_kpt: 0.087212  acc_pose: 0.999290
2026/09/22 19:43:37 - mmengine - INFO - Exp name: rtmpose-m_lumbar-coco2000_1stage_20260922_193248
2026/09/22 19:43:41 - mmengine - INFO - Epoch(train)  [82][10/25]  base_lr: 5.000000e-04 lr: 5.000000e-04  eta: 0:16:37  time: 0.304206  data_time: 0.105790  memory: 5901  grad_norm: 0.343395  loss: 0.086687  loss_kpt: 0.086687  acc_pose: 0.997869
2026/09/22 19:43:44 - mmengine - INFO - Epoch(train)  [82][20/25]  base_lr: 5.000000e-04 lr: 5.000000e-04  eta: 0:16:33  time: 0.306671  data_time: 0.108635  memory: 5901  grad_norm: 0.337970  loss: 0.085395  loss_kpt: 0.085395  acc_pose: 0.999290
2026/09/22 19:43:45 - mmengine - INFO - Exp name: rtmpose-m_lumbar-coco2000_1stage_20260922_193248
2026/09/22 19:43:49 - mmengine - INFO - Epoch(train)  [83][10/25]  base_lr: 5.000000e-04 lr: 5.000000e-04  eta: 0:16:29  time: 0.306004  data_time: 0.108850  memory: 5901  grad_norm: 0.324749  loss: 0.083984  loss_kpt: 0.083984  acc_pose: 0.998580
2026/09/22 19:43:51 - mmengine - INFO - Epoch(train)  [83][20/25]  base_lr: 5.000000e-04 lr: 5.000000e-04  eta: 0:16:25  time: 0.303660  data_time: 0.106385  memory: 5901  grad_norm: 0.319258  loss: 0.083530  loss_kpt: 0.083530  acc_pose: 0.999290
2026/09/22 19:43:52 - mmengine - INFO - Exp name: rtmpose-m_lumbar-coco2000_1stage_20260922_193248
2026/09/22 19:43:57 - mmengine - INFO - Epoch(train)  [84][10/25]  base_lr: 5.000000e-04 lr: 5.000000e-04  eta: 0:16:21  time: 0.306629  data_time: 0.108597  memory: 5901  grad_norm: 0.301740  loss: 0.081979  loss_kpt: 0.081979  acc_pose: 0.999290
2026/09/22 19:43:59 - mmengine - INFO - Epoch(train)  [84][20/25]  base_lr: 5.000000e-04 lr: 5.000000e-04  eta: 0:16:17  time: 0.307205  data_time: 0.108077  memory: 5901  grad_norm: 0.302561  loss: 0.082077  loss_kpt: 0.082077  acc_pose: 1.000000
2026/09/22 19:44:00 - mmengine - INFO - Exp name: rtmpose-m_lumbar-coco2000_1stage_20260922_193248
2026/09/22 19:44:04 - mmengine - INFO - Epoch(train)  [85][10/25]  base_lr: 5.000000e-04 lr: 5.000000e-04  eta: 0:16:14  time: 0.313540  data_time: 0.112435  memory: 5901  grad_norm: 0.304835  loss: 0.082087  loss_kpt: 0.082087  acc_pose: 1.000000
2026/09/22 19:44:07 - mmengine - INFO - Epoch(train)  [85][20/25]  base_lr: 5.000000e-04 lr: 5.000000e-04  eta: 0:16:10  time: 0.313243  data_time: 0.111381  memory: 5901  grad_norm: 0.311649  loss: 0.081911  loss_kpt: 0.081911  acc_pose: 0.997159
2026/09/22 19:44:08 - mmengine - INFO - Exp name: rtmpose-m_lumbar-coco2000_1stage_20260922_193248
2026/09/22 19:44:12 - mmengine - INFO - Epoch(train)  [86][10/25]  base_lr: 5.000000e-04 lr: 5.000000e-04  eta: 0:16:06  time: 0.310147  data_time: 0.108017  memory: 5901  grad_norm: 0.308609  loss: 0.082217  loss_kpt: 0.082217  acc_pose: 0.999290
2026/09/22 19:44:15 - mmengine - INFO - Epoch(train)  [86][20/25]  base_lr: 5.000000e-04 lr: 5.000000e-04  eta: 0:16:02  time: 0.314235  data_time: 0.112303  memory: 5901  grad_norm: 0.299859  loss: 0.081660  loss_kpt: 0.081660  acc_pose: 1.000000
2026/09/22 19:44:16 - mmengine - INFO - Exp name: rtmpose-m_lumbar-coco2000_1stage_20260922_193248
2026/09/22 19:44:20 - mmengine - INFO - Epoch(train)  [87][10/25]  base_lr: 5.000000e-04 lr: 5.000000e-04  eta: 0:15:58  time: 0.309877  data_time: 0.107981  memory: 5901  grad_norm: 0.296531  loss: 0.081162  loss_kpt: 0.081162  acc_pose: 1.000000
2026/09/22 19:44:22 - mmengine - INFO - Epoch(train)  [87][20/25]  base_lr: 5.000000e-04 lr: 5.000000e-04  eta: 0:15:54  time: 0.311573  data_time: 0.109295  memory: 5901  grad_norm: 0.294960  loss: 0.080796  loss_kpt: 0.080796  acc_pose: 1.000000
2026/09/22 19:44:24 - mmengine - INFO - Exp name: rtmpose-m_lumbar-coco2000_1stage_20260922_193248
2026/09/22 19:44:28 - mmengine - INFO - Epoch(train)  [88][10/25]  base_lr: 5.000000e-04 lr: 5.000000e-04  eta: 0:15:51  time: 0.315444  data_time: 0.112740  memory: 5901  grad_norm: 0.317337  loss: 0.081405  loss_kpt: 0.081405  acc_pose: 1.000000
2026/09/22 19:44:30 - mmengine - INFO - Epoch(train)  [88][20/25]  base_lr: 5.000000e-04 lr: 5.000000e-04  eta: 0:15:46  time: 0.309702  data_time: 0.105284  memory: 5901  grad_norm: 0.328903  loss: 0.081263  loss_kpt: 0.081263  acc_pose: 1.000000
2026/09/22 19:44:31 - mmengine - INFO - Exp name: rtmpose-m_lumbar-coco2000_1stage_20260922_193248
2026/09/22 19:44:36 - mmengine - INFO - Epoch(train)  [89][10/25]  base_lr: 5.000000e-04 lr: 5.000000e-04  eta: 0:15:43  time: 0.312944  data_time: 0.108660  memory: 5901  grad_norm: 0.329203  loss: 0.080315  loss_kpt: 0.080315  acc_pose: 1.000000
2026/09/22 19:44:38 - mmengine - INFO - Epoch(train)  [89][20/25]  base_lr: 5.000000e-04 lr: 5.000000e-04  eta: 0:15:39  time: 0.309412  data_time: 0.105527  memory: 5901  grad_norm: 0.329606  loss: 0.080036  loss_kpt: 0.080036  acc_pose: 1.000000
2026/09/22 19:44:39 - mmengine - INFO - Exp name: rtmpose-m_lumbar-coco2000_1stage_20260922_193248
2026/09/22 19:44:44 - mmengine - INFO - Epoch(train)  [90][10/25]  base_lr: 5.000000e-04 lr: 5.000000e-04  eta: 0:15:35  time: 0.314255  data_time: 0.110946  memory: 5901  grad_norm: 0.303549  loss: 0.078332  loss_kpt: 0.078332  acc_pose: 1.000000
2026/09/22 19:44:46 - mmengine - INFO - Epoch(train)  [90][20/25]  base_lr: 5.000000e-04 lr: 5.000000e-04  eta: 0:15:31  time: 0.313338  data_time: 0.111700  memory: 5901  grad_norm: 0.288318  loss: 0.077649  loss_kpt: 0.077649  acc_pose: 1.000000
2026/09/22 19:44:47 - mmengine - INFO - Exp name: rtmpose-m_lumbar-coco2000_1stage_20260922_193248
2026/09/22 19:44:47 - mmengine - INFO - Saving checkpoint at 90 epochs
2026/09/22 19:44:48 - mmengine - INFO - Epoch(val)  [90][10/13]    eta: 0:00:00  time: 0.072079  data_time: 0.050447  memory: 5901  
2026/09/22 19:44:48 - mmengine - INFO - Evaluating CocoMetric...
2026/09/22 19:44:48 - mmengine - INFO - Evaluating PCKAccuracy (normalized by ``"bbox_size"``)...
2026/09/22 19:44:48 - mmengine - INFO - Evaluating PCKAccuracy (normalized by ``"bbox_size"``)...
2026/09/22 19:44:48 - mmengine - INFO - Evaluating PCKAccuracy (normalized by ``"bbox_size"``)...
2026/09/22 19:44:48 - mmengine - INFO - Evaluating PCKAccuracy (normalized by ``"bbox_size"``)...
2026/09/22 19:44:48 - mmengine - INFO - Epoch(val) [90][13/13]    coco/AP: 0.989802  coco/AP .5: 0.989802  coco/AP .75: 0.989802  coco/AP (M): -1.000000  coco/AP (L): 0.989802  coco/AR: 0.994500  coco/AR .5: 0.995000  coco/AR .75: 0.995000  coco/AR (M): -1.000000  coco/AR (L): 0.994500  PCK@0.05/PCK: 0.994545  PCK@0.03/PCK: 0.990682  PCK@0.02/PCK: 0.979545  PCK@0.01/PCK: 0.866818  data_time: 0.045998  time: 0.067121
2026/09/22 19:44:48 - mmengine - INFO - The previous best checkpoint /home/PavYtr/Projects/cv/work_dirs/rtmpose-m-lumbar-coco2000-210e/best_PCK@0.05_PCK_epoch_60.pth is removed
2026/09/22 19:44:49 - mmengine - INFO - The best checkpoint with 0.9945 PCK@0.05/PCK at 90 epoch is saved to best_PCK@0.05_PCK_epoch_90.pth.
2026/09/22 19:44:54 - mmengine - INFO - Epoch(train)  [91][10/25]  base_lr: 5.000000e-04 lr: 5.000000e-04  eta: 0:15:28  time: 0.313845  data_time: 0.108495  memory: 5901  grad_norm: 0.283932  loss: 0.077005  loss_kpt: 0.077005  acc_pose: 1.000000
2026/09/22 19:44:56 - mmengine - INFO - Epoch(train)  [91][20/25]  base_lr: 5.000000e-04 lr: 5.000000e-04  eta: 0:15:23  time: 0.315993  data_time: 0.110092  memory: 5901  grad_norm: 0.295822  loss: 0.076941  loss_kpt: 0.076941  acc_pose: 1.000000
2026/09/22 19:44:58 - mmengine - INFO - Exp name: rtmpose-m_lumbar-coco2000_1stage_20260922_193248
2026/09/22 19:45:02 - mmengine - INFO - Epoch(train)  [92][10/25]  base_lr: 5.000000e-04 lr: 5.000000e-04  eta: 0:15:20  time: 0.312875  data_time: 0.106059  memory: 5901  grad_norm: 0.311717  loss: 0.078864  loss_kpt: 0.078864  acc_pose: 1.000000
2026/09/22 19:45:04 - mmengine - INFO - Epoch(train)  [92][20/25]  base_lr: 5.000000e-04 lr: 5.000000e-04  eta: 0:15:16  time: 0.313474  data_time: 0.106412  memory: 5901  grad_norm: 0.322312  loss: 0.080804  loss_kpt: 0.080804  acc_pose: 0.998580
2026/09/22 19:45:05 - mmengine - INFO - Exp name: rtmpose-m_lumbar-coco2000_1stage_20260922_193248
2026/09/22 19:45:10 - mmengine - INFO - Epoch(train)  [93][10/25]  base_lr: 5.000000e-04 lr: 5.000000e-04  eta: 0:15:12  time: 0.312812  data_time: 0.110470  memory: 5901  grad_norm: 0.346447  loss: 0.084064  loss_kpt: 0.084064  acc_pose: 0.991477
2026/09/22 19:45:12 - mmengine - INFO - Epoch(train)  [93][20/25]  base_lr: 5.000000e-04 lr: 5.000000e-04  eta: 0:15:08  time: 0.310343  data_time: 0.107894  memory: 5901  grad_norm: 0.340948  loss: 0.085652  loss_kpt: 0.085652  acc_pose: 0.985795
2026/09/22 19:45:13 - mmengine - INFO - Exp name: rtmpose-m_lumbar-coco2000_1stage_20260922_193248
2026/09/22 19:45:18 - mmengine - INFO - Epoch(train)  [94][10/25]  base_lr: 5.000000e-04 lr: 5.000000e-04  eta: 0:15:04  time: 0.310785  data_time: 0.106452  memory: 5901  grad_norm: 0.334346  loss: 0.086642  loss_kpt: 0.086642  acc_pose: 0.999290
2026/09/22 19:45:20 - mmengine - INFO - Epoch(train)  [94][20/25]  base_lr: 5.000000e-04 lr: 5.000000e-04  eta: 0:15:00  time: 0.312389  data_time: 0.108230  memory: 5901  grad_norm: 0.336509  loss: 0.086809  loss_kpt: 0.086809  acc_pose: 1.000000
2026/09/22 19:45:21 - mmengine - INFO - Exp name: rtmpose-m_lumbar-coco2000_1stage_20260922_193248
2026/09/22 19:45:25 - mmengine - INFO - Epoch(train)  [95][10/25]  base_lr: 5.000000e-04 lr: 5.000000e-04  eta: 0:14:56  time: 0.307053  data_time: 0.102097  memory: 5901  grad_norm: 0.321074  loss: 0.085312  loss_kpt: 0.085312  acc_pose: 1.000000
2026/09/22 19:45:28 - mmengine - INFO - Epoch(train)  [95][20/25]  base_lr: 5.000000e-04 lr: 5.000000e-04  eta: 0:14:53  time: 0.310291  data_time: 0.105829  memory: 5901  grad_norm: 0.320230  loss: 0.084458  loss_kpt: 0.084458  acc_pose: 0.999290
2026/09/22 19:45:29 - mmengine - INFO - Exp name: rtmpose-m_lumbar-coco2000_1stage_20260922_193248
2026/09/22 19:45:33 - mmengine - INFO - Epoch(train)  [96][10/25]  base_lr: 5.000000e-04 lr: 5.000000e-04  eta: 0:14:49  time: 0.306833  data_time: 0.105178  memory: 5901  grad_norm: 0.321852  loss: 0.081822  loss_kpt: 0.081822  acc_pose: 1.000000
2026/09/22 19:45:35 - mmengine - INFO - Epoch(train)  [96][20/25]  base_lr: 5.000000e-04 lr: 5.000000e-04  eta: 0:14:45  time: 0.310242  data_time: 0.108822  memory: 5901  grad_norm: 0.311948  loss: 0.080080  loss_kpt: 0.080080  acc_pose: 1.000000
2026/09/22 19:45:36 - mmengine - INFO - Exp name: rtmpose-m_lumbar-coco2000_1stage_20260922_193248
2026/09/22 19:45:41 - mmengine - INFO - Epoch(train)  [97][10/25]  base_lr: 5.000000e-04 lr: 5.000000e-04  eta: 0:14:41  time: 0.311883  data_time: 0.110147  memory: 5901  grad_norm: 0.320481  loss: 0.079019  loss_kpt: 0.079019  acc_pose: 1.000000
2026/09/22 19:45:43 - mmengine - INFO - Epoch(train)  [97][20/25]  base_lr: 5.000000e-04 lr: 5.000000e-04  eta: 0:14:37  time: 0.310135  data_time: 0.108596  memory: 5901  grad_norm: 0.317748  loss: 0.078611  loss_kpt: 0.078611  acc_pose: 0.999290
2026/09/22 19:45:44 - mmengine - INFO - Exp name: rtmpose-m_lumbar-coco2000_1stage_20260922_193248
2026/09/22 19:45:49 - mmengine - INFO - Epoch(train)  [98][10/25]  base_lr: 5.000000e-04 lr: 5.000000e-04  eta: 0:14:33  time: 0.312208  data_time: 0.111127  memory: 5901  grad_norm: 0.304665  loss: 0.077708  loss_kpt: 0.077708  acc_pose: 0.998580
2026/09/22 19:45:51 - mmengine - INFO - Epoch(train)  [98][20/25]  base_lr: 5.000000e-04 lr: 5.000000e-04  eta: 0:14:29  time: 0.306317  data_time: 0.104949  memory: 5901  grad_norm: 0.310205  loss: 0.077349  loss_kpt: 0.077349  acc_pose: 1.000000
2026/09/22 19:45:52 - mmengine - INFO - Exp name: rtmpose-m_lumbar-coco2000_1stage_20260922_193248
2026/09/22 19:45:56 - mmengine - INFO - Epoch(train)  [99][10/25]  base_lr: 5.000000e-04 lr: 5.000000e-04  eta: 0:14:26  time: 0.312850  data_time: 0.111301  memory: 5901  grad_norm: 0.296784  loss: 0.076827  loss_kpt: 0.076827  acc_pose: 1.000000
2026/09/22 19:45:59 - mmengine - INFO - Epoch(train)  [99][20/25]  base_lr: 5.000000e-04 lr: 5.000000e-04  eta: 0:14:22  time: 0.310923  data_time: 0.109240  memory: 5901  grad_norm: 0.300556  loss: 0.076762  loss_kpt: 0.076762  acc_pose: 0.998580
2026/09/22 19:46:00 - mmengine - INFO - Exp name: rtmpose-m_lumbar-coco2000_1stage_20260922_193248
2026/09/22 19:46:04 - mmengine - INFO - Epoch(train) [100][10/25]  base_lr: 5.000000e-04 lr: 5.000000e-04  eta: 0:14:18  time: 0.307830  data_time: 0.105479  memory: 5901  grad_norm: 0.313562  loss: 0.076754  loss_kpt: 0.076754  acc_pose: 1.000000
2026/09/22 19:46:06 - mmengine - INFO - Epoch(train) [100][20/25]  base_lr: 5.000000e-04 lr: 5.000000e-04  eta: 0:14:14  time: 0.308896  data_time: 0.106675  memory: 5901  grad_norm: 0.306666  loss: 0.075955  loss_kpt: 0.075955  acc_pose: 1.000000
2026/09/22 19:46:07 - mmengine - INFO - Exp name: rtmpose-m_lumbar-coco2000_1stage_20260922_193248
2026/09/22 19:46:07 - mmengine - INFO - Saving checkpoint at 100 epochs
2026/09/22 19:46:09 - mmengine - INFO - Epoch(val) [100][10/13]    eta: 0:00:00  time: 0.072583  data_time: 0.050861  memory: 5901  
2026/09/22 19:46:09 - mmengine - INFO - Evaluating CocoMetric...
2026/09/22 19:46:09 - mmengine - INFO - Evaluating PCKAccuracy (normalized by ``"bbox_size"``)...
2026/09/22 19:46:09 - mmengine - INFO - Evaluating PCKAccuracy (normalized by ``"bbox_size"``)...
2026/09/22 19:46:09 - mmengine - INFO - Evaluating PCKAccuracy (normalized by ``"bbox_size"``)...
2026/09/22 19:46:09 - mmengine - INFO - Evaluating PCKAccuracy (normalized by ``"bbox_size"``)...
2026/09/22 19:46:09 - mmengine - INFO - Epoch(val) [100][13/13]    coco/AP: 0.989049  coco/AP .5: 0.990050  coco/AP .75: 0.990050  coco/AP (M): -1.000000  coco/AP (L): 0.989049  coco/AR: 0.994000  coco/AR .5: 0.995000  coco/AR .75: 0.995000  coco/AR (M): -1.000000  coco/AR (L): 0.994000  PCK@0.05/PCK: 0.993864  PCK@0.03/PCK: 0.990227  PCK@0.02/PCK: 0.979318  PCK@0.01/PCK: 0.869773  data_time: 0.047691  time: 0.069061
2026/09/22 19:46:13 - mmengine - INFO - Epoch(train) [101][10/25]  base_lr: 5.000000e-04 lr: 5.000000e-04  eta: 0:14:10  time: 0.305974  data_time: 0.104185  memory: 5901  grad_norm: 0.300409  loss: 0.074617  loss_kpt: 0.074617  acc_pose: 0.999290
2026/09/22 19:46:15 - mmengine - INFO - Epoch(train) [101][20/25]  base_lr: 5.000000e-04 lr: 5.000000e-04  eta: 0:14:06  time: 0.306807  data_time: 0.104922  memory: 5901  grad_norm: 0.291768  loss: 0.073735  loss_kpt: 0.073735  acc_pose: 1.000000
2026/09/22 19:46:17 - mmengine - INFO - Exp name: rtmpose-m_lumbar-coco2000_1stage_20260922_193248
2026/09/22 19:46:21 - mmengine - INFO - Epoch(train) [102][10/25]  base_lr: 5.000000e-04 lr: 5.000000e-04  eta: 0:14:02  time: 0.312745  data_time: 0.110676  memory: 5901  grad_norm: 0.279330  loss: 0.073310  loss_kpt: 0.073310  acc_pose: 1.000000
2026/09/22 19:46:23 - mmengine - INFO - Epoch(train) [102][20/25]  base_lr: 5.000000e-04 lr: 5.000000e-04  eta: 0:13:58  time: 0.313617  data_time: 0.111548  memory: 5901  grad_norm: 0.281486  loss: 0.072989  loss_kpt: 0.072989  acc_pose: 0.998580
2026/09/22 19:46:25 - mmengine - INFO - Exp name: rtmpose-m_lumbar-coco2000_1stage_20260922_193248
2026/09/22 19:46:29 - mmengine - INFO - Epoch(train) [103][10/25]  base_lr: 5.000000e-04 lr: 5.000000e-04  eta: 0:13:54  time: 0.311132  data_time: 0.109008  memory: 5901  grad_norm: 0.284113  loss: 0.073165  loss_kpt: 0.073165  acc_pose: 1.000000
2026/09/22 19:46:31 - mmengine - INFO - Epoch(train) [103][20/25]  base_lr: 5.000000e-04 lr: 5.000000e-04  eta: 0:13:51  time: 0.314367  data_time: 0.112190  memory: 5901  grad_norm: 0.277747  loss: 0.072565  loss_kpt: 0.072565  acc_pose: 1.000000
2026/09/22 19:46:32 - mmengine - INFO - Exp name: rtmpose-m_lumbar-coco2000_1stage_20260922_193248
2026/09/22 19:46:37 - mmengine - INFO - Epoch(train) [104][10/25]  base_lr: 5.000000e-04 lr: 5.000000e-04  eta: 0:13:47  time: 0.312857  data_time: 0.111422  memory: 5901  grad_norm: 0.275699  loss: 0.071223  loss_kpt: 0.071223  acc_pose: 1.000000
2026/09/22 19:46:39 - mmengine - INFO - Epoch(train) [104][20/25]  base_lr: 5.000000e-04 lr: 5.000000e-04  eta: 0:13:43  time: 0.311558  data_time: 0.109824  memory: 5901  grad_norm: 0.283247  loss: 0.071420  loss_kpt: 0.071420  acc_pose: 0.999290
2026/09/22 19:46:40 - mmengine - INFO - Exp name: rtmpose-m_lumbar-coco2000_1stage_20260922_193248
2026/09/22 19:46:44 - mmengine - INFO - Epoch(train) [105][10/25]  base_lr: 5.000000e-04 lr: 5.000000e-04  eta: 0:13:39  time: 0.312062  data_time: 0.110352  memory: 5901  grad_norm: 0.288999  loss: 0.070527  loss_kpt: 0.070527  acc_pose: 1.000000
2026/09/22 19:46:47 - mmengine - INFO - Epoch(train) [105][20/25]  base_lr: 5.000000e-04 lr: 5.000000e-04  eta: 0:13:35  time: 0.310662  data_time: 0.108767  memory: 5901  grad_norm: 0.289822  loss: 0.070058  loss_kpt: 0.070058  acc_pose: 1.000000
2026/09/22 19:46:48 - mmengine - INFO - Exp name: rtmpose-m_lumbar-coco2000_1stage_20260922_193248
2026/09/22 19:46:52 - mmengine - INFO - Epoch(train) [106][10/25]  base_lr: 4.999862e-04 lr: 4.999862e-04  eta: 0:13:31  time: 0.309034  data_time: 0.106572  memory: 5901  grad_norm: 0.287234  loss: 0.069898  loss_kpt: 0.069898  acc_pose: 0.997869
2026/09/22 19:46:55 - mmengine - INFO - Epoch(train) [106][20/25]  base_lr: 4.999386e-04 lr: 4.999386e-04  eta: 0:13:27  time: 0.311861  data_time: 0.109158  memory: 5901  grad_norm: 0.277897  loss: 0.069138  loss_kpt: 0.069138  acc_pose: 1.000000
2026/09/22 19:46:56 - mmengine - INFO - Exp name: rtmpose-m_lumbar-coco2000_1stage_20260922_193248
2026/09/22 19:47:00 - mmengine - INFO - Epoch(train) [107][10/25]  base_lr: 4.998034e-04 lr: 4.998034e-04  eta: 0:13:24  time: 0.315950  data_time: 0.110484  memory: 5901  grad_norm: 0.262844  loss: 0.068485  loss_kpt: 0.068485  acc_pose: 0.999290
2026/09/22 19:47:03 - mmengine - INFO - Epoch(train) [107][20/25]  base_lr: 4.996708e-04 lr: 4.996708e-04  eta: 0:13:20  time: 0.318524  data_time: 0.113171  memory: 5901  grad_norm: 0.274193  loss: 0.068520  loss_kpt: 0.068520  acc_pose: 0.998580
2026/09/22 19:47:04 - mmengine - INFO - Exp name: rtmpose-m_lumbar-coco2000_1stage_20260922_193248
2026/09/22 19:47:08 - mmengine - INFO - Epoch(train) [108][10/25]  base_lr: 4.994082e-04 lr: 4.994082e-04  eta: 0:13:16  time: 0.312584  data_time: 0.107054  memory: 5901  grad_norm: 0.284030  loss: 0.068608  loss_kpt: 0.068608  acc_pose: 1.000000
2026/09/22 19:47:10 - mmengine - INFO - Epoch(train) [108][20/25]  base_lr: 4.991907e-04 lr: 4.991907e-04  eta: 0:13:12  time: 0.315232  data_time: 0.110206  memory: 5901  grad_norm: 0.288287  loss: 0.068635  loss_kpt: 0.068635  acc_pose: 1.000000
2026/09/22 19:47:11 - mmengine - INFO - Exp name: rtmpose-m_lumbar-coco2000_1stage_20260922_193248
2026/09/22 19:47:16 - mmengine - INFO - Epoch(train) [109][10/25]  base_lr: 4.988009e-04 lr: 4.988009e-04  eta: 0:13:08  time: 0.311718  data_time: 0.109507  memory: 5901  grad_norm: 0.372992  loss: 0.071760  loss_kpt: 0.071760  acc_pose: 0.999290
2026/09/22 19:47:18 - mmengine - INFO - Epoch(train) [109][20/25]  base_lr: 4.984987e-04 lr: 4.984987e-04  eta: 0:13:05  time: 0.310948  data_time: 0.108689  memory: 5901  grad_norm: 0.382134  loss: 0.073549  loss_kpt: 0.073549  acc_pose: 0.999290
2026/09/22 19:47:19 - mmengine - INFO - Exp name: rtmpose-m_lumbar-coco2000_1stage_20260922_193248
2026/09/22 19:47:24 - mmengine - INFO - Epoch(train) [110][10/25]  base_lr: 4.979820e-04 lr: 4.979820e-04  eta: 0:13:00  time: 0.313023  data_time: 0.109728  memory: 5901  grad_norm: 0.382834  loss: 0.075348  loss_kpt: 0.075348  acc_pose: 1.000000
2026/09/22 19:47:26 - mmengine - INFO - Epoch(train) [110][20/25]  base_lr: 4.975954e-04 lr: 4.975954e-04  eta: 0:12:57  time: 0.315488  data_time: 0.112110  memory: 5901  grad_norm: 0.380292  loss: 0.076216  loss_kpt: 0.076216  acc_pose: 1.000000
2026/09/22 19:47:27 - mmengine - INFO - Exp name: rtmpose-m_lumbar-coco2000_1stage_20260922_193248
2026/09/22 19:47:27 - mmengine - INFO - Saving checkpoint at 110 epochs
2026/09/22 19:47:29 - mmengine - INFO - Epoch(val) [110][10/13]    eta: 0:00:00  time: 0.072662  data_time: 0.050875  memory: 5901  
2026/09/22 19:47:29 - mmengine - INFO - Evaluating CocoMetric...
2026/09/22 19:47:29 - mmengine - INFO - Evaluating PCKAccuracy (normalized by ``"bbox_size"``)...
2026/09/22 19:47:29 - mmengine - INFO - Evaluating PCKAccuracy (normalized by ``"bbox_size"``)...
2026/09/22 19:47:29 - mmengine - INFO - Evaluating PCKAccuracy (normalized by ``"bbox_size"``)...
2026/09/22 19:47:29 - mmengine - INFO - Evaluating PCKAccuracy (normalized by ``"bbox_size"``)...
2026/09/22 19:47:29 - mmengine - INFO - Epoch(val) [110][13/13]    coco/AP: 0.989019  coco/AP .5: 0.990050  coco/AP .75: 0.990050  coco/AP (M): -1.000000  coco/AP (L): 0.989019  coco/AR: 0.993500  coco/AR .5: 0.995000  coco/AR .75: 0.995000  coco/AR (M): -1.000000  coco/AR (L): 0.993500  PCK@0.05/PCK: 0.993409  PCK@0.03/PCK: 0.990000  PCK@0.02/PCK: 0.976818  PCK@0.01/PCK: 0.865682  data_time: 0.046240  time: 0.067563
2026/09/22 19:47:33 - mmengine - INFO - Epoch(train) [111][10/25]  base_lr: 4.969524e-04 lr: 4.969524e-04  eta: 0:12:53  time: 0.314475  data_time: 0.111160  memory: 5901  grad_norm: 0.302941  loss: 0.073767  loss_kpt: 0.073767  acc_pose: 0.999290
2026/09/22 19:47:35 - mmengine - INFO - Epoch(train) [111][20/25]  base_lr: 4.964818e-04 lr: 4.964818e-04  eta: 0:12:49  time: 0.310384  data_time: 0.107347  memory: 5901  grad_norm: 0.282511  loss: 0.072107  loss_kpt: 0.072107  acc_pose: 1.000000
2026/09/22 19:47:37 - mmengine - INFO - Exp name: rtmpose-m_lumbar-coco2000_1stage_20260922_193248
2026/09/22 19:47:41 - mmengine - INFO - Epoch(train) [112][10/25]  base_lr: 4.957130e-04 lr: 4.957130e-04  eta: 0:12:45  time: 0.313615  data_time: 0.111931  memory: 5901  grad_norm: 0.265280  loss: 0.069248  loss_kpt: 0.069248  acc_pose: 1.000000
2026/09/22 19:47:43 - mmengine - INFO - Epoch(train) [112][20/25]  base_lr: 4.951586e-04 lr: 4.951586e-04  eta: 0:12:41  time: 0.306611  data_time: 0.104855  memory: 5901  grad_norm: 0.258731  loss: 0.067926  loss_kpt: 0.067926  acc_pose: 0.999290
2026/09/22 19:47:44 - mmengine - INFO - Exp name: rtmpose-m_lumbar-coco2000_1stage_20260922_193248
2026/09/22 19:47:49 - mmengine - INFO - Epoch(train) [113][10/25]  base_lr: 4.942647e-04 lr: 4.942647e-04  eta: 0:12:37  time: 0.311498  data_time: 0.109356  memory: 5901  grad_norm: 0.250753  loss: 0.067314  loss_kpt: 0.067314  acc_pose: 1.000000
2026/09/22 19:47:51 - mmengine - INFO - Epoch(train) [113][20/25]  base_lr: 4.936273e-04 lr: 4.936273e-04  eta: 0:12:34  time: 0.311959  data_time: 0.109419  memory: 5901  grad_norm: 0.252232  loss: 0.067033  loss_kpt: 0.067033  acc_pose: 1.000000
2026/09/22 19:47:52 - mmengine - INFO - Exp name: rtmpose-m_lumbar-coco2000_1stage_20260922_193248
2026/09/22 19:47:56 - mmengine - INFO - Epoch(train) [114][10/25]  base_lr: 4.926090e-04 lr: 4.926090e-04  eta: 0:12:29  time: 0.309526  data_time: 0.106342  memory: 5901  grad_norm: 0.250658  loss: 0.066453  loss_kpt: 0.066453  acc_pose: 1.000000
2026/09/22 19:47:59 - mmengine - INFO - Epoch(train) [114][20/25]  base_lr: 4.918890e-04 lr: 4.918890e-04  eta: 0:12:26  time: 0.313355  data_time: 0.110413  memory: 5901  grad_norm: 0.249482  loss: 0.065774  loss_kpt: 0.065774  acc_pose: 0.999290
2026/09/22 19:48:00 - mmengine - INFO - Exp name: rtmpose-m_lumbar-coco2000_1stage_20260922_193248
2026/09/22 19:48:04 - mmengine - INFO - Epoch(train) [115][10/25]  base_lr: 4.907473e-04 lr: 4.907473e-04  eta: 0:12:22  time: 0.313392  data_time: 0.111186  memory: 5901  grad_norm: 0.249635  loss: 0.064723  loss_kpt: 0.064723  acc_pose: 1.000000
2026/09/22 19:48:06 - mmengine - INFO - Epoch(train) [115][20/25]  base_lr: 4.899454e-04 lr: 4.899454e-04  eta: 0:12:18  time: 0.311735  data_time: 0.109777  memory: 5901  grad_norm: 0.263341  loss: 0.064434  loss_kpt: 0.064434  acc_pose: 1.000000
2026/09/22 19:48:08 - mmengine - INFO - Exp name: rtmpose-m_lumbar-coco2000_1stage_20260922_193248
2026/09/22 19:48:12 - mmengine - INFO - Epoch(train) [116][10/25]  base_lr: 4.886814e-04 lr: 4.886814e-04  eta: 0:12:14  time: 0.314245  data_time: 0.112924  memory: 5901  grad_norm: 0.278218  loss: 0.064938  loss_kpt: 0.064938  acc_pose: 1.000000
2026/09/22 19:48:14 - mmengine - INFO - Epoch(train) [116][20/25]  base_lr: 4.877982e-04 lr: 4.877982e-04  eta: 0:12:10  time: 0.312889  data_time: 0.111481  memory: 5901  grad_norm: 0.277076  loss: 0.065449  loss_kpt: 0.065449  acc_pose: 1.000000
2026/09/22 19:48:15 - mmengine - INFO - Exp name: rtmpose-m_lumbar-coco2000_1stage_20260922_193248
2026/09/22 19:48:20 - mmengine - INFO - Epoch(train) [117][10/25]  base_lr: 4.864129e-04 lr: 4.864129e-04  eta: 0:12:06  time: 0.310004  data_time: 0.106038  memory: 5901  grad_norm: 0.278816  loss: 0.065392  loss_kpt: 0.065392  acc_pose: 1.000000
2026/09/22 19:48:22 - mmengine - INFO - Epoch(train) [117][20/25]  base_lr: 4.854493e-04 lr: 4.854493e-04  eta: 0:12:03  time: 0.310667  data_time: 0.106994  memory: 5901  grad_norm: 0.268969  loss: 0.064917  loss_kpt: 0.064917  acc_pose: 1.000000
2026/09/22 19:48:23 - mmengine - INFO - Exp name: rtmpose-m_lumbar-coco2000_1stage_20260922_193248
2026/09/22 19:48:27 - mmengine - INFO - Epoch(train) [118][10/25]  base_lr: 4.839440e-04 lr: 4.839440e-04  eta: 0:11:59  time: 0.308598  data_time: 0.105016  memory: 5901  grad_norm: 0.273866  loss: 0.064750  loss_kpt: 0.064750  acc_pose: 1.000000
2026/09/22 19:48:30 - mmengine - INFO - Epoch(train) [118][20/25]  base_lr: 4.829008e-04 lr: 4.829008e-04  eta: 0:11:55  time: 0.310901  data_time: 0.107353  memory: 5901  grad_norm: 0.288851  loss: 0.064761  loss_kpt: 0.064761  acc_pose: 0.999290
2026/09/22 19:48:31 - mmengine - INFO - Exp name: rtmpose-m_lumbar-coco2000_1stage_20260922_193248
2026/09/22 19:48:35 - mmengine - INFO - Epoch(train) [119][10/25]  base_lr: 4.812769e-04 lr: 4.812769e-04  eta: 0:11:51  time: 0.303518  data_time: 0.101977  memory: 5901  grad_norm: 0.295907  loss: 0.064323  loss_kpt: 0.064323  acc_pose: 1.000000
2026/09/22 19:48:38 - mmengine - INFO - Epoch(train) [119][20/25]  base_lr: 4.801551e-04 lr: 4.801551e-04  eta: 0:11:47  time: 0.309852  data_time: 0.108274  memory: 5901  grad_norm: 0.292849  loss: 0.064214  loss_kpt: 0.064214  acc_pose: 1.000000
2026/09/22 19:48:39 - mmengine - INFO - Exp name: rtmpose-m_lumbar-coco2000_1stage_20260922_193248
2026/09/22 19:48:43 - mmengine - INFO - Epoch(train) [120][10/25]  base_lr: 4.784140e-04 lr: 4.784140e-04  eta: 0:11:43  time: 0.310751  data_time: 0.108831  memory: 5901  grad_norm: 0.271797  loss: 0.063404  loss_kpt: 0.063404  acc_pose: 1.000000
2026/09/22 19:48:45 - mmengine - INFO - Epoch(train) [120][20/25]  base_lr: 4.772145e-04 lr: 4.772145e-04  eta: 0:11:39  time: 0.307750  data_time: 0.105262  memory: 5901  grad_norm: 0.262241  loss: 0.062890  loss_kpt: 0.062890  acc_pose: 1.000000
2026/09/22 19:48:46 - mmengine - INFO - Exp name: rtmpose-m_lumbar-coco2000_1stage_20260922_193248
2026/09/22 19:48:46 - mmengine - INFO - Saving checkpoint at 120 epochs
2026/09/22 19:48:48 - mmengine - INFO - Epoch(val) [120][10/13]    eta: 0:00:00  time: 0.072588  data_time: 0.050688  memory: 5901  
2026/09/22 19:48:48 - mmengine - INFO - Evaluating CocoMetric...
2026/09/22 19:48:48 - mmengine - INFO - Evaluating PCKAccuracy (normalized by ``"bbox_size"``)...
2026/09/22 19:48:48 - mmengine - INFO - Evaluating PCKAccuracy (normalized by ``"bbox_size"``)...
2026/09/22 19:48:48 - mmengine - INFO - Evaluating PCKAccuracy (normalized by ``"bbox_size"``)...
2026/09/22 19:48:48 - mmengine - INFO - Evaluating PCKAccuracy (normalized by ``"bbox_size"``)...
2026/09/22 19:48:48 - mmengine - INFO - Epoch(val) [120][13/13]    coco/AP: 0.989039  coco/AP .5: 0.990050  coco/AP .75: 0.990050  coco/AP (M): -1.000000  coco/AP (L): 0.989039  coco/AR: 0.993500  coco/AR .5: 0.995000  coco/AR .75: 0.995000  coco/AR (M): -1.000000  coco/AR (L): 0.993500  PCK@0.05/PCK: 0.993636  PCK@0.03/PCK: 0.989091  PCK@0.02/PCK: 0.977045  PCK@0.01/PCK: 0.875000  data_time: 0.047417  time: 0.068275
2026/09/22 19:48:52 - mmengine - INFO - Epoch(train) [121][10/25]  base_lr: 4.753578e-04 lr: 4.753578e-04  eta: 0:11:35  time: 0.318058  data_time: 0.113486  memory: 5901  grad_norm: 0.259908  loss: 0.063502  loss_kpt: 0.063502  acc_pose: 1.000000
2026/09/22 19:48:55 - mmengine - INFO - Epoch(train) [121][20/25]  base_lr: 4.740818e-04 lr: 4.740818e-04  eta: 0:11:32  time: 0.312691  data_time: 0.107979  memory: 5901  grad_norm: 0.259939  loss: 0.063328  loss_kpt: 0.063328  acc_pose: 1.000000
2026/09/22 19:48:56 - mmengine - INFO - Exp name: rtmpose-m_lumbar-coco2000_1stage_20260922_193248
2026/09/22 19:49:00 - mmengine - INFO - Epoch(train) [122][10/25]  base_lr: 4.721110e-04 lr: 4.721110e-04  eta: 0:11:27  time: 0.310375  data_time: 0.105962  memory: 5901  grad_norm: 0.288009  loss: 0.064000  loss_kpt: 0.064000  acc_pose: 1.000000
2026/09/22 19:49:02 - mmengine - INFO - Epoch(train) [122][20/25]  base_lr: 4.707596e-04 lr: 4.707596e-04  eta: 0:11:24  time: 0.311451  data_time: 0.107401  memory: 5901  grad_norm: 0.311960  loss: 0.065613  loss_kpt: 0.065613  acc_pose: 0.998580
2026/09/22 19:49:03 - mmengine - INFO - Exp name: rtmpose-m_lumbar-coco2000_1stage_20260922_193248
2026/09/22 19:49:08 - mmengine - INFO - Epoch(train) [123][10/25]  base_lr: 4.686766e-04 lr: 4.686766e-04  eta: 0:11:20  time: 0.311473  data_time: 0.108906  memory: 5901  grad_norm: 0.314639  loss: 0.069129  loss_kpt: 0.069129  acc_pose: 1.000000
2026/09/22 19:49:10 - mmengine - INFO - Epoch(train) [123][20/25]  base_lr: 4.672510e-04 lr: 4.672510e-04  eta: 0:11:16  time: 0.312832  data_time: 0.109917  memory: 5901  grad_norm: 0.319050  loss: 0.070758  loss_kpt: 0.070758  acc_pose: 1.000000
2026/09/22 19:49:11 - mmengine - INFO - Exp name: rtmpose-m_lumbar-coco2000_1stage_20260922_193248
2026/09/22 19:49:16 - mmengine - INFO - Epoch(train) [124][10/25]  base_lr: 4.650577e-04 lr: 4.650577e-04  eta: 0:11:12  time: 0.314774  data_time: 0.111495  memory: 5901  grad_norm: 0.298266  loss: 0.072303  loss_kpt: 0.072303  acc_pose: 1.000000
2026/09/22 19:49:18 - mmengine - INFO - Epoch(train) [124][20/25]  base_lr: 4.635592e-04 lr: 4.635592e-04  eta: 0:11:08  time: 0.313525  data_time: 0.110374  memory: 5901  grad_norm: 0.277929  loss: 0.071698  loss_kpt: 0.071698  acc_pose: 1.000000
2026/09/22 19:49:19 - mmengine - INFO - Exp name: rtmpose-m_lumbar-coco2000_1stage_20260922_193248
2026/09/22 19:49:24 - mmengine - INFO - Epoch(train) [125][10/25]  base_lr: 4.612575e-04 lr: 4.612575e-04  eta: 0:11:04  time: 0.312443  data_time: 0.106630  memory: 5901  grad_norm: 0.274676  loss: 0.068383  loss_kpt: 0.068383  acc_pose: 1.000000
2026/09/22 19:49:26 - mmengine - INFO - Epoch(train) [125][20/25]  base_lr: 4.596873e-04 lr: 4.596873e-04  eta: 0:11:01  time: 0.310110  data_time: 0.104661  memory: 5901  grad_norm: 0.280022  loss: 0.066863  loss_kpt: 0.066863  acc_pose: 1.000000
2026/09/22 19:49:27 - mmengine - INFO - Exp name: rtmpose-m_lumbar-coco2000_1stage_20260922_193248
2026/09/22 19:49:31 - mmengine - INFO - Epoch(train) [126][10/25]  base_lr: 4.572793e-04 lr: 4.572793e-04  eta: 0:10:56  time: 0.308519  data_time: 0.102895  memory: 5901  grad_norm: 0.271597  loss: 0.064060  loss_kpt: 0.064060  acc_pose: 1.000000
2026/09/22 19:49:34 - mmengine - INFO - Epoch(train) [126][20/25]  base_lr: 4.556390e-04 lr: 4.556390e-04  eta: 0:10:54  time: 0.328466  data_time: 0.122963  memory: 5901  grad_norm: 0.260484  loss: 0.062625  loss_kpt: 0.062625  acc_pose: 1.000000
2026/09/22 19:49:36 - mmengine - INFO - Exp name: rtmpose-m_lumbar-coco2000_1stage_20260922_193248
2026/09/22 19:49:40 - mmengine - INFO - Epoch(train) [127][10/25]  base_lr: 4.531268e-04 lr: 4.531268e-04  eta: 0:10:49  time: 0.327256  data_time: 0.125456  memory: 5901  grad_norm: 0.262351  loss: 0.061518  loss_kpt: 0.061518  acc_pose: 1.000000
2026/09/22 19:49:42 - mmengine - INFO - Epoch(train) [127][20/25]  base_lr: 4.514178e-04 lr: 4.514178e-04  eta: 0:10:46  time: 0.327821  data_time: 0.125569  memory: 5901  grad_norm: 0.253857  loss: 0.061150  loss_kpt: 0.061150  acc_pose: 1.000000
2026/09/22 19:49:43 - mmengine - INFO - Exp name: rtmpose-m_lumbar-coco2000_1stage_20260922_193248
2026/09/22 19:49:48 - mmengine - INFO - Epoch(train) [128][10/25]  base_lr: 4.488036e-04 lr: 4.488036e-04  eta: 0:10:42  time: 0.332956  data_time: 0.131273  memory: 5901  grad_norm: 0.260892  loss: 0.061104  loss_kpt: 0.061104  acc_pose: 1.000000
2026/09/22 19:49:50 - mmengine - INFO - Epoch(train) [128][20/25]  base_lr: 4.470274e-04 lr: 4.470274e-04  eta: 0:10:38  time: 0.313536  data_time: 0.111529  memory: 5901  grad_norm: 0.270274  loss: 0.061069  loss_kpt: 0.061069  acc_pose: 0.999290
2026/09/22 19:49:51 - mmengine - INFO - Exp name: rtmpose-m_lumbar-coco2000_1stage_20260922_193248
2026/09/22 19:49:56 - mmengine - INFO - Epoch(train) [129][10/25]  base_lr: 4.443137e-04 lr: 4.443137e-04  eta: 0:10:34  time: 0.311682  data_time: 0.108810  memory: 5901  grad_norm: 0.269152  loss: 0.060840  loss_kpt: 0.060840  acc_pose: 1.000000
2026/09/22 19:49:58 - mmengine - INFO - Epoch(train) [129][20/25]  base_lr: 4.424719e-04 lr: 4.424719e-04  eta: 0:10:30  time: 0.310481  data_time: 0.108218  memory: 5901  grad_norm: 0.278053  loss: 0.061191  loss_kpt: 0.061191  acc_pose: 1.000000
2026/09/22 19:49:59 - mmengine - INFO - Exp name: rtmpose-m_lumbar-coco2000_1stage_20260922_193248
2026/09/22 19:50:03 - mmengine - INFO - Epoch(train) [130][10/25]  base_lr: 4.396610e-04 lr: 4.396610e-04  eta: 0:10:26  time: 0.309677  data_time: 0.106690  memory: 5901  grad_norm: 0.280416  loss: 0.060282  loss_kpt: 0.060282  acc_pose: 0.998580
2026/09/22 19:50:06 - mmengine - INFO - Epoch(train) [130][20/25]  base_lr: 4.377553e-04 lr: 4.377553e-04  eta: 0:10:23  time: 0.311904  data_time: 0.109011  memory: 5901  grad_norm: 0.284160  loss: 0.060539  loss_kpt: 0.060539  acc_pose: 1.000000
2026/09/22 19:50:07 - mmengine - INFO - Exp name: rtmpose-m_lumbar-coco2000_1stage_20260922_193248
2026/09/22 19:50:07 - mmengine - INFO - Saving checkpoint at 130 epochs
2026/09/22 19:50:08 - mmengine - INFO - Epoch(val) [130][10/13]    eta: 0:00:00  time: 0.072546  data_time: 0.050556  memory: 5901  
2026/09/22 19:50:08 - mmengine - INFO - Evaluating CocoMetric...
2026/09/22 19:50:08 - mmengine - INFO - Evaluating PCKAccuracy (normalized by ``"bbox_size"``)...
2026/09/22 19:50:08 - mmengine - INFO - Evaluating PCKAccuracy (normalized by ``"bbox_size"``)...
2026/09/22 19:50:08 - mmengine - INFO - Evaluating PCKAccuracy (normalized by ``"bbox_size"``)...
2026/09/22 19:50:08 - mmengine - INFO - Evaluating PCKAccuracy (normalized by ``"bbox_size"``)...
2026/09/22 19:50:08 - mmengine - INFO - Epoch(val) [130][13/13]    coco/AP: 0.988029  coco/AP .5: 0.990000  coco/AP .75: 0.990000  coco/AP (M): -1.000000  coco/AP (L): 0.988029  coco/AR: 0.991500  coco/AR .5: 0.995000  coco/AR .75: 0.995000  coco/AR (M): -1.000000  coco/AR (L): 0.991500  PCK@0.05/PCK: 0.992045  PCK@0.03/PCK: 0.988409  PCK@0.02/PCK: 0.976364  PCK@0.01/PCK: 0.872500  data_time: 0.045161  time: 0.066695
2026/09/22 19:50:13 - mmengine - INFO - Epoch(train) [131][10/25]  base_lr: 4.348498e-04 lr: 4.348498e-04  eta: 0:10:18  time: 0.311012  data_time: 0.108812  memory: 5901  grad_norm: 0.299407  loss: 0.060908  loss_kpt: 0.060908  acc_pose: 1.000000
2026/09/22 19:50:15 - mmengine - INFO - Epoch(train) [131][20/25]  base_lr: 4.328818e-04 lr: 4.328818e-04  eta: 0:10:15  time: 0.312726  data_time: 0.110372  memory: 5901  grad_norm: 0.286641  loss: 0.060067  loss_kpt: 0.060067  acc_pose: 1.000000
2026/09/22 19:50:16 - mmengine - INFO - Exp name: rtmpose-m_lumbar-coco2000_1stage_20260922_193248
2026/09/22 19:50:20 - mmengine - INFO - Epoch(train) [132][10/25]  base_lr: 4.298842e-04 lr: 4.298842e-04  eta: 0:10:11  time: 0.313859  data_time: 0.112422  memory: 5901  grad_norm: 0.283461  loss: 0.059825  loss_kpt: 0.059825  acc_pose: 1.000000
2026/09/22 19:50:23 - mmengine - INFO - Epoch(train) [132][20/25]  base_lr: 4.278558e-04 lr: 4.278558e-04  eta: 0:10:07  time: 0.308374  data_time: 0.106834  memory: 5901  grad_norm: 0.274319  loss: 0.058737  loss_kpt: 0.058737  acc_pose: 1.000000
2026/09/22 19:50:24 - mmengine - INFO - Exp name: rtmpose-m_lumbar-coco2000_1stage_20260922_193248
2026/09/22 19:50:28 - mmengine - INFO - Epoch(train) [133][10/25]  base_lr: 4.247689e-04 lr: 4.247689e-04  eta: 0:10:03  time: 0.312083  data_time: 0.109627  memory: 5901  grad_norm: 0.250903  loss: 0.057553  loss_kpt: 0.057553  acc_pose: 1.000000
2026/09/22 19:50:30 - mmengine - INFO - Epoch(train) [133][20/25]  base_lr: 4.226818e-04 lr: 4.226818e-04  eta: 0:09:59  time: 0.311736  data_time: 0.109094  memory: 5901  grad_norm: 0.257705  loss: 0.057437  loss_kpt: 0.057437  acc_pose: 1.000000
2026/09/22 19:50:32 - mmengine - INFO - Exp name: rtmpose-m_lumbar-coco2000_1stage_20260922_193248
2026/09/22 19:50:36 - mmengine - INFO - Epoch(train) [134][10/25]  base_lr: 4.195083e-04 lr: 4.195083e-04  eta: 0:09:55  time: 0.313198  data_time: 0.110632  memory: 5901  grad_norm: 0.276350  loss: 0.058050  loss_kpt: 0.058050  acc_pose: 1.000000
2026/09/22 19:50:38 - mmengine - INFO - Epoch(train) [134][20/25]  base_lr: 4.173644e-04 lr: 4.173644e-04  eta: 0:09:52  time: 0.314640  data_time: 0.112473  memory: 5901  grad_norm: 0.281483  loss: 0.058310  loss_kpt: 0.058310  acc_pose: 1.000000
2026/09/22 19:50:39 - mmengine - INFO - Exp name: rtmpose-m_lumbar-coco2000_1stage_20260922_193248
2026/09/22 19:50:44 - mmengine - INFO - Epoch(train) [135][10/25]  base_lr: 4.141071e-04 lr: 4.141071e-04  eta: 0:09:47  time: 0.312604  data_time: 0.110967  memory: 5901  grad_norm: 0.284450  loss: 0.057532  loss_kpt: 0.057532  acc_pose: 1.000000
2026/09/22 19:50:46 - mmengine - INFO - Epoch(train) [135][20/25]  base_lr: 4.119084e-04 lr: 4.119084e-04  eta: 0:09:44  time: 0.312606  data_time: 0.110606  memory: 5901  grad_norm: 0.274206  loss: 0.057070  loss_kpt: 0.057070  acc_pose: 0.999290
2026/09/22 19:50:47 - mmengine - INFO - Exp name: rtmpose-m_lumbar-coco2000_1stage_20260922_193248
2026/09/22 19:50:51 - mmengine - INFO - Epoch(train) [136][10/25]  base_lr: 4.085702e-04 lr: 4.085702e-04  eta: 0:09:39  time: 0.306079  data_time: 0.102598  memory: 5901  grad_norm: 0.265435  loss: 0.056357  loss_kpt: 0.056357  acc_pose: 1.000000
2026/09/22 19:50:54 - mmengine - INFO - Epoch(train) [136][20/25]  base_lr: 4.063186e-04 lr: 4.063186e-04  eta: 0:09:36  time: 0.312064  data_time: 0.108183  memory: 5901  grad_norm: 0.263805  loss: 0.055630  loss_kpt: 0.055630  acc_pose: 1.000000
2026/09/22 19:50:55 - mmengine - INFO - Exp name: rtmpose-m_lumbar-coco2000_1stage_20260922_193248
2026/09/22 19:50:59 - mmengine - INFO - Epoch(train) [137][10/25]  base_lr: 4.029026e-04 lr: 4.029026e-04  eta: 0:09:32  time: 0.309228  data_time: 0.104898  memory: 5901  grad_norm: 0.259294  loss: 0.055240  loss_kpt: 0.055240  acc_pose: 1.000000
2026/09/22 19:51:02 - mmengine - INFO - Epoch(train) [137][20/25]  base_lr: 4.006001e-04 lr: 4.006001e-04  eta: 0:09:28  time: 0.314307  data_time: 0.110550  memory: 5901  grad_norm: 0.259811  loss: 0.054332  loss_kpt: 0.054332  acc_pose: 1.000000
2026/09/22 19:51:03 - mmengine - INFO - Exp name: rtmpose-m_lumbar-coco2000_1stage_20260922_193248
2026/09/22 19:51:07 - mmengine - INFO - Epoch(train) [138][10/25]  base_lr: 3.971093e-04 lr: 3.971093e-04  eta: 0:09:24  time: 0.316558  data_time: 0.113314  memory: 5901  grad_norm: 0.246147  loss: 0.053823  loss_kpt: 0.053823  acc_pose: 1.000000
2026/09/22 19:51:10 - mmengine - INFO - Epoch(train) [138][20/25]  base_lr: 3.947580e-04 lr: 3.947580e-04  eta: 0:09:20  time: 0.309830  data_time: 0.106867  memory: 5901  grad_norm: 0.242289  loss: 0.053505  loss_kpt: 0.053505  acc_pose: 0.999290
2026/09/22 19:51:11 - mmengine - INFO - Exp name: rtmpose-m_lumbar-coco2000_1stage_20260922_193248
2026/09/22 19:51:15 - mmengine - INFO - Epoch(train) [139][10/25]  base_lr: 3.911955e-04 lr: 3.911955e-04  eta: 0:09:16  time: 0.312590  data_time: 0.110830  memory: 5901  grad_norm: 0.247589  loss: 0.053318  loss_kpt: 0.053318  acc_pose: 1.000000
2026/09/22 19:51:17 - mmengine - INFO - Epoch(train) [139][20/25]  base_lr: 3.887974e-04 lr: 3.887974e-04  eta: 0:09:13  time: 0.309037  data_time: 0.107177  memory: 5901  grad_norm: 0.255728  loss: 0.053523  loss_kpt: 0.053523  acc_pose: 0.999290
2026/09/22 19:51:18 - mmengine - INFO - Exp name: rtmpose-m_lumbar-coco2000_1stage_20260922_193248
2026/09/22 19:51:23 - mmengine - INFO - Epoch(train) [140][10/25]  base_lr: 3.851665e-04 lr: 3.851665e-04  eta: 0:09:08  time: 0.305348  data_time: 0.102747  memory: 5901  grad_norm: 0.252079  loss: 0.052451  loss_kpt: 0.052451  acc_pose: 1.000000
2026/09/22 19:51:25 - mmengine - INFO - Epoch(train) [140][20/25]  base_lr: 3.827239e-04 lr: 3.827239e-04  eta: 0:09:05  time: 0.312523  data_time: 0.109893  memory: 5901  grad_norm: 0.243337  loss: 0.052208  loss_kpt: 0.052208  acc_pose: 0.999290
2026/09/22 19:51:26 - mmengine - INFO - Exp name: rtmpose-m_lumbar-coco2000_1stage_20260922_193248
2026/09/22 19:51:26 - mmengine - INFO - Saving checkpoint at 140 epochs
2026/09/22 19:51:28 - mmengine - INFO - Epoch(val) [140][10/13]    eta: 0:00:00  time: 0.071724  data_time: 0.049745  memory: 5901  
2026/09/22 19:51:28 - mmengine - INFO - Evaluating CocoMetric...
2026/09/22 19:51:28 - mmengine - INFO - Evaluating PCKAccuracy (normalized by ``"bbox_size"``)...
2026/09/22 19:51:28 - mmengine - INFO - Evaluating PCKAccuracy (normalized by ``"bbox_size"``)...
2026/09/22 19:51:28 - mmengine - INFO - Evaluating PCKAccuracy (normalized by ``"bbox_size"``)...
2026/09/22 19:51:28 - mmengine - INFO - Evaluating PCKAccuracy (normalized by ``"bbox_size"``)...
2026/09/22 19:51:28 - mmengine - INFO - Epoch(val) [140][13/13]    coco/AP: 0.989064  coco/AP .5: 0.990050  coco/AP .75: 0.990050  coco/AP (M): -1.000000  coco/AP (L): 0.989064  coco/AR: 0.994000  coco/AR .5: 0.995000  coco/AR .75: 0.995000  coco/AR (M): -1.000000  coco/AR (L): 0.994000  PCK@0.05/PCK: 0.993636  PCK@0.03/PCK: 0.989318  PCK@0.02/PCK: 0.978636  PCK@0.01/PCK: 0.875227  data_time: 0.044490  time: 0.065886
2026/09/22 19:51:32 - mmengine - INFO - Epoch(train) [141][10/25]  base_lr: 3.790277e-04 lr: 3.790277e-04  eta: 0:09:01  time: 0.310204  data_time: 0.106684  memory: 5901  grad_norm: 0.239679  loss: 0.052135  loss_kpt: 0.052135  acc_pose: 1.000000
2026/09/22 19:51:34 - mmengine - INFO - Epoch(train) [141][20/25]  base_lr: 3.765427e-04 lr: 3.765427e-04  eta: 0:08:57  time: 0.309541  data_time: 0.105613  memory: 5901  grad_norm: 0.234074  loss: 0.051915  loss_kpt: 0.051915  acc_pose: 1.000000
2026/09/22 19:51:35 - mmengine - INFO - Exp name: rtmpose-m_lumbar-coco2000_1stage_20260922_193248
2026/09/22 19:51:40 - mmengine - INFO - Epoch(train) [142][10/25]  base_lr: 3.727846e-04 lr: 3.727846e-04  eta: 0:08:53  time: 0.322262  data_time: 0.119481  memory: 5901  grad_norm: 0.245999  loss: 0.051974  loss_kpt: 0.051974  acc_pose: 1.000000
2026/09/22 19:51:43 - mmengine - INFO - Epoch(train) [142][20/25]  base_lr: 3.702594e-04 lr: 3.702594e-04  eta: 0:08:50  time: 0.317194  data_time: 0.114257  memory: 5901  grad_norm: 0.255211  loss: 0.051923  loss_kpt: 0.051923  acc_pose: 0.999290
2026/09/22 19:51:44 - mmengine - INFO - Exp name: rtmpose-m_lumbar-coco2000_1stage_20260922_193248
2026/09/22 19:51:48 - mmengine - INFO - Epoch(train) [143][10/25]  base_lr: 3.664428e-04 lr: 3.664428e-04  eta: 0:08:45  time: 0.314841  data_time: 0.112372  memory: 5901  grad_norm: 0.242654  loss: 0.050976  loss_kpt: 0.050976  acc_pose: 1.000000
2026/09/22 19:51:50 - mmengine - INFO - Epoch(train) [143][20/25]  base_lr: 3.638797e-04 lr: 3.638797e-04  eta: 0:08:42  time: 0.316306  data_time: 0.114372  memory: 5901  grad_norm: 0.236529  loss: 0.050675  loss_kpt: 0.050675  acc_pose: 1.000000
2026/09/22 19:51:51 - mmengine - INFO - Exp name: rtmpose-m_lumbar-coco2000_1stage_20260922_193248
2026/09/22 19:51:55 - mmengine - INFO - Epoch(train) [144][10/25]  base_lr: 3.600079e-04 lr: 3.600079e-04  eta: 0:08:37  time: 0.306180  data_time: 0.103927  memory: 5901  grad_norm: 0.225919  loss: 0.050416  loss_kpt: 0.050416  acc_pose: 1.000000
2026/09/22 19:51:58 - mmengine - INFO - Epoch(train) [144][20/25]  base_lr: 3.574092e-04 lr: 3.574092e-04  eta: 0:08:34  time: 0.309183  data_time: 0.107084  memory: 5901  grad_norm: 0.220653  loss: 0.050508  loss_kpt: 0.050508  acc_pose: 1.000000
2026/09/22 19:51:59 - mmengine - INFO - Exp name: rtmpose-m_lumbar-coco2000_1stage_20260922_193248
2026/09/22 19:52:03 - mmengine - INFO - Epoch(train) [145][10/25]  base_lr: 3.534858e-04 lr: 3.534858e-04  eta: 0:08:30  time: 0.310810  data_time: 0.108421  memory: 5901  grad_norm: 0.225441  loss: 0.050004  loss_kpt: 0.050004  acc_pose: 1.000000
2026/09/22 19:52:06 - mmengine - INFO - Epoch(train) [145][20/25]  base_lr: 3.508538e-04 lr: 3.508538e-04  eta: 0:08:26  time: 0.309839  data_time: 0.107283  memory: 5901  grad_norm: 0.227613  loss: 0.049894  loss_kpt: 0.049894  acc_pose: 1.000000
2026/09/22 19:52:07 - mmengine - INFO - Exp name: rtmpose-m_lumbar-coco2000_1stage_20260922_193248
2026/09/22 19:52:11 - mmengine - INFO - Epoch(train) [146][10/25]  base_lr: 3.468822e-04 lr: 3.468822e-04  eta: 0:08:22  time: 0.314881  data_time: 0.113243  memory: 5901  grad_norm: 0.248129  loss: 0.050207  loss_kpt: 0.050207  acc_pose: 0.999290
2026/09/22 19:52:14 - mmengine - INFO - Epoch(train) [146][20/25]  base_lr: 3.442193e-04 lr: 3.442193e-04  eta: 0:08:18  time: 0.312276  data_time: 0.110714  memory: 5901  grad_norm: 0.249851  loss: 0.049520  loss_kpt: 0.049520  acc_pose: 1.000000
2026/09/22 19:52:15 - mmengine - INFO - Exp name: rtmpose-m_lumbar-coco2000_1stage_20260922_193248
2026/09/22 19:52:19 - mmengine - INFO - Epoch(train) [147][10/25]  base_lr: 3.402031e-04 lr: 3.402031e-04  eta: 0:08:14  time: 0.315124  data_time: 0.113238  memory: 5901  grad_norm: 0.244819  loss: 0.049481  loss_kpt: 0.049481  acc_pose: 1.000000
2026/09/22 19:52:21 - mmengine - INFO - Epoch(train) [147][20/25]  base_lr: 3.375116e-04 lr: 3.375116e-04  eta: 0:08:11  time: 0.314509  data_time: 0.112829  memory: 5901  grad_norm: 0.242478  loss: 0.049261  loss_kpt: 0.049261  acc_pose: 1.000000
2026/09/22 19:52:22 - mmengine - INFO - Exp name: rtmpose-m_lumbar-coco2000_1stage_20260922_193248
2026/09/22 19:52:27 - mmengine - INFO - Epoch(train) [148][10/25]  base_lr: 3.334544e-04 lr: 3.334544e-04  eta: 0:08:06  time: 0.312861  data_time: 0.110739  memory: 5901  grad_norm: 0.220589  loss: 0.048427  loss_kpt: 0.048427  acc_pose: 1.000000
2026/09/22 19:52:29 - mmengine - INFO - Epoch(train) [148][20/25]  base_lr: 3.307368e-04 lr: 3.307368e-04  eta: 0:08:03  time: 0.309514  data_time: 0.107031  memory: 5901  grad_norm: 0.217209  loss: 0.048182  loss_kpt: 0.048182  acc_pose: 1.000000
2026/09/22 19:52:30 - mmengine - INFO - Exp name: rtmpose-m_lumbar-coco2000_1stage_20260922_193248
2026/09/22 19:52:35 - mmengine - INFO - Epoch(train) [149][10/25]  base_lr: 3.266422e-04 lr: 3.266422e-04  eta: 0:07:59  time: 0.313590  data_time: 0.107688  memory: 5901  grad_norm: 0.234069  loss: 0.048583  loss_kpt: 0.048583  acc_pose: 0.999290
2026/09/22 19:52:37 - mmengine - INFO - Epoch(train) [149][20/25]  base_lr: 3.239009e-04 lr: 3.239009e-04  eta: 0:07:55  time: 0.314642  data_time: 0.108594  memory: 5901  grad_norm: 0.236173  loss: 0.048234  loss_kpt: 0.048234  acc_pose: 0.999290
2026/09/22 19:52:38 - mmengine - INFO - Exp name: rtmpose-m_lumbar-coco2000_1stage_20260922_193248
2026/09/22 19:52:42 - mmengine - INFO - Epoch(train) [150][10/25]  base_lr: 3.197726e-04 lr: 3.197726e-04  eta: 0:07:51  time: 0.307549  data_time: 0.100749  memory: 5901  grad_norm: 0.238620  loss: 0.047656  loss_kpt: 0.047656  acc_pose: 1.000000
2026/09/22 19:52:45 - mmengine - INFO - Epoch(train) [150][20/25]  base_lr: 3.170100e-04 lr: 3.170100e-04  eta: 0:07:47  time: 0.314599  data_time: 0.108211  memory: 5901  grad_norm: 0.242295  loss: 0.047674  loss_kpt: 0.047674  acc_pose: 1.000000
2026/09/22 19:52:46 - mmengine - INFO - Exp name: rtmpose-m_lumbar-coco2000_1stage_20260922_193248
2026/09/22 19:52:46 - mmengine - INFO - Saving checkpoint at 150 epochs
2026/09/22 19:52:47 - mmengine - INFO - Epoch(val) [150][10/13]    eta: 0:00:00  time: 0.071515  data_time: 0.049554  memory: 5901  
2026/09/22 19:52:47 - mmengine - INFO - Evaluating CocoMetric...
2026/09/22 19:52:47 - mmengine - INFO - Evaluating PCKAccuracy (normalized by ``"bbox_size"``)...
2026/09/22 19:52:47 - mmengine - INFO - Evaluating PCKAccuracy (normalized by ``"bbox_size"``)...
2026/09/22 19:52:47 - mmengine - INFO - Evaluating PCKAccuracy (normalized by ``"bbox_size"``)...
2026/09/22 19:52:47 - mmengine - INFO - Evaluating PCKAccuracy (normalized by ``"bbox_size"``)...
2026/09/22 19:52:47 - mmengine - INFO - Epoch(val) [150][13/13]    coco/AP: 0.987959  coco/AP .5: 0.989950  coco/AP .75: 0.989950  coco/AP (M): -1.000000  coco/AP (L): 0.987959  coco/AR: 0.990500  coco/AR .5: 0.995000  coco/AR .75: 0.990000  coco/AR (M): -1.000000  coco/AR (L): 0.990500  PCK@0.05/PCK: 0.992045  PCK@0.03/PCK: 0.987727  PCK@0.02/PCK: 0.975909  PCK@0.01/PCK: 0.875909  data_time: 0.045279  time: 0.066568
2026/09/22 19:52:52 - mmengine - INFO - Epoch(train) [151][10/25]  base_lr: 3.128517e-04 lr: 3.128517e-04  eta: 0:07:43  time: 0.311033  data_time: 0.108324  memory: 5901  grad_norm: 0.238188  loss: 0.047299  loss_kpt: 0.047299  acc_pose: 0.999290
2026/09/22 19:52:54 - mmengine - INFO - Epoch(train) [151][20/25]  base_lr: 3.100704e-04 lr: 3.100704e-04  eta: 0:07:40  time: 0.310766  data_time: 0.108051  memory: 5901  grad_norm: 0.235997  loss: 0.047159  loss_kpt: 0.047159  acc_pose: 1.000000
2026/09/22 19:52:55 - mmengine - INFO - Exp name: rtmpose-m_lumbar-coco2000_1stage_20260922_193248
2026/09/22 19:53:00 - mmengine - INFO - Epoch(train) [152][10/25]  base_lr: 3.058857e-04 lr: 3.058857e-04  eta: 0:07:35  time: 0.317353  data_time: 0.114362  memory: 5901  grad_norm: 0.228994  loss: 0.047020  loss_kpt: 0.047020  acc_pose: 1.000000
2026/09/22 19:53:02 - mmengine - INFO - Epoch(train) [152][20/25]  base_lr: 3.030881e-04 lr: 3.030881e-04  eta: 0:07:32  time: 0.311268  data_time: 0.108326  memory: 5901  grad_norm: 0.222120  loss: 0.046616  loss_kpt: 0.046616  acc_pose: 1.000000
2026/09/22 19:53:03 - mmengine - INFO - Exp name: rtmpose-m_lumbar-coco2000_1stage_20260922_193248
2026/09/22 19:53:07 - mmengine - INFO - Epoch(train) [153][10/25]  base_lr: 2.988810e-04 lr: 2.988810e-04  eta: 0:07:28  time: 0.313123  data_time: 0.108011  memory: 5901  grad_norm: 0.217590  loss: 0.045638  loss_kpt: 0.045638  acc_pose: 1.000000
2026/09/22 19:53:10 - mmengine - INFO - Epoch(train) [153][20/25]  base_lr: 2.960696e-04 lr: 2.960696e-04  eta: 0:07:24  time: 0.310945  data_time: 0.105853  memory: 5901  grad_norm: 0.218506  loss: 0.045379  loss_kpt: 0.045379  acc_pose: 1.000000
2026/09/22 19:53:11 - mmengine - INFO - Exp name: rtmpose-m_lumbar-coco2000_1stage_20260922_193248
2026/09/22 19:53:15 - mmengine - INFO - Epoch(train) [154][10/25]  base_lr: 2.918436e-04 lr: 2.918436e-04  eta: 0:07:20  time: 0.308346  data_time: 0.103800  memory: 5901  grad_norm: 0.217973  loss: 0.044767  loss_kpt: 0.044767  acc_pose: 1.000000
2026/09/22 19:53:17 - mmengine - INFO - Epoch(train) [154][20/25]  base_lr: 2.890209e-04 lr: 2.890209e-04  eta: 0:07:16  time: 0.308894  data_time: 0.104265  memory: 5901  grad_norm: 0.217588  loss: 0.044647  loss_kpt: 0.044647  acc_pose: 1.000000
2026/09/22 19:53:18 - mmengine - INFO - Exp name: rtmpose-m_lumbar-coco2000_1stage_20260922_193248
2026/09/22 19:53:23 - mmengine - INFO - Epoch(train) [155][10/25]  base_lr: 2.847800e-04 lr: 2.847800e-04  eta: 0:07:12  time: 0.310007  data_time: 0.107503  memory: 5901  grad_norm: 0.225335  loss: 0.044832  loss_kpt: 0.044832  acc_pose: 1.000000
2026/09/22 19:53:25 - mmengine - INFO - Epoch(train) [155][20/25]  base_lr: 2.819486e-04 lr: 2.819486e-04  eta: 0:07:09  time: 0.309866  data_time: 0.107668  memory: 5901  grad_norm: 0.228964  loss: 0.044442  loss_kpt: 0.044442  acc_pose: 1.000000
2026/09/22 19:53:26 - mmengine - INFO - Exp name: rtmpose-m_lumbar-coco2000_1stage_20260922_193248
2026/09/22 19:53:30 - mmengine - INFO - Epoch(train) [156][10/25]  base_lr: 2.776964e-04 lr: 2.776964e-04  eta: 0:07:04  time: 0.305096  data_time: 0.102625  memory: 5901  grad_norm: 0.240093  loss: 0.044953  loss_kpt: 0.044953  acc_pose: 1.000000
2026/09/22 19:53:33 - mmengine - INFO - Epoch(train) [156][20/25]  base_lr: 2.748588e-04 lr: 2.748588e-04  eta: 0:07:01  time: 0.312384  data_time: 0.109885  memory: 5901  grad_norm: 0.240718  loss: 0.044746  loss_kpt: 0.044746  acc_pose: 1.000000
2026/09/22 19:53:34 - mmengine - INFO - Exp name: rtmpose-m_lumbar-coco2000_1stage_20260922_193248
2026/09/22 19:53:38 - mmengine - INFO - Epoch(train) [157][10/25]  base_lr: 2.705993e-04 lr: 2.705993e-04  eta: 0:06:56  time: 0.306976  data_time: 0.104710  memory: 5901  grad_norm: 0.224002  loss: 0.044206  loss_kpt: 0.044206  acc_pose: 1.000000
2026/09/22 19:53:41 - mmengine - INFO - Epoch(train) [157][20/25]  base_lr: 2.677580e-04 lr: 2.677580e-04  eta: 0:06:53  time: 0.311826  data_time: 0.109190  memory: 5901  grad_norm: 0.217474  loss: 0.044161  loss_kpt: 0.044161  acc_pose: 0.998580
2026/09/22 19:53:42 - mmengine - INFO - Exp name: rtmpose-m_lumbar-coco2000_1stage_20260922_193248
2026/09/22 19:53:46 - mmengine - INFO - Epoch(train) [158][10/25]  base_lr: 2.634948e-04 lr: 2.634948e-04  eta: 0:06:49  time: 0.317721  data_time: 0.115812  memory: 5901  grad_norm: 0.204206  loss: 0.043425  loss_kpt: 0.043425  acc_pose: 1.000000
2026/09/22 19:53:48 - mmengine - INFO - Epoch(train) [158][20/25]  base_lr: 2.606525e-04 lr: 2.606525e-04  eta: 0:06:45  time: 0.309480  data_time: 0.107349  memory: 5901  grad_norm: 0.210717  loss: 0.043477  loss_kpt: 0.043477  acc_pose: 1.000000
2026/09/22 19:53:50 - mmengine - INFO - Exp name: rtmpose-m_lumbar-coco2000_1stage_20260922_193248
2026/09/22 19:53:54 - mmengine - INFO - Epoch(train) [159][10/25]  base_lr: 2.563895e-04 lr: 2.563895e-04  eta: 0:06:41  time: 0.309026  data_time: 0.104931  memory: 5901  grad_norm: 0.225687  loss: 0.043987  loss_kpt: 0.043987  acc_pose: 1.000000
2026/09/22 19:53:56 - mmengine - INFO - Epoch(train) [159][20/25]  base_lr: 2.535486e-04 lr: 2.535486e-04  eta: 0:06:38  time: 0.311379  data_time: 0.107055  memory: 5901  grad_norm: 0.229984  loss: 0.044039  loss_kpt: 0.044039  acc_pose: 1.000000
2026/09/22 19:53:57 - mmengine - INFO - Exp name: rtmpose-m_lumbar-coco2000_1stage_20260922_193248
2026/09/22 19:54:02 - mmengine - INFO - Epoch(train) [160][10/25]  base_lr: 2.492897e-04 lr: 2.492897e-04  eta: 0:06:33  time: 0.312284  data_time: 0.108303  memory: 5901  grad_norm: 0.230528  loss: 0.043608  loss_kpt: 0.043608  acc_pose: 1.000000
2026/09/22 19:54:04 - mmengine - INFO - Epoch(train) [160][20/25]  base_lr: 2.464527e-04 lr: 2.464527e-04  eta: 0:06:30  time: 0.315570  data_time: 0.111857  memory: 5901  grad_norm: 0.222960  loss: 0.043398  loss_kpt: 0.043398  acc_pose: 1.000000
2026/09/22 19:54:05 - mmengine - INFO - Exp name: rtmpose-m_lumbar-coco2000_1stage_20260922_193248
2026/09/22 19:54:05 - mmengine - INFO - Saving checkpoint at 160 epochs
2026/09/22 19:54:07 - mmengine - INFO - Epoch(val) [160][10/13]    eta: 0:00:00  time: 0.071151  data_time: 0.049049  memory: 5901  
2026/09/22 19:54:07 - mmengine - INFO - Evaluating CocoMetric...
2026/09/22 19:54:07 - mmengine - INFO - Evaluating PCKAccuracy (normalized by ``"bbox_size"``)...
2026/09/22 19:54:07 - mmengine - INFO - Evaluating PCKAccuracy (normalized by ``"bbox_size"``)...
2026/09/22 19:54:07 - mmengine - INFO - Evaluating PCKAccuracy (normalized by ``"bbox_size"``)...
2026/09/22 19:54:07 - mmengine - INFO - Evaluating PCKAccuracy (normalized by ``"bbox_size"``)...
2026/09/22 19:54:07 - mmengine - INFO - Epoch(val) [160][13/13]    coco/AP: 0.989064  coco/AP .5: 0.990050  coco/AP .75: 0.990050  coco/AP (M): -1.000000  coco/AP (L): 0.989064  coco/AR: 0.993500  coco/AR .5: 0.995000  coco/AR .75: 0.995000  coco/AR (M): -1.000000  coco/AR (L): 0.993500  PCK@0.05/PCK: 0.993864  PCK@0.03/PCK: 0.989545  PCK@0.02/PCK: 0.979773  PCK@0.01/PCK: 0.879091  data_time: 0.044879  time: 0.066346
2026/09/22 19:54:11 - mmengine - INFO - Epoch(train) [161][10/25]  base_lr: 2.422017e-04 lr: 2.422017e-04  eta: 0:06:25  time: 0.317928  data_time: 0.116222  memory: 5901  grad_norm: 0.216295  loss: 0.042574  loss_kpt: 0.042574  acc_pose: 1.000000
2026/09/22 19:54:13 - mmengine - INFO - Epoch(train) [161][20/25]  base_lr: 2.393712e-04 lr: 2.393712e-04  eta: 0:06:22  time: 0.313156  data_time: 0.111947  memory: 5901  grad_norm: 0.216721  loss: 0.042396  loss_kpt: 0.042396  acc_pose: 1.000000
2026/09/22 19:54:15 - mmengine - INFO - Exp name: rtmpose-m_lumbar-coco2000_1stage_20260922_193248
2026/09/22 19:54:19 - mmengine - INFO - Epoch(train) [162][10/25]  base_lr: 2.351318e-04 lr: 2.351318e-04  eta: 0:06:18  time: 0.312206  data_time: 0.109600  memory: 5901  grad_norm: 0.217456  loss: 0.042164  loss_kpt: 0.042164  acc_pose: 1.000000
2026/09/22 19:54:21 - mmengine - INFO - Epoch(train) [162][20/25]  base_lr: 2.323104e-04 lr: 2.323104e-04  eta: 0:06:14  time: 0.314236  data_time: 0.111011  memory: 5901  grad_norm: 0.219094  loss: 0.041688  loss_kpt: 0.041688  acc_pose: 1.000000
2026/09/22 19:54:22 - mmengine - INFO - Exp name: rtmpose-m_lumbar-coco2000_1stage_20260922_193248
2026/09/22 19:54:27 - mmengine - INFO - Epoch(train) [163][10/25]  base_lr: 2.280865e-04 lr: 2.280865e-04  eta: 0:06:10  time: 0.316750  data_time: 0.113732  memory: 5901  grad_norm: 0.213674  loss: 0.041262  loss_kpt: 0.041262  acc_pose: 1.000000
2026/09/22 19:54:29 - mmengine - INFO - Epoch(train) [163][20/25]  base_lr: 2.252766e-04 lr: 2.252766e-04  eta: 0:06:07  time: 0.317302  data_time: 0.113757  memory: 5901  grad_norm: 0.211261  loss: 0.040910  loss_kpt: 0.040910  acc_pose: 1.000000
2026/09/22 19:54:31 - mmengine - INFO - Exp name: rtmpose-m_lumbar-coco2000_1stage_20260922_193248
2026/09/22 19:54:35 - mmengine - INFO - Epoch(train) [164][10/25]  base_lr: 2.210720e-04 lr: 2.210720e-04  eta: 0:06:02  time: 0.316366  data_time: 0.112820  memory: 5901  grad_norm: 0.218882  loss: 0.041324  loss_kpt: 0.041324  acc_pose: 1.000000
2026/09/22 19:54:37 - mmengine - INFO - Epoch(train) [164][20/25]  base_lr: 2.182762e-04 lr: 2.182762e-04  eta: 0:05:59  time: 0.317869  data_time: 0.113306  memory: 5901  grad_norm: 0.220045  loss: 0.041357  loss_kpt: 0.041357  acc_pose: 0.999290
2026/09/22 19:54:38 - mmengine - INFO - Exp name: rtmpose-m_lumbar-coco2000_1stage_20260922_193248
2026/09/22 19:54:43 - mmengine - INFO - Epoch(train) [165][10/25]  base_lr: 2.140945e-04 lr: 2.140945e-04  eta: 0:05:54  time: 0.311807  data_time: 0.107343  memory: 5901  grad_norm: 0.219816  loss: 0.041085  loss_kpt: 0.041085  acc_pose: 1.000000
2026/09/22 19:54:45 - mmengine - INFO - Epoch(train) [165][20/25]  base_lr: 2.113153e-04 lr: 2.113153e-04  eta: 0:05:51  time: 0.315988  data_time: 0.112106  memory: 5901  grad_norm: 0.225793  loss: 0.041274  loss_kpt: 0.041274  acc_pose: 1.000000
2026/09/22 19:54:46 - mmengine - INFO - Exp name: rtmpose-m_lumbar-coco2000_1stage_20260922_193248
2026/09/22 19:54:50 - mmengine - INFO - Epoch(train) [166][10/25]  base_lr: 2.071604e-04 lr: 2.071604e-04  eta: 0:05:47  time: 0.314753  data_time: 0.111036  memory: 5901  grad_norm: 0.229217  loss: 0.040919  loss_kpt: 0.040919  acc_pose: 1.000000
2026/09/22 19:54:53 - mmengine - INFO - Epoch(train) [166][20/25]  base_lr: 2.044003e-04 lr: 2.044003e-04  eta: 0:05:43  time: 0.313668  data_time: 0.111483  memory: 5901  grad_norm: 0.229799  loss: 0.041148  loss_kpt: 0.041148  acc_pose: 1.000000
2026/09/22 19:54:54 - mmengine - INFO - Exp name: rtmpose-m_lumbar-coco2000_1stage_20260922_193248
2026/09/22 19:54:58 - mmengine - INFO - Epoch(train) [167][10/25]  base_lr: 2.002758e-04 lr: 2.002758e-04  eta: 0:05:39  time: 0.314518  data_time: 0.111748  memory: 5901  grad_norm: 0.232300  loss: 0.040988  loss_kpt: 0.040988  acc_pose: 1.000000
2026/09/22 19:55:01 - mmengine - INFO - Epoch(train) [167][20/25]  base_lr: 1.975372e-04 lr: 1.975372e-04  eta: 0:05:35  time: 0.310252  data_time: 0.107273  memory: 5901  grad_norm: 0.236517  loss: 0.041358  loss_kpt: 0.041358  acc_pose: 1.000000
2026/09/22 19:55:02 - mmengine - INFO - Exp name: rtmpose-m_lumbar-coco2000_1stage_20260922_193248
2026/09/22 19:55:06 - mmengine - INFO - Epoch(train) [168][10/25]  base_lr: 1.934469e-04 lr: 1.934469e-04  eta: 0:05:31  time: 0.318562  data_time: 0.112385  memory: 5901  grad_norm: 0.233713  loss: 0.040869  loss_kpt: 0.040869  acc_pose: 1.000000
2026/09/22 19:55:09 - mmengine - INFO - Epoch(train) [168][20/25]  base_lr: 1.907323e-04 lr: 1.907323e-04  eta: 0:05:28  time: 0.312344  data_time: 0.106503  memory: 5901  grad_norm: 0.244324  loss: 0.040469  loss_kpt: 0.040469  acc_pose: 1.000000
2026/09/22 19:55:10 - mmengine - INFO - Exp name: rtmpose-m_lumbar-coco2000_1stage_20260922_193248
2026/09/22 19:55:14 - mmengine - INFO - Epoch(train) [169][10/25]  base_lr: 1.866798e-04 lr: 1.866798e-04  eta: 0:05:23  time: 0.317449  data_time: 0.111917  memory: 5901  grad_norm: 0.257163  loss: 0.040996  loss_kpt: 0.040996  acc_pose: 1.000000
2026/09/22 19:55:17 - mmengine - INFO - Epoch(train) [169][20/25]  base_lr: 1.839917e-04 lr: 1.839917e-04  eta: 0:05:20  time: 0.317277  data_time: 0.111900  memory: 5901  grad_norm: 0.250884  loss: 0.040168  loss_kpt: 0.040168  acc_pose: 1.000000
2026/09/22 19:55:18 - mmengine - INFO - Exp name: rtmpose-m_lumbar-coco2000_1stage_20260922_193248
2026/09/22 19:55:22 - mmengine - INFO - Epoch(train) [170][10/25]  base_lr: 1.799806e-04 lr: 1.799806e-04  eta: 0:05:16  time: 0.314457  data_time: 0.109541  memory: 5901  grad_norm: 0.240913  loss: 0.039761  loss_kpt: 0.039761  acc_pose: 0.999290
2026/09/22 19:55:25 - mmengine - INFO - Epoch(train) [170][20/25]  base_lr: 1.773213e-04 lr: 1.773213e-04  eta: 0:05:12  time: 0.318623  data_time: 0.112919  memory: 5901  grad_norm: 0.222965  loss: 0.039342  loss_kpt: 0.039342  acc_pose: 1.000000
2026/09/22 19:55:26 - mmengine - INFO - Exp name: rtmpose-m_lumbar-coco2000_1stage_20260922_193248
2026/09/22 19:55:26 - mmengine - INFO - Saving checkpoint at 170 epochs
2026/09/22 19:55:27 - mmengine - INFO - Epoch(val) [170][10/13]    eta: 0:00:00  time: 0.070951  data_time: 0.048687  memory: 5901  
2026/09/22 19:55:27 - mmengine - INFO - Evaluating CocoMetric...
2026/09/22 19:55:27 - mmengine - INFO - Evaluating PCKAccuracy (normalized by ``"bbox_size"``)...
2026/09/22 19:55:27 - mmengine - INFO - Evaluating PCKAccuracy (normalized by ``"bbox_size"``)...
2026/09/22 19:55:27 - mmengine - INFO - Evaluating PCKAccuracy (normalized by ``"bbox_size"``)...
2026/09/22 19:55:27 - mmengine - INFO - Evaluating PCKAccuracy (normalized by ``"bbox_size"``)...
2026/09/22 19:55:27 - mmengine - INFO - Epoch(val) [170][13/13]    coco/AP: 0.989034  coco/AP .5: 0.990050  coco/AP .75: 0.990050  coco/AP (M): -1.000000  coco/AP (L): 0.989034  coco/AR: 0.993500  coco/AR .5: 0.995000  coco/AR .75: 0.995000  coco/AR (M): -1.000000  coco/AR (L): 0.993500  PCK@0.05/PCK: 0.993636  PCK@0.03/PCK: 0.989318  PCK@0.02/PCK: 0.978409  PCK@0.01/PCK: 0.882500  data_time: 0.044194  time: 0.066229
2026/09/22 19:55:32 - mmengine - INFO - Epoch(train) [171][10/25]  base_lr: 1.733553e-04 lr: 1.733553e-04  eta: 0:05:08  time: 0.315680  data_time: 0.109470  memory: 5901  grad_norm: 0.201055  loss: 0.038176  loss_kpt: 0.038176  acc_pose: 1.000000
2026/09/22 19:55:34 - mmengine - INFO - Epoch(train) [171][20/25]  base_lr: 1.707271e-04 lr: 1.707271e-04  eta: 0:05:04  time: 0.313469  data_time: 0.107320  memory: 5901  grad_norm: 0.190437  loss: 0.038267  loss_kpt: 0.038267  acc_pose: 0.999290
2026/09/22 19:55:35 - mmengine - INFO - Exp name: rtmpose-m_lumbar-coco2000_1stage_20260922_193248
2026/09/22 19:55:39 - mmengine - INFO - Epoch(train) [172][10/25]  base_lr: 1.668097e-04 lr: 1.668097e-04  eta: 0:05:00  time: 0.310949  data_time: 0.108136  memory: 5901  grad_norm: 0.192921  loss: 0.038406  loss_kpt: 0.038406  acc_pose: 1.000000
2026/09/22 19:55:42 - mmengine - INFO - Epoch(train) [172][20/25]  base_lr: 1.642152e-04 lr: 1.642152e-04  eta: 0:04:57  time: 0.309491  data_time: 0.106815  memory: 5901  grad_norm: 0.202749  loss: 0.038244  loss_kpt: 0.038244  acc_pose: 1.000000
2026/09/22 19:55:43 - mmengine - INFO - Exp name: rtmpose-m_lumbar-coco2000_1stage_20260922_193248
2026/09/22 19:55:47 - mmengine - INFO - Epoch(train) [173][10/25]  base_lr: 1.603498e-04 lr: 1.603498e-04  eta: 0:04:52  time: 0.310731  data_time: 0.109129  memory: 5901  grad_norm: 0.211707  loss: 0.038206  loss_kpt: 0.038206  acc_pose: 1.000000
2026/09/22 19:55:49 - mmengine - INFO - Epoch(train) [173][20/25]  base_lr: 1.577912e-04 lr: 1.577912e-04  eta: 0:04:49  time: 0.311090  data_time: 0.110082  memory: 5901  grad_norm: 0.215156  loss: 0.037708  loss_kpt: 0.037708  acc_pose: 1.000000
2026/09/22 19:55:50 - mmengine - INFO - Exp name: rtmpose-m_lumbar-coco2000_1stage_20260922_193248
2026/09/22 19:55:55 - mmengine - INFO - Epoch(train) [174][10/25]  base_lr: 1.539814e-04 lr: 1.539814e-04  eta: 0:04:44  time: 0.311870  data_time: 0.112504  memory: 5901  grad_norm: 0.215999  loss: 0.037563  loss_kpt: 0.037563  acc_pose: 1.000000
2026/09/22 19:55:57 - mmengine - INFO - Epoch(train) [174][20/25]  base_lr: 1.514609e-04 lr: 1.514609e-04  eta: 0:04:41  time: 0.308176  data_time: 0.110121  memory: 5901  grad_norm: 0.207770  loss: 0.037475  loss_kpt: 0.037475  acc_pose: 1.000000
2026/09/22 19:55:58 - mmengine - INFO - Exp name: rtmpose-m_lumbar-coco2000_1stage_20260922_193248
2026/09/22 19:56:02 - mmengine - INFO - Epoch(train) [175][10/25]  base_lr: 1.477101e-04 lr: 1.477101e-04  eta: 0:04:37  time: 0.303974  data_time: 0.106659  memory: 5901  grad_norm: 0.200121  loss: 0.037406  loss_kpt: 0.037406  acc_pose: 1.000000
2026/09/22 19:56:05 - mmengine - INFO - Epoch(train) [175][20/25]  base_lr: 1.452300e-04 lr: 1.452300e-04  eta: 0:04:33  time: 0.307010  data_time: 0.109189  memory: 5901  grad_norm: 0.204430  loss: 0.037620  loss_kpt: 0.037620  acc_pose: 1.000000
2026/09/22 19:56:06 - mmengine - INFO - Exp name: rtmpose-m_lumbar-coco2000_1stage_20260922_193248
2026/09/22 19:56:10 - mmengine - INFO - Epoch(train) [176][10/25]  base_lr: 1.415415e-04 lr: 1.415415e-04  eta: 0:04:29  time: 0.306109  data_time: 0.108532  memory: 5901  grad_norm: 0.195617  loss: 0.036989  loss_kpt: 0.036989  acc_pose: 1.000000
2026/09/22 19:56:13 - mmengine - INFO - Epoch(train) [176][20/25]  base_lr: 1.391041e-04 lr: 1.391041e-04  eta: 0:04:26  time: 0.310967  data_time: 0.113268  memory: 5901  grad_norm: 0.193740  loss: 0.036731  loss_kpt: 0.036731  acc_pose: 1.000000
2026/09/22 19:56:14 - mmengine - INFO - Exp name: rtmpose-m_lumbar-coco2000_1stage_20260922_193248
2026/09/22 19:56:18 - mmengine - INFO - Epoch(train) [177][10/25]  base_lr: 1.354812e-04 lr: 1.354812e-04  eta: 0:04:21  time: 0.308955  data_time: 0.111541  memory: 5901  grad_norm: 0.200886  loss: 0.036477  loss_kpt: 0.036477  acc_pose: 1.000000
2026/09/22 19:56:20 - mmengine - INFO - Epoch(train) [177][20/25]  base_lr: 1.330886e-04 lr: 1.330886e-04  eta: 0:04:18  time: 0.311849  data_time: 0.114945  memory: 5901  grad_norm: 0.194013  loss: 0.036178  loss_kpt: 0.036178  acc_pose: 1.000000
2026/09/22 19:56:21 - mmengine - INFO - Exp name: rtmpose-m_lumbar-coco2000_1stage_20260922_193248
2026/09/22 19:56:25 - mmengine - INFO - Epoch(train) [178][10/25]  base_lr: 1.295346e-04 lr: 1.295346e-04  eta: 0:04:13  time: 0.305699  data_time: 0.108716  memory: 5901  grad_norm: 0.199709  loss: 0.036196  loss_kpt: 0.036196  acc_pose: 1.000000
2026/09/22 19:56:28 - mmengine - INFO - Epoch(train) [178][20/25]  base_lr: 1.271890e-04 lr: 1.271890e-04  eta: 0:04:10  time: 0.305326  data_time: 0.107994  memory: 5901  grad_norm: 0.199216  loss: 0.036210  loss_kpt: 0.036210  acc_pose: 1.000000
2026/09/22 19:56:29 - mmengine - INFO - Exp name: rtmpose-m_lumbar-coco2000_1stage_20260922_193248
2026/09/22 19:56:33 - mmengine - INFO - Epoch(train) [179][10/25]  base_lr: 1.237071e-04 lr: 1.237071e-04  eta: 0:04:05  time: 0.310540  data_time: 0.113172  memory: 5901  grad_norm: 0.199409  loss: 0.036065  loss_kpt: 0.036065  acc_pose: 1.000000
2026/09/22 19:56:35 - mmengine - INFO - Epoch(train) [179][20/25]  base_lr: 1.214105e-04 lr: 1.214105e-04  eta: 0:04:02  time: 0.304185  data_time: 0.106957  memory: 5901  grad_norm: 0.198277  loss: 0.036083  loss_kpt: 0.036083  acc_pose: 0.999290
2026/09/22 19:56:37 - mmengine - INFO - Exp name: rtmpose-m_lumbar-coco2000_1stage_20260922_193248
2026/09/22 19:56:41 - mmengine - INFO - Epoch(train) [180][10/25]  base_lr: 1.180037e-04 lr: 1.180037e-04  eta: 0:03:58  time: 0.308139  data_time: 0.111338  memory: 5901  grad_norm: 0.192910  loss: 0.035721  loss_kpt: 0.035721  acc_pose: 1.000000
2026/09/22 19:56:43 - mmengine - INFO - Epoch(train) [180][20/25]  base_lr: 1.157583e-04 lr: 1.157583e-04  eta: 0:03:54  time: 0.303174  data_time: 0.106790  memory: 5901  grad_norm: 0.195414  loss: 0.035459  loss_kpt: 0.035459  acc_pose: 1.000000
2026/09/22 19:56:44 - mmengine - INFO - Exp name: rtmpose-m_lumbar-coco2000_1stage_20260922_193248
2026/09/22 19:56:44 - mmengine - INFO - Saving checkpoint at 180 epochs
2026/09/22 19:56:45 - mmengine - INFO - Epoch(val) [180][10/13]    eta: 0:00:00  time: 0.071163  data_time: 0.049083  memory: 5901  
2026/09/22 19:56:46 - mmengine - INFO - Evaluating CocoMetric...
2026/09/22 19:56:46 - mmengine - INFO - Evaluating PCKAccuracy (normalized by ``"bbox_size"``)...
2026/09/22 19:56:46 - mmengine - INFO - Evaluating PCKAccuracy (normalized by ``"bbox_size"``)...
2026/09/22 19:56:46 - mmengine - INFO - Evaluating PCKAccuracy (normalized by ``"bbox_size"``)...
2026/09/22 19:56:46 - mmengine - INFO - Evaluating PCKAccuracy (normalized by ``"bbox_size"``)...
2026/09/22 19:56:46 - mmengine - INFO - Epoch(val) [180][13/13]    coco/AP: 0.989014  coco/AP .5: 0.990050  coco/AP .75: 0.990050  coco/AP (M): -1.000000  coco/AP (L): 0.989014  coco/AR: 0.993000  coco/AR .5: 0.995000  coco/AR .75: 0.995000  coco/AR (M): -1.000000  coco/AR (L): 0.993000  PCK@0.05/PCK: 0.993409  PCK@0.03/PCK: 0.989545  PCK@0.02/PCK: 0.980227  PCK@0.01/PCK: 0.879545  data_time: 0.045990  time: 0.066619
2026/09/22 19:56:50 - mmengine - INFO - Epoch(train) [181][10/25]  base_lr: 1.124298e-04 lr: 1.124298e-04  eta: 0:03:50  time: 0.303795  data_time: 0.107392  memory: 5901  grad_norm: 0.194482  loss: 0.035328  loss_kpt: 0.035328  acc_pose: 1.000000
2026/09/22 19:56:52 - mmengine - INFO - Epoch(train) [181][20/25]  base_lr: 1.102375e-04 lr: 1.102375e-04  eta: 0:03:47  time: 0.302127  data_time: 0.105550  memory: 5901  grad_norm: 0.198866  loss: 0.035059  loss_kpt: 0.035059  acc_pose: 1.000000
2026/09/22 19:56:53 - mmengine - INFO - Exp name: rtmpose-m_lumbar-coco2000_1stage_20260922_193248
2026/09/22 19:56:58 - mmengine - INFO - Epoch(train) [182][10/25]  base_lr: 1.069901e-04 lr: 1.069901e-04  eta: 0:03:42  time: 0.305835  data_time: 0.105499  memory: 5901  grad_norm: 0.206217  loss: 0.035028  loss_kpt: 0.035028  acc_pose: 0.999290
2026/09/22 19:57:00 - mmengine - INFO - Epoch(train) [182][20/25]  base_lr: 1.048530e-04 lr: 1.048530e-04  eta: 0:03:39  time: 0.306835  data_time: 0.106518  memory: 5901  grad_norm: 0.207134  loss: 0.034978  loss_kpt: 0.034978  acc_pose: 1.000000
2026/09/22 19:57:01 - mmengine - INFO - Exp name: rtmpose-m_lumbar-coco2000_1stage_20260922_193248
2026/09/22 19:57:05 - mmengine - INFO - Epoch(train) [183][10/25]  base_lr: 1.016897e-04 lr: 1.016897e-04  eta: 0:03:34  time: 0.306827  data_time: 0.106040  memory: 5901  grad_norm: 0.208970  loss: 0.034915  loss_kpt: 0.034915  acc_pose: 1.000000
2026/09/22 19:57:07 - mmengine - INFO - Epoch(train) [183][20/25]  base_lr: 9.960952e-05 lr: 9.960952e-05  eta: 0:03:31  time: 0.306544  data_time: 0.105787  memory: 5901  grad_norm: 0.208774  loss: 0.034839  loss_kpt: 0.034839  acc_pose: 1.000000
2026/09/22 19:57:09 - mmengine - INFO - Exp name: rtmpose-m_lumbar-coco2000_1stage_20260922_193248
2026/09/22 19:57:13 - mmengine - INFO - Epoch(train) [184][10/25]  base_lr: 9.653316e-05 lr: 9.653316e-05  eta: 0:03:26  time: 0.303498  data_time: 0.104593  memory: 5901  grad_norm: 0.209989  loss: 0.034976  loss_kpt: 0.034976  acc_pose: 1.000000
2026/09/22 19:57:15 - mmengine - INFO - Epoch(train) [184][20/25]  base_lr: 9.451190e-05 lr: 9.451190e-05  eta: 0:03:23  time: 0.308336  data_time: 0.109557  memory: 5901  grad_norm: 0.209036  loss: 0.034897  loss_kpt: 0.034897  acc_pose: 1.000000
2026/09/22 19:57:16 - mmengine - INFO - Exp name: rtmpose-m_lumbar-coco2000_1stage_20260922_193248
2026/09/22 19:57:21 - mmengine - INFO - Epoch(train) [185][10/25]  base_lr: 9.152522e-05 lr: 9.152522e-05  eta: 0:03:19  time: 0.308919  data_time: 0.110866  memory: 5901  grad_norm: 0.202781  loss: 0.034724  loss_kpt: 0.034724  acc_pose: 1.000000
2026/09/22 19:57:23 - mmengine - INFO - Epoch(train) [185][20/25]  base_lr: 8.956465e-05 lr: 8.956465e-05  eta: 0:03:15  time: 0.308187  data_time: 0.110184  memory: 5901  grad_norm: 0.208103  loss: 0.035027  loss_kpt: 0.035027  acc_pose: 1.000000
2026/09/22 19:57:24 - mmengine - INFO - Exp name: rtmpose-m_lumbar-coco2000_1stage_20260922_193248
2026/09/22 19:57:28 - mmengine - INFO - Epoch(train) [186][10/25]  base_lr: 8.667033e-05 lr: 8.667033e-05  eta: 0:03:11  time: 0.305378  data_time: 0.108035  memory: 5901  grad_norm: 0.202282  loss: 0.034877  loss_kpt: 0.034877  acc_pose: 1.000000
2026/09/22 19:57:31 - mmengine - INFO - Epoch(train) [186][20/25]  base_lr: 8.477220e-05 lr: 8.477220e-05  eta: 0:03:08  time: 0.307104  data_time: 0.109333  memory: 5901  grad_norm: 0.204127  loss: 0.035027  loss_kpt: 0.035027  acc_pose: 0.999290
2026/09/22 19:57:32 - mmengine - INFO - Exp name: rtmpose-m_lumbar-coco2000_1stage_20260922_193248
2026/09/22 19:57:36 - mmengine - INFO - Epoch(train) [187][10/25]  base_lr: 8.197283e-05 lr: 8.197283e-05  eta: 0:03:03  time: 0.304661  data_time: 0.106162  memory: 5901  grad_norm: 0.200893  loss: 0.035137  loss_kpt: 0.035137  acc_pose: 1.000000
2026/09/22 19:57:38 - mmengine - INFO - Epoch(train) [187][20/25]  base_lr: 8.013884e-05 lr: 8.013884e-05  eta: 0:03:00  time: 0.311727  data_time: 0.113225  memory: 5901  grad_norm: 0.189692  loss: 0.034547  loss_kpt: 0.034547  acc_pose: 1.000000
2026/09/22 19:57:40 - mmengine - INFO - Exp name: rtmpose-m_lumbar-coco2000_1stage_20260922_193248
2026/09/22 19:57:44 - mmengine - INFO - Epoch(train) [188][10/25]  base_lr: 7.743692e-05 lr: 7.743692e-05  eta: 0:02:55  time: 0.312174  data_time: 0.114047  memory: 5901  grad_norm: 0.189129  loss: 0.034078  loss_kpt: 0.034078  acc_pose: 1.000000
2026/09/22 19:57:46 - mmengine - INFO - Epoch(train) [188][20/25]  base_lr: 7.566872e-05 lr: 7.566872e-05  eta: 0:02:52  time: 0.308382  data_time: 0.110197  memory: 5901  grad_norm: 0.187117  loss: 0.033980  loss_kpt: 0.033980  acc_pose: 1.000000
2026/09/22 19:57:47 - mmengine - INFO - Exp name: rtmpose-m_lumbar-coco2000_1stage_20260922_193248
2026/09/22 19:57:52 - mmengine - INFO - Epoch(train) [189][10/25]  base_lr: 7.306667e-05 lr: 7.306667e-05  eta: 0:02:47  time: 0.313190  data_time: 0.114768  memory: 5901  grad_norm: 0.185569  loss: 0.033741  loss_kpt: 0.033741  acc_pose: 1.000000
2026/09/22 19:57:54 - mmengine - INFO - Epoch(train) [189][20/25]  base_lr: 7.136584e-05 lr: 7.136584e-05  eta: 0:02:44  time: 0.311684  data_time: 0.113028  memory: 5901  grad_norm: 0.187402  loss: 0.033510  loss_kpt: 0.033510  acc_pose: 1.000000
2026/09/22 19:57:55 - mmengine - INFO - Exp name: rtmpose-m_lumbar-coco2000_1stage_20260922_193248
2026/09/22 19:58:00 - mmengine - INFO - Epoch(train) [190][10/25]  base_lr: 6.886599e-05 lr: 6.886599e-05  eta: 0:02:40  time: 0.315265  data_time: 0.115922  memory: 5901  grad_norm: 0.182952  loss: 0.033239  loss_kpt: 0.033239  acc_pose: 1.000000
2026/09/22 19:58:02 - mmengine - INFO - Epoch(train) [190][20/25]  base_lr: 6.723405e-05 lr: 6.723405e-05  eta: 0:02:37  time: 0.314241  data_time: 0.115078  memory: 5901  grad_norm: 0.181705  loss: 0.033201  loss_kpt: 0.033201  acc_pose: 1.000000
2026/09/22 19:58:03 - mmengine - INFO - Exp name: rtmpose-m_lumbar-coco2000_1stage_20260922_193248
2026/09/22 19:58:03 - mmengine - INFO - Saving checkpoint at 190 epochs
2026/09/22 19:58:04 - mmengine - INFO - Epoch(val) [190][10/13]    eta: 0:00:00  time: 0.071308  data_time: 0.049414  memory: 5901  
2026/09/22 19:58:04 - mmengine - INFO - Evaluating CocoMetric...
2026/09/22 19:58:04 - mmengine - INFO - Evaluating PCKAccuracy (normalized by ``"bbox_size"``)...
2026/09/22 19:58:04 - mmengine - INFO - Evaluating PCKAccuracy (normalized by ``"bbox_size"``)...
2026/09/22 19:58:04 - mmengine - INFO - Evaluating PCKAccuracy (normalized by ``"bbox_size"``)...
2026/09/22 19:58:04 - mmengine - INFO - Evaluating PCKAccuracy (normalized by ``"bbox_size"``)...
2026/09/22 19:58:04 - mmengine - INFO - Epoch(val) [190][13/13]    coco/AP: 0.988039  coco/AP .5: 0.990050  coco/AP .75: 0.990050  coco/AP (M): -1.000000  coco/AP (L): 0.988039  coco/AR: 0.993000  coco/AR .5: 0.995000  coco/AR .75: 0.995000  coco/AR (M): -1.000000  coco/AR (L): 0.993000  PCK@0.05/PCK: 0.993182  PCK@0.03/PCK: 0.988864  PCK@0.02/PCK: 0.979091  PCK@0.01/PCK: 0.879318  data_time: 0.046748  time: 0.067257
2026/09/22 19:58:09 - mmengine - INFO - Epoch(train) [191][10/25]  base_lr: 6.483864e-05 lr: 6.483864e-05  eta: 0:02:32  time: 0.308153  data_time: 0.109860  memory: 5901  grad_norm: 0.178882  loss: 0.032531  loss_kpt: 0.032531  acc_pose: 0.999290
2026/09/22 19:58:11 - mmengine - INFO - Epoch(train) [191][20/25]  base_lr: 6.327705e-05 lr: 6.327705e-05  eta: 0:02:29  time: 0.306542  data_time: 0.108455  memory: 5901  grad_norm: 0.175312  loss: 0.032559  loss_kpt: 0.032559  acc_pose: 1.000000
2026/09/22 19:58:12 - mmengine - INFO - Exp name: rtmpose-m_lumbar-coco2000_1stage_20260922_193248
2026/09/22 19:58:16 - mmengine - INFO - Epoch(train) [192][10/25]  base_lr: 6.098823e-05 lr: 6.098823e-05  eta: 0:02:24  time: 0.308727  data_time: 0.111964  memory: 5901  grad_norm: 0.172529  loss: 0.032312  loss_kpt: 0.032312  acc_pose: 1.000000
2026/09/22 19:58:19 - mmengine - INFO - Epoch(train) [192][20/25]  base_lr: 5.949838e-05 lr: 5.949838e-05  eta: 0:02:21  time: 0.307198  data_time: 0.110512  memory: 5901  grad_norm: 0.168448  loss: 0.032172  loss_kpt: 0.032172  acc_pose: 1.000000
2026/09/22 19:58:20 - mmengine - INFO - Exp name: rtmpose-m_lumbar-coco2000_1stage_20260922_193248
2026/09/22 19:58:24 - mmengine - INFO - Epoch(train) [193][10/25]  base_lr: 5.731819e-05 lr: 5.731819e-05  eta: 0:02:16  time: 0.308068  data_time: 0.111059  memory: 5901  grad_norm: 0.173615  loss: 0.032492  loss_kpt: 0.032492  acc_pose: 1.000000
2026/09/22 19:58:26 - mmengine - INFO - Epoch(train) [193][20/25]  base_lr: 5.590142e-05 lr: 5.590142e-05  eta: 0:02:13  time: 0.309241  data_time: 0.111831  memory: 5901  grad_norm: 0.174590  loss: 0.032277  loss_kpt: 0.032277  acc_pose: 1.000000
2026/09/22 19:58:27 - mmengine - INFO - Exp name: rtmpose-m_lumbar-coco2000_1stage_20260922_193248
2026/09/22 19:58:32 - mmengine - INFO - Epoch(train) [194][10/25]  base_lr: 5.383182e-05 lr: 5.383182e-05  eta: 0:02:09  time: 0.304650  data_time: 0.106644  memory: 5901  grad_norm: 0.176170  loss: 0.032473  loss_kpt: 0.032473  acc_pose: 1.000000
2026/09/22 19:58:34 - mmengine - INFO - Epoch(train) [194][20/25]  base_lr: 5.248940e-05 lr: 5.248940e-05  eta: 0:02:05  time: 0.305644  data_time: 0.107555  memory: 5901  grad_norm: 0.176740  loss: 0.032312  loss_kpt: 0.032312  acc_pose: 1.000000
2026/09/22 19:58:35 - mmengine - INFO - Exp name: rtmpose-m_lumbar-coco2000_1stage_20260922_193248
2026/09/22 19:58:39 - mmengine - INFO - Epoch(train) [195][10/25]  base_lr: 5.053223e-05 lr: 5.053223e-05  eta: 0:02:01  time: 0.307701  data_time: 0.110045  memory: 5901  grad_norm: 0.174815  loss: 0.032075  loss_kpt: 0.032075  acc_pose: 1.000000
2026/09/22 19:58:42 - mmengine - INFO - Epoch(train) [195][20/25]  base_lr: 4.926537e-05 lr: 4.926537e-05  eta: 0:01:58  time: 0.310575  data_time: 0.113372  memory: 5901  grad_norm: 0.174651  loss: 0.032430  loss_kpt: 0.032430  acc_pose: 0.998580
2026/09/22 19:58:43 - mmengine - INFO - Exp name: rtmpose-m_lumbar-coco2000_1stage_20260922_193248
2026/09/22 19:58:47 - mmengine - INFO - Epoch(train) [196][10/25]  base_lr: 4.742239e-05 lr: 4.742239e-05  eta: 0:01:53  time: 0.309317  data_time: 0.111956  memory: 5901  grad_norm: 0.175277  loss: 0.032288  loss_kpt: 0.032288  acc_pose: 1.000000
2026/09/22 19:58:50 - mmengine - INFO - Epoch(train) [196][20/25]  base_lr: 4.623220e-05 lr: 4.623220e-05  eta: 0:01:50  time: 0.326075  data_time: 0.129166  memory: 5901  grad_norm: 0.177029  loss: 0.032304  loss_kpt: 0.032304  acc_pose: 1.000000
2026/09/22 19:58:51 - mmengine - INFO - Exp name: rtmpose-m_lumbar-coco2000_1stage_20260922_193248
2026/09/22 19:58:56 - mmengine - INFO - Epoch(train) [197][10/25]  base_lr: 4.450506e-05 lr: 4.450506e-05  eta: 0:01:45  time: 0.327043  data_time: 0.126363  memory: 5901  grad_norm: 0.171850  loss: 0.032082  loss_kpt: 0.032082  acc_pose: 1.000000
2026/09/22 19:58:58 - mmengine - INFO - Epoch(train) [197][20/25]  base_lr: 4.339263e-05 lr: 4.339263e-05  eta: 0:01:42  time: 0.324416  data_time: 0.123858  memory: 5901  grad_norm: 0.173088  loss: 0.031839  loss_kpt: 0.031839  acc_pose: 1.000000
2026/09/22 19:58:59 - mmengine - INFO - Exp name: rtmpose-m_lumbar-coco2000_1stage_20260922_193248
2026/09/22 19:59:03 - mmengine - INFO - Epoch(train) [198][10/25]  base_lr: 4.178288e-05 lr: 4.178288e-05  eta: 0:01:37  time: 0.320952  data_time: 0.120636  memory: 5901  grad_norm: 0.172541  loss: 0.031723  loss_kpt: 0.031723  acc_pose: 1.000000
2026/09/22 19:59:06 - mmengine - INFO - Epoch(train) [198][20/25]  base_lr: 4.074919e-05 lr: 4.074919e-05  eta: 0:01:34  time: 0.309147  data_time: 0.108250  memory: 5901  grad_norm: 0.169874  loss: 0.031577  loss_kpt: 0.031577  acc_pose: 1.000000
2026/09/22 19:59:07 - mmengine - INFO - Exp name: rtmpose-m_lumbar-coco2000_1stage_20260922_193248
2026/09/22 19:59:11 - mmengine - INFO - Epoch(train) [199][10/25]  base_lr: 3.925826e-05 lr: 3.925826e-05  eta: 0:01:30  time: 0.303937  data_time: 0.104580  memory: 5901  grad_norm: 0.168993  loss: 0.031066  loss_kpt: 0.031066  acc_pose: 1.000000
2026/09/22 19:59:13 - mmengine - INFO - Epoch(train) [199][20/25]  base_lr: 3.830425e-05 lr: 3.830425e-05  eta: 0:01:27  time: 0.305716  data_time: 0.106155  memory: 5901  grad_norm: 0.167659  loss: 0.030947  loss_kpt: 0.030947  acc_pose: 1.000000
2026/09/22 19:59:14 - mmengine - INFO - Exp name: rtmpose-m_lumbar-coco2000_1stage_20260922_193248
2026/09/22 19:59:18 - mmengine - INFO - Epoch(train) [200][10/25]  base_lr: 3.693348e-05 lr: 3.693348e-05  eta: 0:01:22  time: 0.305162  data_time: 0.105576  memory: 5901  grad_norm: 0.167013  loss: 0.030764  loss_kpt: 0.030764  acc_pose: 1.000000
2026/09/22 19:59:21 - mmengine - INFO - Epoch(train) [200][20/25]  base_lr: 3.605999e-05 lr: 3.605999e-05  eta: 0:01:19  time: 0.306609  data_time: 0.107298  memory: 5901  grad_norm: 0.165787  loss: 0.030548  loss_kpt: 0.030548  acc_pose: 1.000000
2026/09/22 19:59:22 - mmengine - INFO - Exp name: rtmpose-m_lumbar-coco2000_1stage_20260922_193248
2026/09/22 19:59:22 - mmengine - INFO - Saving checkpoint at 200 epochs
2026/09/22 19:59:23 - mmengine - INFO - Epoch(val) [200][10/13]    eta: 0:00:00  time: 0.071509  data_time: 0.049823  memory: 5901  
2026/09/22 19:59:23 - mmengine - INFO - Evaluating CocoMetric...
2026/09/22 19:59:24 - mmengine - INFO - Evaluating PCKAccuracy (normalized by ``"bbox_size"``)...
2026/09/22 19:59:24 - mmengine - INFO - Evaluating PCKAccuracy (normalized by ``"bbox_size"``)...
2026/09/22 19:59:24 - mmengine - INFO - Evaluating PCKAccuracy (normalized by ``"bbox_size"``)...
2026/09/22 19:59:24 - mmengine - INFO - Evaluating PCKAccuracy (normalized by ``"bbox_size"``)...
2026/09/22 19:59:24 - mmengine - INFO - Epoch(val) [200][13/13]    coco/AP: 0.987907  coco/AP .5: 0.990000  coco/AP .75: 0.990000  coco/AP (M): -1.000000  coco/AP (L): 0.987907  coco/AR: 0.992500  coco/AR .5: 0.995000  coco/AR .75: 0.995000  coco/AR (M): -1.000000  coco/AR (L): 0.992500  PCK@0.05/PCK: 0.992955  PCK@0.03/PCK: 0.989545  PCK@0.02/PCK: 0.979091  PCK@0.01/PCK: 0.878864  data_time: 0.047319  time: 0.068055
2026/09/22 19:59:28 - mmengine - INFO - Epoch(train) [201][10/25]  base_lr: 3.481061e-05 lr: 3.481061e-05  eta: 0:01:14  time: 0.307777  data_time: 0.110988  memory: 5901  grad_norm: 0.165232  loss: 0.030872  loss_kpt: 0.030872  acc_pose: 1.000000
2026/09/22 19:59:30 - mmengine - INFO - Epoch(train) [201][20/25]  base_lr: 3.401843e-05 lr: 3.401843e-05  eta: 0:01:11  time: 0.307582  data_time: 0.111127  memory: 5901  grad_norm: 0.163742  loss: 0.030953  loss_kpt: 0.030953  acc_pose: 0.999290
2026/09/22 19:59:31 - mmengine - INFO - Exp name: rtmpose-m_lumbar-coco2000_1stage_20260922_193248
2026/09/22 19:59:35 - mmengine - INFO - Epoch(train) [202][10/25]  base_lr: 3.289155e-05 lr: 3.289155e-05  eta: 0:01:06  time: 0.310856  data_time: 0.114799  memory: 5901  grad_norm: 0.160076  loss: 0.030870  loss_kpt: 0.030870  acc_pose: 0.999290
2026/09/22 19:59:38 - mmengine - INFO - Epoch(train) [202][20/25]  base_lr: 3.218139e-05 lr: 3.218139e-05  eta: 0:01:03  time: 0.304819  data_time: 0.108552  memory: 5901  grad_norm: 0.158594  loss: 0.030700  loss_kpt: 0.030700  acc_pose: 1.000000
2026/09/22 19:59:39 - mmengine - INFO - Exp name: rtmpose-m_lumbar-coco2000_1stage_20260922_193248
2026/09/22 19:59:43 - mmengine - INFO - Epoch(train) [203][10/25]  base_lr: 3.117802e-05 lr: 3.117802e-05  eta: 0:00:59  time: 0.310836  data_time: 0.114466  memory: 5901  grad_norm: 0.156964  loss: 0.030630  loss_kpt: 0.030630  acc_pose: 1.000000
2026/09/22 19:59:46 - mmengine - INFO - Epoch(train) [203][20/25]  base_lr: 3.055051e-05 lr: 3.055051e-05  eta: 0:00:55  time: 0.306083  data_time: 0.109173  memory: 5901  grad_norm: 0.156025  loss: 0.030515  loss_kpt: 0.030515  acc_pose: 1.000000
2026/09/22 19:59:47 - mmengine - INFO - Exp name: rtmpose-m_lumbar-coco2000_1stage_20260922_193248
2026/09/22 19:59:51 - mmengine - INFO - Epoch(train) [204][10/25]  base_lr: 2.967156e-05 lr: 2.967156e-05  eta: 0:00:51  time: 0.304340  data_time: 0.106919  memory: 5901  grad_norm: 0.155479  loss: 0.030668  loss_kpt: 0.030668  acc_pose: 0.999290
2026/09/22 19:59:53 - mmengine - INFO - Epoch(train) [204][20/25]  base_lr: 2.912726e-05 lr: 2.912726e-05  eta: 0:00:48  time: 0.309519  data_time: 0.112271  memory: 5901  grad_norm: 0.156711  loss: 0.031028  loss_kpt: 0.031028  acc_pose: 1.000000
2026/09/22 19:59:54 - mmengine - INFO - Exp name: rtmpose-m_lumbar-coco2000_1stage_20260922_193248
2026/09/22 19:59:58 - mmengine - INFO - Epoch(train) [205][10/25]  base_lr: 2.837351e-05 lr: 2.837351e-05  eta: 0:00:43  time: 0.302689  data_time: 0.105263  memory: 5901  grad_norm: 0.157555  loss: 0.030963  loss_kpt: 0.030963  acc_pose: 1.000000
2026/09/22 20:00:01 - mmengine - INFO - Epoch(train) [205][20/25]  base_lr: 2.791291e-05 lr: 2.791291e-05  eta: 0:00:40  time: 0.308623  data_time: 0.111142  memory: 5901  grad_norm: 0.160216  loss: 0.030960  loss_kpt: 0.030960  acc_pose: 1.000000
2026/09/22 20:00:02 - mmengine - INFO - Exp name: rtmpose-m_lumbar-coco2000_1stage_20260922_193248
2026/09/22 20:00:06 - mmengine - INFO - Epoch(train) [206][10/25]  base_lr: 2.728504e-05 lr: 2.728504e-05  eta: 0:00:35  time: 0.310115  data_time: 0.113109  memory: 5901  grad_norm: 0.161656  loss: 0.030724  loss_kpt: 0.030724  acc_pose: 1.000000
2026/09/22 20:00:08 - mmengine - INFO - Epoch(train) [206][20/25]  base_lr: 2.690855e-05 lr: 2.690855e-05  eta: 0:00:32  time: 0.305464  data_time: 0.108361  memory: 5901  grad_norm: 0.162468  loss: 0.030269  loss_kpt: 0.030269  acc_pose: 1.000000
2026/09/22 20:00:10 - mmengine - INFO - Exp name: rtmpose-m_lumbar-coco2000_1stage_20260922_193248
2026/09/22 20:00:14 - mmengine - INFO - Epoch(train) [207][10/25]  base_lr: 2.640711e-05 lr: 2.640711e-05  eta: 0:00:27  time: 0.308636  data_time: 0.110949  memory: 5901  grad_norm: 0.166110  loss: 0.030390  loss_kpt: 0.030390  acc_pose: 1.000000
2026/09/22 20:00:16 - mmengine - INFO - Epoch(train) [207][20/25]  base_lr: 2.611508e-05 lr: 2.611508e-05  eta: 0:00:24  time: 0.304190  data_time: 0.106899  memory: 5901  grad_norm: 0.167124  loss: 0.030275  loss_kpt: 0.030275  acc_pose: 1.000000
2026/09/22 20:00:18 - mmengine - INFO - Exp name: rtmpose-m_lumbar-coco2000_1stage_20260922_193248
2026/09/22 20:00:22 - mmengine - INFO - Epoch(train) [208][10/25]  base_lr: 2.574052e-05 lr: 2.574052e-05  eta: 0:00:20  time: 0.316444  data_time: 0.118758  memory: 5901  grad_norm: 0.167892  loss: 0.030546  loss_kpt: 0.030546  acc_pose: 1.000000
2026/09/22 20:00:24 - mmengine - INFO - Epoch(train) [208][20/25]  base_lr: 2.553320e-05 lr: 2.553320e-05  eta: 0:00:17  time: 0.317140  data_time: 0.119695  memory: 5901  grad_norm: 0.169988  loss: 0.030746  loss_kpt: 0.030746  acc_pose: 1.000000
2026/09/22 20:00:25 - mmengine - INFO - Exp name: rtmpose-m_lumbar-coco2000_1stage_20260922_193248
2026/09/22 20:00:30 - mmengine - INFO - Epoch(train) [209][10/25]  base_lr: 2.528586e-05 lr: 2.528586e-05  eta: 0:00:12  time: 0.315600  data_time: 0.118610  memory: 5901  grad_norm: 0.165570  loss: 0.030478  loss_kpt: 0.030478  acc_pose: 1.000000
2026/09/22 20:00:32 - mmengine - INFO - Epoch(train) [209][20/25]  base_lr: 2.516344e-05 lr: 2.516344e-05  eta: 0:00:09  time: 0.312737  data_time: 0.115592  memory: 5901  grad_norm: 0.161713  loss: 0.030425  loss_kpt: 0.030425  acc_pose: 1.000000
2026/09/22 20:00:33 - mmengine - INFO - Exp name: rtmpose-m_lumbar-coco2000_1stage_20260922_193248
2026/09/22 20:00:37 - mmengine - INFO - Epoch(train) [210][10/25]  base_lr: 2.504354e-05 lr: 2.504354e-05  eta: 0:00:04  time: 0.308517  data_time: 0.111730  memory: 5901  grad_norm: 0.162385  loss: 0.030148  loss_kpt: 0.030148  acc_pose: 1.000000
2026/09/22 20:00:40 - mmengine - INFO - Epoch(train) [210][20/25]  base_lr: 2.500612e-05 lr: 2.500612e-05  eta: 0:00:01  time: 0.306328  data_time: 0.109057  memory: 5901  grad_norm: 0.159307  loss: 0.029994  loss_kpt: 0.029994  acc_pose: 1.000000
2026/09/22 20:00:41 - mmengine - INFO - Exp name: rtmpose-m_lumbar-coco2000_1stage_20260922_193248
2026/09/22 20:00:41 - mmengine - INFO - Saving checkpoint at 210 epochs
2026/09/22 20:00:42 - mmengine - INFO - Epoch(val) [210][10/13]    eta: 0:00:00  time: 0.072201  data_time: 0.050830  memory: 5901  
2026/09/22 20:00:42 - mmengine - INFO - Evaluating CocoMetric...
2026/09/22 20:00:42 - mmengine - INFO - Evaluating PCKAccuracy (normalized by ``"bbox_size"``)...
2026/09/22 20:00:42 - mmengine - INFO - Evaluating PCKAccuracy (normalized by ``"bbox_size"``)...
2026/09/22 20:00:42 - mmengine - INFO - Evaluating PCKAccuracy (normalized by ``"bbox_size"``)...
2026/09/22 20:00:42 - mmengine - INFO - Evaluating PCKAccuracy (normalized by ``"bbox_size"``)...
2026/09/22 20:00:42 - mmengine - INFO - Epoch(val) [210][13/13]    coco/AP: 0.987928  coco/AP .5: 0.990050  coco/AP .75: 0.990050  coco/AP (M): -1.000000  coco/AP (L): 0.987928  coco/AR: 0.992500  coco/AR .5: 0.995000  coco/AR .75: 0.995000  coco/AR (M): -1.000000  coco/AR (L): 0.992500  PCK@0.05/PCK: 0.992955  PCK@0.03/PCK: 0.989091  PCK@0.02/PCK: 0.978636  PCK@0.01/PCK: 0.880682  data_time: 0.047986  time: 0.069077
