2026/09/15 23:42:20 - mmengine - INFO - 
------------------------------------------------------------
System environment:
    sys.platform: linux
    Python: 3.10.21 (main, Aug 27 2026, 14:42:07) [GCC 14.3.0]
    CUDA available: True
    MUSA available: False
    numpy_random_seed: 21
    GPU 0: NVIDIA GeForce RTX 5070 Ti
    CUDA_HOME: /home/PavYtr/miniconda3/envs/mmpose
    NVCC: Cuda compilation tools, release 13.0, V13.0.88
    GCC: gcc (GCC) 16.2.1 20260810
    PyTorch: 2.14.0+cu130
    PyTorch compiling details: PyTorch built with:
  - GCC 13.3
  - C++ Version: 202002
  - Intel(R) oneAPI Math Kernel Library Version 2024.2-Product Build 20240605 for Intel(R) 64 architecture applications
  - Intel(R) MKL-DNN v3.12.0 (Git Hash 80afa71049cd69a3df32adcccb623b12cd7baa22)
  - OpenMP 201511 (a.k.a. OpenMP 4.5)
  - LAPACK is enabled (usually provided by MKL)
  - NNPACK is enabled
  - CPU capability usage: AVX2
  - CUDA Runtime 13.0
  - NVCC architecture flags: -gencode;arch=compute_75,code=sm_75;-gencode;arch=compute_80,code=sm_80;-gencode;arch=compute_86,code=sm_86;-gencode;arch=compute_90,code=sm_90;-gencode;arch=compute_100,code=sm_100;-gencode;arch=compute_120,code=sm_120
  - CuDNN 92.4  (built against CUDA 13.3)
  - Magma 2.6.1
  - Build settings: BLAS_INFO=mkl, BUILD_TYPE=Release, COMMIT_SHA=08187d9e0fba026dc8217405802ab5381dc88d90, CUDA_FLAGS= -DLIBCUDACXX_ENABLE_SIMPLIFIED_COMPLEX_OPERATIONS -Xfatbin -compress-all -DONNX_NAMESPACE=onnx_torch -gencode arch=compute_75,code=sm_75 -gencode arch=compute_80,code=sm_80 -gencode arch=compute_86,code=sm_86 -gencode arch=compute_90,code=sm_90 -gencode arch=compute_100,code=sm_100 -gencode arch=compute_120,code=sm_120 -Xcudafe --diag_suppress=cc_clobber_ignored,--diag_suppress=field_without_dll_interface,--diag_suppress=base_class_has_different_dll_interface,--diag_suppress=dll_interface_conflict_none_assumed,--diag_suppress=dll_interface_conflict_dllexport_assumed,--diag_suppress=bad_friend_decl --expt-relaxed-constexpr --expt-extended-lambda -Xfatbin -compress-all --threads 2 -compress-mode=size -Wno-deprecated-gpu-targets --expt-extended-lambda -DCUB_WRAPPED_NAMESPACE=at_cuda_detail -DDISABLE_CUSPARSE_DEPRECATED -DCUDA_HAS_FP16=1 -D__CUDA_NO_HALF_OPERATORS__ -D__CUDA_NO_HALF_CONVERSIONS__ -D__CUDA_NO_HALF2_OPERATORS__ -D__CUDA_NO_BFLOAT16_CONVERSIONS__ -DC10_NODEPRECATED, CUDA_VERSION=13.0, CUDNN_VERSION=9.24.0, CXX_COMPILER=/opt/rh/gcc-toolset-13/root/usr/bin/c++, CXX_FLAGS= -fvisibility-inlines-hidden -DUSE_PTHREADPOOL -DNDEBUG -DUSE_KINETO -DHAS_CUPTI -DUSE_FBGEMM -DUSE_MSLK -DUSE_PYTORCH_QNNPACK -DSYMBOLICATE_MOBILE_DEBUG_HANDLE -O2 -fPIC -DC10_NODEPRECATED -Wall -Wextra -Werror=return-type -Werror=non-virtual-dtor -Werror=range-loop-construct -Werror=bool-operation -Wnarrowing -Wno-missing-field-initializers -Wno-unknown-pragmas -Wno-unused-parameter -Wno-strict-overflow -Wno-strict-aliasing -Wno-stringop-overflow -Wsuggest-override -Wno-psabi -Wno-error=old-style-cast -faligned-new -Wno-maybe-uninitialized -fno-math-errno -fno-trapping-math -Werror=format -Wno-dangling-reference -Wno-error=dangling-reference -Wno-stringop-overflow, LAPACK_INFO=mkl, PERF_WITH_AVX=1, PERF_WITH_AVX2=1, TORCH_VERSION=2.14.0, USE_CUDA=1, USE_CUDNN=ON, USE_CUSPARSELT=1, USE_GFLAGS=OFF, USE_GLOG=OFF, USE_GLOO=ON, USE_HIPSPARSELT=OFF, USE_MKL=ON, USE_MKLDNN=ON, USE_MPI=OFF, USE_NCCL=ON, USE_NNPACK=ON, USE_OPENMP=ON, USE_ROCM=OFF, USE_ROCM_KERNEL_ASSERT=OFF, USE_XCCL=OFF, USE_XPU=OFF, 

    TorchVision: 0.29.0+cu130
    OpenCV: 4.14.0
    MMEngine: 0.10.7

Runtime environment:
    cudnn_benchmark: False
    mp_cfg: {'mp_start_method': 'fork', 'opencv_num_threads': 0}
    dist_cfg: {'backend': 'nccl'}
    seed: 21
    Distributed launcher: none
    Distributed training: False
    GPU number: 1
------------------------------------------------------------

2026/09/15 23:42:20 - mmengine - INFO - Config:
auto_scale_lr = dict(base_batch_size=32)
backend_args = dict(backend='local')
base_lr = 0.0005
codec = dict(
    input_size=(
        256,
        512,
    ),
    normalize=False,
    sigma=(
        6.0,
        9.0,
    ),
    simcc_split_ratio=2.0,
    type='SimCCLabel',
    use_dark=False)
custom_hooks = [
    dict(
        ema_type='ExpMomentumEMA',
        momentum=0.0002,
        priority=49,
        type='EMAHook',
        update_buffers=True),
]
data_mode = 'topdown'
data_root = 'data/LumbarCoco/'
dataset_type = 'CocoDataset'
default_hooks = dict(
    badcase=dict(
        _scope_='mmpose',
        badcase_thr=5,
        enable=False,
        metric_type='loss',
        out_dir='badcase',
        type='BadCaseAnalysisHook'),
    checkpoint=dict(
        _scope_='mmpose',
        interval=10,
        max_keep_ckpts=3,
        rule='greater',
        save_best='PCK',
        type='CheckpointHook'),
    logger=dict(_scope_='mmpose', interval=50, type='LoggerHook'),
    param_scheduler=dict(_scope_='mmpose', type='ParamSchedulerHook'),
    sampler_seed=dict(_scope_='mmpose', type='DistSamplerSeedHook'),
    timer=dict(_scope_='mmpose', type='IterTimerHook'),
    visualization=dict(
        _scope_='mmpose', enable=False, type='PoseVisualizationHook'))
default_scope = 'mmpose'
env_cfg = dict(
    cudnn_benchmark=False,
    dist_cfg=dict(backend='nccl'),
    mp_cfg=dict(mp_start_method='fork', opencv_num_threads=0))
input_size = (
    256,
    512,
)
launcher = 'none'
load_from = None
log_level = 'INFO'
log_processor = dict(
    _scope_='mmpose',
    by_epoch=True,
    num_digits=6,
    type='LogProcessor',
    window_size=50)
max_epochs = 420
metainfo = dict(from_file='configs/_base_/datasets/lumbar_coco.py')
model = dict(
    backbone=dict(
        _scope_='mmdet',
        act_cfg=dict(type='SiLU'),
        arch='P5',
        channel_attention=True,
        deepen_factor=0.67,
        expand_ratio=0.5,
        init_cfg=dict(
            checkpoint=
            'https://download.openmmlab.com/mmpose/v1/projects/rtmposev1/cspnext-m_udp-aic-coco_210e-256x192-f2f7d6f6_20230130.pth',
            prefix='backbone.',
            type='Pretrained'),
        norm_cfg=dict(type='SyncBN'),
        out_indices=(4, ),
        type='CSPNeXt',
        widen_factor=0.75),
    data_preprocessor=dict(
        bgr_to_rgb=True,
        mean=[
            123.675,
            116.28,
            103.53,
        ],
        std=[
            58.395,
            57.12,
            57.375,
        ],
        type='PoseDataPreprocessor'),
    head=dict(
        decoder=dict(
            input_size=(
                256,
                512,
            ),
            normalize=False,
            sigma=(
                6.0,
                9.0,
            ),
            simcc_split_ratio=2.0,
            type='SimCCLabel',
            use_dark=False),
        final_layer_kernel_size=7,
        gau_cfg=dict(
            act_fn='SiLU',
            drop_path=0.0,
            dropout_rate=0.0,
            expansion_factor=2,
            hidden_dims=256,
            pos_enc=False,
            s=128,
            use_rel_bias=False),
        in_channels=768,
        in_featuremap_size=(
            8,
            16,
        ),
        input_size=(
            256,
            512,
        ),
        loss=dict(
            beta=10.0,
            label_softmax=True,
            type='KLDiscretLoss',
            use_target_weight=True),
        out_channels=22,
        simcc_split_ratio=2.0,
        type='RTMCCHead'),
    test_cfg=dict(flip_test=False),
    type='TopdownPoseEstimator')
num_keypoints = 22
optim_wrapper = dict(
    clip_grad=dict(max_norm=35, norm_type=2),
    loss_scale='dynamic',
    optimizer=dict(lr=0.0005, type='AdamW', weight_decay=0.05),
    paramwise_cfg=dict(
        bias_decay_mult=0, bypass_duplicate=True, norm_decay_mult=0),
    type='AmpOptimWrapper')
param_scheduler = [
    dict(
        begin=0, by_epoch=False, end=500, start_factor=1e-05, type='LinearLR'),
    dict(
        T_max=210,
        begin=210,
        by_epoch=True,
        convert_to_iter_based=True,
        end=420,
        eta_min=2.5e-05,
        type='CosineAnnealingLR'),
]
randomness = dict(seed=21)
resume = False
test_cfg = dict()
test_dataloader = dict(
    batch_size=16,
    dataset=dict(
        ann_file='annotations/lumbar_keypoints_test.json',
        data_mode='topdown',
        data_prefix=dict(img='images/'),
        data_root='data/LumbarCoco/',
        metainfo=dict(from_file='configs/_base_/datasets/lumbar_coco.py'),
        pipeline=[
            dict(backend_args=dict(backend='local'), type='LoadImage'),
            dict(padding=1.15, type='GetBBoxCenterScale'),
            dict(input_size=(
                256,
                512,
            ), type='TopdownAffine'),
            dict(type='PackPoseInputs'),
        ],
        test_mode=True,
        type='CocoDataset'),
    drop_last=False,
    num_workers=4,
    persistent_workers=True,
    sampler=dict(round_up=False, shuffle=False, type='DefaultSampler'))
test_evaluator = [
    dict(
        ann_file='data/LumbarCoco/annotations/lumbar_keypoints_test.json',
        type='CocoMetric'),
    dict(norm_item='bbox', thr=0.05, type='PCKAccuracy'),
]
train_cfg = dict(by_epoch=True, max_epochs=420, val_interval=10)
train_dataloader = dict(
    batch_size=32,
    dataset=dict(
        ann_file='annotations/lumbar_keypoints_train.json',
        data_mode='topdown',
        data_prefix=dict(img='images/'),
        data_root='data/LumbarCoco/',
        metainfo=dict(from_file='configs/_base_/datasets/lumbar_coco.py'),
        pipeline=[
            dict(backend_args=dict(backend='local'), type='LoadImage'),
            dict(padding=1.15, type='GetBBoxCenterScale'),
            dict(
                rotate_factor=15,
                scale_factor=[
                    0.85,
                    1.15,
                ],
                shift_factor=0.1,
                type='RandomBBoxTransform'),
            dict(input_size=(
                256,
                512,
            ), type='TopdownAffine'),
            dict(
                encoder=dict(
                    input_size=(
                        256,
                        512,
                    ),
                    normalize=False,
                    sigma=(
                        6.0,
                        9.0,
                    ),
                    simcc_split_ratio=2.0,
                    type='SimCCLabel',
                    use_dark=False),
                type='GenerateTarget'),
            dict(type='PackPoseInputs'),
        ],
        type='CocoDataset'),
    num_workers=4,
    persistent_workers=True,
    sampler=dict(shuffle=True, type='DefaultSampler'))
train_pipeline = [
    dict(backend_args=dict(backend='local'), type='LoadImage'),
    dict(padding=1.15, type='GetBBoxCenterScale'),
    dict(
        rotate_factor=15,
        scale_factor=[
            0.85,
            1.15,
        ],
        shift_factor=0.1,
        type='RandomBBoxTransform'),
    dict(input_size=(
        256,
        512,
    ), type='TopdownAffine'),
    dict(
        encoder=dict(
            input_size=(
                256,
                512,
            ),
            normalize=False,
            sigma=(
                6.0,
                9.0,
            ),
            simcc_split_ratio=2.0,
            type='SimCCLabel',
            use_dark=False),
        type='GenerateTarget'),
    dict(type='PackPoseInputs'),
]
val_cfg = dict()
val_dataloader = dict(
    batch_size=16,
    dataset=dict(
        ann_file='annotations/lumbar_keypoints_val.json',
        data_mode='topdown',
        data_prefix=dict(img='images/'),
        data_root='data/LumbarCoco/',
        metainfo=dict(from_file='configs/_base_/datasets/lumbar_coco.py'),
        pipeline=[
            dict(backend_args=dict(backend='local'), type='LoadImage'),
            dict(padding=1.15, type='GetBBoxCenterScale'),
            dict(input_size=(
                256,
                512,
            ), type='TopdownAffine'),
            dict(type='PackPoseInputs'),
        ],
        test_mode=True,
        type='CocoDataset'),
    drop_last=False,
    num_workers=4,
    persistent_workers=True,
    sampler=dict(round_up=False, shuffle=False, type='DefaultSampler'))
val_evaluator = [
    dict(
        ann_file='data/LumbarCoco/annotations/lumbar_keypoints_val.json',
        type='CocoMetric'),
    dict(norm_item='bbox', thr=0.05, type='PCKAccuracy'),
]
val_pipeline = [
    dict(backend_args=dict(backend='local'), type='LoadImage'),
    dict(padding=1.15, type='GetBBoxCenterScale'),
    dict(input_size=(
        256,
        512,
    ), type='TopdownAffine'),
    dict(type='PackPoseInputs'),
]
vis_backends = [
    dict(_scope_='mmpose', type='LocalVisBackend'),
]
visualizer = dict(
    _scope_='mmpose',
    name='visualizer',
    type='PoseLocalVisualizer',
    vis_backends=[
        dict(type='LocalVisBackend'),
    ])
work_dir = 'work_dirs/rtmpose-m_lumbar-coco'

2026/09/15 23:42:21 - mmengine - INFO - Distributed training is not used, all SyncBatchNorm (SyncBN) layers in the model will be automatically reverted to BatchNormXd layers if they are used.
2026/09/15 23:42:21 - mmengine - INFO - Hooks will be executed in the following order:
before_run:
(VERY_HIGH   ) RuntimeInfoHook                    
(49          ) EMAHook                            
(BELOW_NORMAL) LoggerHook                         
 -------------------- 
after_load_checkpoint:
(49          ) EMAHook                            
 -------------------- 
before_train:
(VERY_HIGH   ) RuntimeInfoHook                    
(49          ) EMAHook                            
(NORMAL      ) IterTimerHook                      
(VERY_LOW    ) CheckpointHook                     
 -------------------- 
before_train_epoch:
(VERY_HIGH   ) RuntimeInfoHook                    
(NORMAL      ) IterTimerHook                      
(NORMAL      ) DistSamplerSeedHook                
 -------------------- 
before_train_iter:
(VERY_HIGH   ) RuntimeInfoHook                    
(NORMAL      ) IterTimerHook                      
 -------------------- 
after_train_iter:
(VERY_HIGH   ) RuntimeInfoHook                    
(49          ) EMAHook                            
(NORMAL      ) IterTimerHook                      
(BELOW_NORMAL) LoggerHook                         
(LOW         ) ParamSchedulerHook                 
(VERY_LOW    ) CheckpointHook                     
 -------------------- 
after_train_epoch:
(NORMAL      ) IterTimerHook                      
(LOW         ) ParamSchedulerHook                 
(VERY_LOW    ) CheckpointHook                     
 -------------------- 
before_val:
(VERY_HIGH   ) RuntimeInfoHook                    
 -------------------- 
before_val_epoch:
(49          ) EMAHook                            
(NORMAL      ) IterTimerHook                      
 -------------------- 
before_val_iter:
(NORMAL      ) IterTimerHook                      
 -------------------- 
after_val_iter:
(NORMAL      ) IterTimerHook                      
(NORMAL      ) PoseVisualizationHook              
(BELOW_NORMAL) LoggerHook                         
 -------------------- 
after_val_epoch:
(VERY_HIGH   ) RuntimeInfoHook                    
(49          ) EMAHook                            
(NORMAL      ) IterTimerHook                      
(BELOW_NORMAL) LoggerHook                         
(LOW         ) ParamSchedulerHook                 
(VERY_LOW    ) CheckpointHook                     
 -------------------- 
after_val:
(VERY_HIGH   ) RuntimeInfoHook                    
 -------------------- 
before_save_checkpoint:
(49          ) EMAHook                            
 -------------------- 
after_train:
(VERY_HIGH   ) RuntimeInfoHook                    
(VERY_LOW    ) CheckpointHook                     
 -------------------- 
before_test:
(VERY_HIGH   ) RuntimeInfoHook                    
 -------------------- 
before_test_epoch:
(49          ) EMAHook                            
(NORMAL      ) IterTimerHook                      
 -------------------- 
before_test_iter:
(NORMAL      ) IterTimerHook                      
 -------------------- 
after_test_iter:
(NORMAL      ) IterTimerHook                      
(NORMAL      ) PoseVisualizationHook              
(NORMAL      ) BadCaseAnalysisHook                
(BELOW_NORMAL) LoggerHook                         
 -------------------- 
after_test_epoch:
(VERY_HIGH   ) RuntimeInfoHook                    
(49          ) EMAHook                            
(NORMAL      ) IterTimerHook                      
(NORMAL      ) BadCaseAnalysisHook                
(BELOW_NORMAL) LoggerHook                         
 -------------------- 
after_test:
(VERY_HIGH   ) RuntimeInfoHook                    
 -------------------- 
after_run:
(BELOW_NORMAL) LoggerHook                         
 -------------------- 
2026/09/15 23:42:21 - mmengine - INFO - paramwise_options -- backbone.stem.0.bn.weight:weight_decay=0.0
2026/09/15 23:42:21 - mmengine - INFO - paramwise_options -- backbone.stem.0.bn.bias:weight_decay=0.0
2026/09/15 23:42:21 - mmengine - INFO - paramwise_options -- backbone.stem.1.bn.weight:weight_decay=0.0
2026/09/15 23:42:21 - mmengine - INFO - paramwise_options -- backbone.stem.1.bn.bias:weight_decay=0.0
2026/09/15 23:42:21 - mmengine - INFO - paramwise_options -- backbone.stem.2.bn.weight:weight_decay=0.0
2026/09/15 23:42:21 - mmengine - INFO - paramwise_options -- backbone.stem.2.bn.bias:weight_decay=0.0
2026/09/15 23:42:21 - mmengine - INFO - paramwise_options -- backbone.stage1.0.bn.weight:weight_decay=0.0
2026/09/15 23:42:21 - mmengine - INFO - paramwise_options -- backbone.stage1.0.bn.bias:weight_decay=0.0
2026/09/15 23:42:21 - mmengine - INFO - paramwise_options -- backbone.stage1.1.main_conv.bn.weight:weight_decay=0.0
2026/09/15 23:42:21 - mmengine - INFO - paramwise_options -- backbone.stage1.1.main_conv.bn.bias:weight_decay=0.0
2026/09/15 23:42:21 - mmengine - INFO - paramwise_options -- backbone.stage1.1.short_conv.bn.weight:weight_decay=0.0
2026/09/15 23:42:21 - mmengine - INFO - paramwise_options -- backbone.stage1.1.short_conv.bn.bias:weight_decay=0.0
2026/09/15 23:42:21 - mmengine - INFO - paramwise_options -- backbone.stage1.1.final_conv.bn.weight:weight_decay=0.0
2026/09/15 23:42:21 - mmengine - INFO - paramwise_options -- backbone.stage1.1.final_conv.bn.bias:weight_decay=0.0
2026/09/15 23:42:21 - mmengine - INFO - paramwise_options -- backbone.stage1.1.blocks.0.conv1.bn.weight:weight_decay=0.0
2026/09/15 23:42:21 - mmengine - INFO - paramwise_options -- backbone.stage1.1.blocks.0.conv1.bn.bias:weight_decay=0.0
2026/09/15 23:42:21 - mmengine - INFO - paramwise_options -- backbone.stage1.1.blocks.0.conv2.depthwise_conv.bn.weight:weight_decay=0.0
2026/09/15 23:42:21 - mmengine - INFO - paramwise_options -- backbone.stage1.1.blocks.0.conv2.depthwise_conv.bn.bias:weight_decay=0.0
2026/09/15 23:42:21 - mmengine - INFO - paramwise_options -- backbone.stage1.1.blocks.0.conv2.pointwise_conv.bn.weight:weight_decay=0.0
2026/09/15 23:42:21 - mmengine - INFO - paramwise_options -- backbone.stage1.1.blocks.0.conv2.pointwise_conv.bn.bias:weight_decay=0.0
2026/09/15 23:42:21 - mmengine - INFO - paramwise_options -- backbone.stage1.1.blocks.1.conv1.bn.weight:weight_decay=0.0
2026/09/15 23:42:21 - mmengine - INFO - paramwise_options -- backbone.stage1.1.blocks.1.conv1.bn.bias:weight_decay=0.0
2026/09/15 23:42:21 - mmengine - INFO - paramwise_options -- backbone.stage1.1.blocks.1.conv2.depthwise_conv.bn.weight:weight_decay=0.0
2026/09/15 23:42:21 - mmengine - INFO - paramwise_options -- backbone.stage1.1.blocks.1.conv2.depthwise_conv.bn.bias:weight_decay=0.0
2026/09/15 23:42:21 - mmengine - INFO - paramwise_options -- backbone.stage1.1.blocks.1.conv2.pointwise_conv.bn.weight:weight_decay=0.0
2026/09/15 23:42:21 - mmengine - INFO - paramwise_options -- backbone.stage1.1.blocks.1.conv2.pointwise_conv.bn.bias:weight_decay=0.0
2026/09/15 23:42:21 - mmengine - INFO - paramwise_options -- backbone.stage1.1.attention.fc.bias:weight_decay=0.0
2026/09/15 23:42:21 - mmengine - INFO - paramwise_options -- backbone.stage2.0.bn.weight:weight_decay=0.0
2026/09/15 23:42:21 - mmengine - INFO - paramwise_options -- backbone.stage2.0.bn.bias:weight_decay=0.0
2026/09/15 23:42:21 - mmengine - INFO - paramwise_options -- backbone.stage2.1.main_conv.bn.weight:weight_decay=0.0
2026/09/15 23:42:21 - mmengine - INFO - paramwise_options -- backbone.stage2.1.main_conv.bn.bias:weight_decay=0.0
2026/09/15 23:42:21 - mmengine - INFO - paramwise_options -- backbone.stage2.1.short_conv.bn.weight:weight_decay=0.0
2026/09/15 23:42:21 - mmengine - INFO - paramwise_options -- backbone.stage2.1.short_conv.bn.bias:weight_decay=0.0
2026/09/15 23:42:21 - mmengine - INFO - paramwise_options -- backbone.stage2.1.final_conv.bn.weight:weight_decay=0.0
2026/09/15 23:42:21 - mmengine - INFO - paramwise_options -- backbone.stage2.1.final_conv.bn.bias:weight_decay=0.0
2026/09/15 23:42:21 - mmengine - INFO - paramwise_options -- backbone.stage2.1.blocks.0.conv1.bn.weight:weight_decay=0.0
2026/09/15 23:42:21 - mmengine - INFO - paramwise_options -- backbone.stage2.1.blocks.0.conv1.bn.bias:weight_decay=0.0
2026/09/15 23:42:21 - mmengine - INFO - paramwise_options -- backbone.stage2.1.blocks.0.conv2.depthwise_conv.bn.weight:weight_decay=0.0
2026/09/15 23:42:21 - mmengine - INFO - paramwise_options -- backbone.stage2.1.blocks.0.conv2.depthwise_conv.bn.bias:weight_decay=0.0
2026/09/15 23:42:21 - mmengine - INFO - paramwise_options -- backbone.stage2.1.blocks.0.conv2.pointwise_conv.bn.weight:weight_decay=0.0
2026/09/15 23:42:21 - mmengine - INFO - paramwise_options -- backbone.stage2.1.blocks.0.conv2.pointwise_conv.bn.bias:weight_decay=0.0
2026/09/15 23:42:21 - mmengine - INFO - paramwise_options -- backbone.stage2.1.blocks.1.conv1.bn.weight:weight_decay=0.0
2026/09/15 23:42:21 - mmengine - INFO - paramwise_options -- backbone.stage2.1.blocks.1.conv1.bn.bias:weight_decay=0.0
2026/09/15 23:42:21 - mmengine - INFO - paramwise_options -- backbone.stage2.1.blocks.1.conv2.depthwise_conv.bn.weight:weight_decay=0.0
2026/09/15 23:42:21 - mmengine - INFO - paramwise_options -- backbone.stage2.1.blocks.1.conv2.depthwise_conv.bn.bias:weight_decay=0.0
2026/09/15 23:42:21 - mmengine - INFO - paramwise_options -- backbone.stage2.1.blocks.1.conv2.pointwise_conv.bn.weight:weight_decay=0.0
2026/09/15 23:42:21 - mmengine - INFO - paramwise_options -- backbone.stage2.1.blocks.1.conv2.pointwise_conv.bn.bias:weight_decay=0.0
2026/09/15 23:42:21 - mmengine - INFO - paramwise_options -- backbone.stage2.1.blocks.2.conv1.bn.weight:weight_decay=0.0
2026/09/15 23:42:21 - mmengine - INFO - paramwise_options -- backbone.stage2.1.blocks.2.conv1.bn.bias:weight_decay=0.0
2026/09/15 23:42:21 - mmengine - INFO - paramwise_options -- backbone.stage2.1.blocks.2.conv2.depthwise_conv.bn.weight:weight_decay=0.0
2026/09/15 23:42:21 - mmengine - INFO - paramwise_options -- backbone.stage2.1.blocks.2.conv2.depthwise_conv.bn.bias:weight_decay=0.0
2026/09/15 23:42:21 - mmengine - INFO - paramwise_options -- backbone.stage2.1.blocks.2.conv2.pointwise_conv.bn.weight:weight_decay=0.0
2026/09/15 23:42:21 - mmengine - INFO - paramwise_options -- backbone.stage2.1.blocks.2.conv2.pointwise_conv.bn.bias:weight_decay=0.0
2026/09/15 23:42:21 - mmengine - INFO - paramwise_options -- backbone.stage2.1.blocks.3.conv1.bn.weight:weight_decay=0.0
2026/09/15 23:42:21 - mmengine - INFO - paramwise_options -- backbone.stage2.1.blocks.3.conv1.bn.bias:weight_decay=0.0
2026/09/15 23:42:21 - mmengine - INFO - paramwise_options -- backbone.stage2.1.blocks.3.conv2.depthwise_conv.bn.weight:weight_decay=0.0
2026/09/15 23:42:21 - mmengine - INFO - paramwise_options -- backbone.stage2.1.blocks.3.conv2.depthwise_conv.bn.bias:weight_decay=0.0
2026/09/15 23:42:21 - mmengine - INFO - paramwise_options -- backbone.stage2.1.blocks.3.conv2.pointwise_conv.bn.weight:weight_decay=0.0
2026/09/15 23:42:21 - mmengine - INFO - paramwise_options -- backbone.stage2.1.blocks.3.conv2.pointwise_conv.bn.bias:weight_decay=0.0
2026/09/15 23:42:21 - mmengine - INFO - paramwise_options -- backbone.stage2.1.attention.fc.bias:weight_decay=0.0
2026/09/15 23:42:21 - mmengine - INFO - paramwise_options -- backbone.stage3.0.bn.weight:weight_decay=0.0
2026/09/15 23:42:21 - mmengine - INFO - paramwise_options -- backbone.stage3.0.bn.bias:weight_decay=0.0
2026/09/15 23:42:21 - mmengine - INFO - paramwise_options -- backbone.stage3.1.main_conv.bn.weight:weight_decay=0.0
2026/09/15 23:42:21 - mmengine - INFO - paramwise_options -- backbone.stage3.1.main_conv.bn.bias:weight_decay=0.0
2026/09/15 23:42:21 - mmengine - INFO - paramwise_options -- backbone.stage3.1.short_conv.bn.weight:weight_decay=0.0
2026/09/15 23:42:21 - mmengine - INFO - paramwise_options -- backbone.stage3.1.short_conv.bn.bias:weight_decay=0.0
2026/09/15 23:42:21 - mmengine - INFO - paramwise_options -- backbone.stage3.1.final_conv.bn.weight:weight_decay=0.0
2026/09/15 23:42:21 - mmengine - INFO - paramwise_options -- backbone.stage3.1.final_conv.bn.bias:weight_decay=0.0
2026/09/15 23:42:21 - mmengine - INFO - paramwise_options -- backbone.stage3.1.blocks.0.conv1.bn.weight:weight_decay=0.0
2026/09/15 23:42:21 - mmengine - INFO - paramwise_options -- backbone.stage3.1.blocks.0.conv1.bn.bias:weight_decay=0.0
2026/09/15 23:42:21 - mmengine - INFO - paramwise_options -- backbone.stage3.1.blocks.0.conv2.depthwise_conv.bn.weight:weight_decay=0.0
2026/09/15 23:42:21 - mmengine - INFO - paramwise_options -- backbone.stage3.1.blocks.0.conv2.depthwise_conv.bn.bias:weight_decay=0.0
2026/09/15 23:42:21 - mmengine - INFO - paramwise_options -- backbone.stage3.1.blocks.0.conv2.pointwise_conv.bn.weight:weight_decay=0.0
2026/09/15 23:42:21 - mmengine - INFO - paramwise_options -- backbone.stage3.1.blocks.0.conv2.pointwise_conv.bn.bias:weight_decay=0.0
2026/09/15 23:42:21 - mmengine - INFO - paramwise_options -- backbone.stage3.1.blocks.1.conv1.bn.weight:weight_decay=0.0
2026/09/15 23:42:21 - mmengine - INFO - paramwise_options -- backbone.stage3.1.blocks.1.conv1.bn.bias:weight_decay=0.0
2026/09/15 23:42:21 - mmengine - INFO - paramwise_options -- backbone.stage3.1.blocks.1.conv2.depthwise_conv.bn.weight:weight_decay=0.0
2026/09/15 23:42:21 - mmengine - INFO - paramwise_options -- backbone.stage3.1.blocks.1.conv2.depthwise_conv.bn.bias:weight_decay=0.0
2026/09/15 23:42:21 - mmengine - INFO - paramwise_options -- backbone.stage3.1.blocks.1.conv2.pointwise_conv.bn.weight:weight_decay=0.0
2026/09/15 23:42:21 - mmengine - INFO - paramwise_options -- backbone.stage3.1.blocks.1.conv2.pointwise_conv.bn.bias:weight_decay=0.0
2026/09/15 23:42:21 - mmengine - INFO - paramwise_options -- backbone.stage3.1.blocks.2.conv1.bn.weight:weight_decay=0.0
2026/09/15 23:42:21 - mmengine - INFO - paramwise_options -- backbone.stage3.1.blocks.2.conv1.bn.bias:weight_decay=0.0
2026/09/15 23:42:21 - mmengine - INFO - paramwise_options -- backbone.stage3.1.blocks.2.conv2.depthwise_conv.bn.weight:weight_decay=0.0
2026/09/15 23:42:21 - mmengine - INFO - paramwise_options -- backbone.stage3.1.blocks.2.conv2.depthwise_conv.bn.bias:weight_decay=0.0
2026/09/15 23:42:21 - mmengine - INFO - paramwise_options -- backbone.stage3.1.blocks.2.conv2.pointwise_conv.bn.weight:weight_decay=0.0
2026/09/15 23:42:21 - mmengine - INFO - paramwise_options -- backbone.stage3.1.blocks.2.conv2.pointwise_conv.bn.bias:weight_decay=0.0
2026/09/15 23:42:21 - mmengine - INFO - paramwise_options -- backbone.stage3.1.blocks.3.conv1.bn.weight:weight_decay=0.0
2026/09/15 23:42:21 - mmengine - INFO - paramwise_options -- backbone.stage3.1.blocks.3.conv1.bn.bias:weight_decay=0.0
2026/09/15 23:42:21 - mmengine - INFO - paramwise_options -- backbone.stage3.1.blocks.3.conv2.depthwise_conv.bn.weight:weight_decay=0.0
2026/09/15 23:42:21 - mmengine - INFO - paramwise_options -- backbone.stage3.1.blocks.3.conv2.depthwise_conv.bn.bias:weight_decay=0.0
2026/09/15 23:42:21 - mmengine - INFO - paramwise_options -- backbone.stage3.1.blocks.3.conv2.pointwise_conv.bn.weight:weight_decay=0.0
2026/09/15 23:42:21 - mmengine - INFO - paramwise_options -- backbone.stage3.1.blocks.3.conv2.pointwise_conv.bn.bias:weight_decay=0.0
2026/09/15 23:42:21 - mmengine - INFO - paramwise_options -- backbone.stage3.1.attention.fc.bias:weight_decay=0.0
2026/09/15 23:42:21 - mmengine - INFO - paramwise_options -- backbone.stage4.0.bn.weight:weight_decay=0.0
2026/09/15 23:42:21 - mmengine - INFO - paramwise_options -- backbone.stage4.0.bn.bias:weight_decay=0.0
2026/09/15 23:42:21 - mmengine - INFO - paramwise_options -- backbone.stage4.1.conv1.bn.weight:weight_decay=0.0
2026/09/15 23:42:21 - mmengine - INFO - paramwise_options -- backbone.stage4.1.conv1.bn.bias:weight_decay=0.0
2026/09/15 23:42:21 - mmengine - INFO - paramwise_options -- backbone.stage4.1.conv2.bn.weight:weight_decay=0.0
2026/09/15 23:42:21 - mmengine - INFO - paramwise_options -- backbone.stage4.1.conv2.bn.bias:weight_decay=0.0
2026/09/15 23:42:21 - mmengine - INFO - paramwise_options -- backbone.stage4.2.main_conv.bn.weight:weight_decay=0.0
2026/09/15 23:42:21 - mmengine - INFO - paramwise_options -- backbone.stage4.2.main_conv.bn.bias:weight_decay=0.0
2026/09/15 23:42:21 - mmengine - INFO - paramwise_options -- backbone.stage4.2.short_conv.bn.weight:weight_decay=0.0
2026/09/15 23:42:21 - mmengine - INFO - paramwise_options -- backbone.stage4.2.short_conv.bn.bias:weight_decay=0.0
2026/09/15 23:42:21 - mmengine - INFO - paramwise_options -- backbone.stage4.2.final_conv.bn.weight:weight_decay=0.0
2026/09/15 23:42:21 - mmengine - INFO - paramwise_options -- backbone.stage4.2.final_conv.bn.bias:weight_decay=0.0
2026/09/15 23:42:21 - mmengine - INFO - paramwise_options -- backbone.stage4.2.blocks.0.conv1.bn.weight:weight_decay=0.0
2026/09/15 23:42:21 - mmengine - INFO - paramwise_options -- backbone.stage4.2.blocks.0.conv1.bn.bias:weight_decay=0.0
2026/09/15 23:42:21 - mmengine - INFO - paramwise_options -- backbone.stage4.2.blocks.0.conv2.depthwise_conv.bn.weight:weight_decay=0.0
2026/09/15 23:42:21 - mmengine - INFO - paramwise_options -- backbone.stage4.2.blocks.0.conv2.depthwise_conv.bn.bias:weight_decay=0.0
2026/09/15 23:42:21 - mmengine - INFO - paramwise_options -- backbone.stage4.2.blocks.0.conv2.pointwise_conv.bn.weight:weight_decay=0.0
2026/09/15 23:42:21 - mmengine - INFO - paramwise_options -- backbone.stage4.2.blocks.0.conv2.pointwise_conv.bn.bias:weight_decay=0.0
2026/09/15 23:42:21 - mmengine - INFO - paramwise_options -- backbone.stage4.2.blocks.1.conv1.bn.weight:weight_decay=0.0
2026/09/15 23:42:21 - mmengine - INFO - paramwise_options -- backbone.stage4.2.blocks.1.conv1.bn.bias:weight_decay=0.0
2026/09/15 23:42:21 - mmengine - INFO - paramwise_options -- backbone.stage4.2.blocks.1.conv2.depthwise_conv.bn.weight:weight_decay=0.0
2026/09/15 23:42:21 - mmengine - INFO - paramwise_options -- backbone.stage4.2.blocks.1.conv2.depthwise_conv.bn.bias:weight_decay=0.0
2026/09/15 23:42:21 - mmengine - INFO - paramwise_options -- backbone.stage4.2.blocks.1.conv2.pointwise_conv.bn.weight:weight_decay=0.0
2026/09/15 23:42:21 - mmengine - INFO - paramwise_options -- backbone.stage4.2.blocks.1.conv2.pointwise_conv.bn.bias:weight_decay=0.0
2026/09/15 23:42:21 - mmengine - INFO - paramwise_options -- backbone.stage4.2.attention.fc.bias:weight_decay=0.0
2026/09/15 23:42:21 - mmengine - INFO - paramwise_options -- head.final_layer.bias:weight_decay=0.0
2026/09/15 23:42:21 - mmengine - WARNING - The prefix is not set in metric class PCKAccuracy.
2026/09/15 23:42:21 - mmengine - INFO - load backbone. in model from: https://download.openmmlab.com/mmpose/v1/projects/rtmposev1/cspnext-m_udp-aic-coco_210e-256x192-f2f7d6f6_20230130.pth
Name of parameter - Initialization information

backbone.stem.0.conv.weight - torch.Size([24, 3, 3, 3]): 
PretrainedInit: load from https://download.openmmlab.com/mmpose/v1/projects/rtmposev1/cspnext-m_udp-aic-coco_210e-256x192-f2f7d6f6_20230130.pth 

backbone.stem.0.bn.weight - torch.Size([24]): 
PretrainedInit: load from https://download.openmmlab.com/mmpose/v1/projects/rtmposev1/cspnext-m_udp-aic-coco_210e-256x192-f2f7d6f6_20230130.pth 

backbone.stem.0.bn.bias - torch.Size([24]): 
PretrainedInit: load from https://download.openmmlab.com/mmpose/v1/projects/rtmposev1/cspnext-m_udp-aic-coco_210e-256x192-f2f7d6f6_20230130.pth 

backbone.stem.1.conv.weight - torch.Size([24, 24, 3, 3]): 
PretrainedInit: load from https://download.openmmlab.com/mmpose/v1/projects/rtmposev1/cspnext-m_udp-aic-coco_210e-256x192-f2f7d6f6_20230130.pth 

backbone.stem.1.bn.weight - torch.Size([24]): 
PretrainedInit: load from https://download.openmmlab.com/mmpose/v1/projects/rtmposev1/cspnext-m_udp-aic-coco_210e-256x192-f2f7d6f6_20230130.pth 

backbone.stem.1.bn.bias - torch.Size([24]): 
PretrainedInit: load from https://download.openmmlab.com/mmpose/v1/projects/rtmposev1/cspnext-m_udp-aic-coco_210e-256x192-f2f7d6f6_20230130.pth 

backbone.stem.2.conv.weight - torch.Size([48, 24, 3, 3]): 
PretrainedInit: load from https://download.openmmlab.com/mmpose/v1/projects/rtmposev1/cspnext-m_udp-aic-coco_210e-256x192-f2f7d6f6_20230130.pth 

backbone.stem.2.bn.weight - torch.Size([48]): 
PretrainedInit: load from https://download.openmmlab.com/mmpose/v1/projects/rtmposev1/cspnext-m_udp-aic-coco_210e-256x192-f2f7d6f6_20230130.pth 

backbone.stem.2.bn.bias - torch.Size([48]): 
PretrainedInit: load from https://download.openmmlab.com/mmpose/v1/projects/rtmposev1/cspnext-m_udp-aic-coco_210e-256x192-f2f7d6f6_20230130.pth 

backbone.stage1.0.conv.weight - torch.Size([96, 48, 3, 3]): 
PretrainedInit: load from https://download.openmmlab.com/mmpose/v1/projects/rtmposev1/cspnext-m_udp-aic-coco_210e-256x192-f2f7d6f6_20230130.pth 

backbone.stage1.0.bn.weight - torch.Size([96]): 
PretrainedInit: load from https://download.openmmlab.com/mmpose/v1/projects/rtmposev1/cspnext-m_udp-aic-coco_210e-256x192-f2f7d6f6_20230130.pth 

backbone.stage1.0.bn.bias - torch.Size([96]): 
PretrainedInit: load from https://download.openmmlab.com/mmpose/v1/projects/rtmposev1/cspnext-m_udp-aic-coco_210e-256x192-f2f7d6f6_20230130.pth 

backbone.stage1.1.main_conv.conv.weight - torch.Size([48, 96, 1, 1]): 
PretrainedInit: load from https://download.openmmlab.com/mmpose/v1/projects/rtmposev1/cspnext-m_udp-aic-coco_210e-256x192-f2f7d6f6_20230130.pth 

backbone.stage1.1.main_conv.bn.weight - torch.Size([48]): 
PretrainedInit: load from https://download.openmmlab.com/mmpose/v1/projects/rtmposev1/cspnext-m_udp-aic-coco_210e-256x192-f2f7d6f6_20230130.pth 

backbone.stage1.1.main_conv.bn.bias - torch.Size([48]): 
PretrainedInit: load from https://download.openmmlab.com/mmpose/v1/projects/rtmposev1/cspnext-m_udp-aic-coco_210e-256x192-f2f7d6f6_20230130.pth 

backbone.stage1.1.short_conv.conv.weight - torch.Size([48, 96, 1, 1]): 
PretrainedInit: load from https://download.openmmlab.com/mmpose/v1/projects/rtmposev1/cspnext-m_udp-aic-coco_210e-256x192-f2f7d6f6_20230130.pth 

backbone.stage1.1.short_conv.bn.weight - torch.Size([48]): 
PretrainedInit: load from https://download.openmmlab.com/mmpose/v1/projects/rtmposev1/cspnext-m_udp-aic-coco_210e-256x192-f2f7d6f6_20230130.pth 

backbone.stage1.1.short_conv.bn.bias - torch.Size([48]): 
PretrainedInit: load from https://download.openmmlab.com/mmpose/v1/projects/rtmposev1/cspnext-m_udp-aic-coco_210e-256x192-f2f7d6f6_20230130.pth 

backbone.stage1.1.final_conv.conv.weight - torch.Size([96, 96, 1, 1]): 
PretrainedInit: load from https://download.openmmlab.com/mmpose/v1/projects/rtmposev1/cspnext-m_udp-aic-coco_210e-256x192-f2f7d6f6_20230130.pth 

backbone.stage1.1.final_conv.bn.weight - torch.Size([96]): 
PretrainedInit: load from https://download.openmmlab.com/mmpose/v1/projects/rtmposev1/cspnext-m_udp-aic-coco_210e-256x192-f2f7d6f6_20230130.pth 

backbone.stage1.1.final_conv.bn.bias - torch.Size([96]): 
PretrainedInit: load from https://download.openmmlab.com/mmpose/v1/projects/rtmposev1/cspnext-m_udp-aic-coco_210e-256x192-f2f7d6f6_20230130.pth 

backbone.stage1.1.blocks.0.conv1.conv.weight - torch.Size([48, 48, 3, 3]): 
PretrainedInit: load from https://download.openmmlab.com/mmpose/v1/projects/rtmposev1/cspnext-m_udp-aic-coco_210e-256x192-f2f7d6f6_20230130.pth 

backbone.stage1.1.blocks.0.conv1.bn.weight - torch.Size([48]): 
PretrainedInit: load from https://download.openmmlab.com/mmpose/v1/projects/rtmposev1/cspnext-m_udp-aic-coco_210e-256x192-f2f7d6f6_20230130.pth 

backbone.stage1.1.blocks.0.conv1.bn.bias - torch.Size([48]): 
PretrainedInit: load from https://download.openmmlab.com/mmpose/v1/projects/rtmposev1/cspnext-m_udp-aic-coco_210e-256x192-f2f7d6f6_20230130.pth 

backbone.stage1.1.blocks.0.conv2.depthwise_conv.conv.weight - torch.Size([48, 1, 5, 5]): 
PretrainedInit: load from https://download.openmmlab.com/mmpose/v1/projects/rtmposev1/cspnext-m_udp-aic-coco_210e-256x192-f2f7d6f6_20230130.pth 

backbone.stage1.1.blocks.0.conv2.depthwise_conv.bn.weight - torch.Size([48]): 
PretrainedInit: load from https://download.openmmlab.com/mmpose/v1/projects/rtmposev1/cspnext-m_udp-aic-coco_210e-256x192-f2f7d6f6_20230130.pth 

backbone.stage1.1.blocks.0.conv2.depthwise_conv.bn.bias - torch.Size([48]): 
PretrainedInit: load from https://download.openmmlab.com/mmpose/v1/projects/rtmposev1/cspnext-m_udp-aic-coco_210e-256x192-f2f7d6f6_20230130.pth 

backbone.stage1.1.blocks.0.conv2.pointwise_conv.conv.weight - torch.Size([48, 48, 1, 1]): 
PretrainedInit: load from https://download.openmmlab.com/mmpose/v1/projects/rtmposev1/cspnext-m_udp-aic-coco_210e-256x192-f2f7d6f6_20230130.pth 

backbone.stage1.1.blocks.0.conv2.pointwise_conv.bn.weight - torch.Size([48]): 
PretrainedInit: load from https://download.openmmlab.com/mmpose/v1/projects/rtmposev1/cspnext-m_udp-aic-coco_210e-256x192-f2f7d6f6_20230130.pth 

backbone.stage1.1.blocks.0.conv2.pointwise_conv.bn.bias - torch.Size([48]): 
PretrainedInit: load from https://download.openmmlab.com/mmpose/v1/projects/rtmposev1/cspnext-m_udp-aic-coco_210e-256x192-f2f7d6f6_20230130.pth 

backbone.stage1.1.blocks.1.conv1.conv.weight - torch.Size([48, 48, 3, 3]): 
PretrainedInit: load from https://download.openmmlab.com/mmpose/v1/projects/rtmposev1/cspnext-m_udp-aic-coco_210e-256x192-f2f7d6f6_20230130.pth 

backbone.stage1.1.blocks.1.conv1.bn.weight - torch.Size([48]): 
PretrainedInit: load from https://download.openmmlab.com/mmpose/v1/projects/rtmposev1/cspnext-m_udp-aic-coco_210e-256x192-f2f7d6f6_20230130.pth 

backbone.stage1.1.blocks.1.conv1.bn.bias - torch.Size([48]): 
PretrainedInit: load from https://download.openmmlab.com/mmpose/v1/projects/rtmposev1/cspnext-m_udp-aic-coco_210e-256x192-f2f7d6f6_20230130.pth 

backbone.stage1.1.blocks.1.conv2.depthwise_conv.conv.weight - torch.Size([48, 1, 5, 5]): 
PretrainedInit: load from https://download.openmmlab.com/mmpose/v1/projects/rtmposev1/cspnext-m_udp-aic-coco_210e-256x192-f2f7d6f6_20230130.pth 

backbone.stage1.1.blocks.1.conv2.depthwise_conv.bn.weight - torch.Size([48]): 
PretrainedInit: load from https://download.openmmlab.com/mmpose/v1/projects/rtmposev1/cspnext-m_udp-aic-coco_210e-256x192-f2f7d6f6_20230130.pth 

backbone.stage1.1.blocks.1.conv2.depthwise_conv.bn.bias - torch.Size([48]): 
PretrainedInit: load from https://download.openmmlab.com/mmpose/v1/projects/rtmposev1/cspnext-m_udp-aic-coco_210e-256x192-f2f7d6f6_20230130.pth 

backbone.stage1.1.blocks.1.conv2.pointwise_conv.conv.weight - torch.Size([48, 48, 1, 1]): 
PretrainedInit: load from https://download.openmmlab.com/mmpose/v1/projects/rtmposev1/cspnext-m_udp-aic-coco_210e-256x192-f2f7d6f6_20230130.pth 

backbone.stage1.1.blocks.1.conv2.pointwise_conv.bn.weight - torch.Size([48]): 
PretrainedInit: load from https://download.openmmlab.com/mmpose/v1/projects/rtmposev1/cspnext-m_udp-aic-coco_210e-256x192-f2f7d6f6_20230130.pth 

backbone.stage1.1.blocks.1.conv2.pointwise_conv.bn.bias - torch.Size([48]): 
PretrainedInit: load from https://download.openmmlab.com/mmpose/v1/projects/rtmposev1/cspnext-m_udp-aic-coco_210e-256x192-f2f7d6f6_20230130.pth 

backbone.stage1.1.attention.fc.weight - torch.Size([96, 96, 1, 1]): 
PretrainedInit: load from https://download.openmmlab.com/mmpose/v1/projects/rtmposev1/cspnext-m_udp-aic-coco_210e-256x192-f2f7d6f6_20230130.pth 

backbone.stage1.1.attention.fc.bias - torch.Size([96]): 
PretrainedInit: load from https://download.openmmlab.com/mmpose/v1/projects/rtmposev1/cspnext-m_udp-aic-coco_210e-256x192-f2f7d6f6_20230130.pth 

backbone.stage2.0.conv.weight - torch.Size([192, 96, 3, 3]): 
PretrainedInit: load from https://download.openmmlab.com/mmpose/v1/projects/rtmposev1/cspnext-m_udp-aic-coco_210e-256x192-f2f7d6f6_20230130.pth 

backbone.stage2.0.bn.weight - torch.Size([192]): 
PretrainedInit: load from https://download.openmmlab.com/mmpose/v1/projects/rtmposev1/cspnext-m_udp-aic-coco_210e-256x192-f2f7d6f6_20230130.pth 

backbone.stage2.0.bn.bias - torch.Size([192]): 
PretrainedInit: load from https://download.openmmlab.com/mmpose/v1/projects/rtmposev1/cspnext-m_udp-aic-coco_210e-256x192-f2f7d6f6_20230130.pth 

backbone.stage2.1.main_conv.conv.weight - torch.Size([96, 192, 1, 1]): 
PretrainedInit: load from https://download.openmmlab.com/mmpose/v1/projects/rtmposev1/cspnext-m_udp-aic-coco_210e-256x192-f2f7d6f6_20230130.pth 

backbone.stage2.1.main_conv.bn.weight - torch.Size([96]): 
PretrainedInit: load from https://download.openmmlab.com/mmpose/v1/projects/rtmposev1/cspnext-m_udp-aic-coco_210e-256x192-f2f7d6f6_20230130.pth 

backbone.stage2.1.main_conv.bn.bias - torch.Size([96]): 
PretrainedInit: load from https://download.openmmlab.com/mmpose/v1/projects/rtmposev1/cspnext-m_udp-aic-coco_210e-256x192-f2f7d6f6_20230130.pth 

backbone.stage2.1.short_conv.conv.weight - torch.Size([96, 192, 1, 1]): 
PretrainedInit: load from https://download.openmmlab.com/mmpose/v1/projects/rtmposev1/cspnext-m_udp-aic-coco_210e-256x192-f2f7d6f6_20230130.pth 

backbone.stage2.1.short_conv.bn.weight - torch.Size([96]): 
PretrainedInit: load from https://download.openmmlab.com/mmpose/v1/projects/rtmposev1/cspnext-m_udp-aic-coco_210e-256x192-f2f7d6f6_20230130.pth 

backbone.stage2.1.short_conv.bn.bias - torch.Size([96]): 
PretrainedInit: load from https://download.openmmlab.com/mmpose/v1/projects/rtmposev1/cspnext-m_udp-aic-coco_210e-256x192-f2f7d6f6_20230130.pth 

backbone.stage2.1.final_conv.conv.weight - torch.Size([192, 192, 1, 1]): 
PretrainedInit: load from https://download.openmmlab.com/mmpose/v1/projects/rtmposev1/cspnext-m_udp-aic-coco_210e-256x192-f2f7d6f6_20230130.pth 

backbone.stage2.1.final_conv.bn.weight - torch.Size([192]): 
PretrainedInit: load from https://download.openmmlab.com/mmpose/v1/projects/rtmposev1/cspnext-m_udp-aic-coco_210e-256x192-f2f7d6f6_20230130.pth 

backbone.stage2.1.final_conv.bn.bias - torch.Size([192]): 
PretrainedInit: load from https://download.openmmlab.com/mmpose/v1/projects/rtmposev1/cspnext-m_udp-aic-coco_210e-256x192-f2f7d6f6_20230130.pth 

backbone.stage2.1.blocks.0.conv1.conv.weight - torch.Size([96, 96, 3, 3]): 
PretrainedInit: load from https://download.openmmlab.com/mmpose/v1/projects/rtmposev1/cspnext-m_udp-aic-coco_210e-256x192-f2f7d6f6_20230130.pth 

backbone.stage2.1.blocks.0.conv1.bn.weight - torch.Size([96]): 
PretrainedInit: load from https://download.openmmlab.com/mmpose/v1/projects/rtmposev1/cspnext-m_udp-aic-coco_210e-256x192-f2f7d6f6_20230130.pth 

backbone.stage2.1.blocks.0.conv1.bn.bias - torch.Size([96]): 
PretrainedInit: load from https://download.openmmlab.com/mmpose/v1/projects/rtmposev1/cspnext-m_udp-aic-coco_210e-256x192-f2f7d6f6_20230130.pth 

backbone.stage2.1.blocks.0.conv2.depthwise_conv.conv.weight - torch.Size([96, 1, 5, 5]): 
PretrainedInit: load from https://download.openmmlab.com/mmpose/v1/projects/rtmposev1/cspnext-m_udp-aic-coco_210e-256x192-f2f7d6f6_20230130.pth 

backbone.stage2.1.blocks.0.conv2.depthwise_conv.bn.weight - torch.Size([96]): 
PretrainedInit: load from https://download.openmmlab.com/mmpose/v1/projects/rtmposev1/cspnext-m_udp-aic-coco_210e-256x192-f2f7d6f6_20230130.pth 

backbone.stage2.1.blocks.0.conv2.depthwise_conv.bn.bias - torch.Size([96]): 
PretrainedInit: load from https://download.openmmlab.com/mmpose/v1/projects/rtmposev1/cspnext-m_udp-aic-coco_210e-256x192-f2f7d6f6_20230130.pth 

backbone.stage2.1.blocks.0.conv2.pointwise_conv.conv.weight - torch.Size([96, 96, 1, 1]): 
PretrainedInit: load from https://download.openmmlab.com/mmpose/v1/projects/rtmposev1/cspnext-m_udp-aic-coco_210e-256x192-f2f7d6f6_20230130.pth 

backbone.stage2.1.blocks.0.conv2.pointwise_conv.bn.weight - torch.Size([96]): 
PretrainedInit: load from https://download.openmmlab.com/mmpose/v1/projects/rtmposev1/cspnext-m_udp-aic-coco_210e-256x192-f2f7d6f6_20230130.pth 

backbone.stage2.1.blocks.0.conv2.pointwise_conv.bn.bias - torch.Size([96]): 
PretrainedInit: load from https://download.openmmlab.com/mmpose/v1/projects/rtmposev1/cspnext-m_udp-aic-coco_210e-256x192-f2f7d6f6_20230130.pth 

backbone.stage2.1.blocks.1.conv1.conv.weight - torch.Size([96, 96, 3, 3]): 
PretrainedInit: load from https://download.openmmlab.com/mmpose/v1/projects/rtmposev1/cspnext-m_udp-aic-coco_210e-256x192-f2f7d6f6_20230130.pth 

backbone.stage2.1.blocks.1.conv1.bn.weight - torch.Size([96]): 
PretrainedInit: load from https://download.openmmlab.com/mmpose/v1/projects/rtmposev1/cspnext-m_udp-aic-coco_210e-256x192-f2f7d6f6_20230130.pth 

backbone.stage2.1.blocks.1.conv1.bn.bias - torch.Size([96]): 
PretrainedInit: load from https://download.openmmlab.com/mmpose/v1/projects/rtmposev1/cspnext-m_udp-aic-coco_210e-256x192-f2f7d6f6_20230130.pth 

backbone.stage2.1.blocks.1.conv2.depthwise_conv.conv.weight - torch.Size([96, 1, 5, 5]): 
PretrainedInit: load from https://download.openmmlab.com/mmpose/v1/projects/rtmposev1/cspnext-m_udp-aic-coco_210e-256x192-f2f7d6f6_20230130.pth 

backbone.stage2.1.blocks.1.conv2.depthwise_conv.bn.weight - torch.Size([96]): 
PretrainedInit: load from https://download.openmmlab.com/mmpose/v1/projects/rtmposev1/cspnext-m_udp-aic-coco_210e-256x192-f2f7d6f6_20230130.pth 

backbone.stage2.1.blocks.1.conv2.depthwise_conv.bn.bias - torch.Size([96]): 
PretrainedInit: load from https://download.openmmlab.com/mmpose/v1/projects/rtmposev1/cspnext-m_udp-aic-coco_210e-256x192-f2f7d6f6_20230130.pth 

backbone.stage2.1.blocks.1.conv2.pointwise_conv.conv.weight - torch.Size([96, 96, 1, 1]): 
PretrainedInit: load from https://download.openmmlab.com/mmpose/v1/projects/rtmposev1/cspnext-m_udp-aic-coco_210e-256x192-f2f7d6f6_20230130.pth 

backbone.stage2.1.blocks.1.conv2.pointwise_conv.bn.weight - torch.Size([96]): 
PretrainedInit: load from https://download.openmmlab.com/mmpose/v1/projects/rtmposev1/cspnext-m_udp-aic-coco_210e-256x192-f2f7d6f6_20230130.pth 

backbone.stage2.1.blocks.1.conv2.pointwise_conv.bn.bias - torch.Size([96]): 
PretrainedInit: load from https://download.openmmlab.com/mmpose/v1/projects/rtmposev1/cspnext-m_udp-aic-coco_210e-256x192-f2f7d6f6_20230130.pth 

backbone.stage2.1.blocks.2.conv1.conv.weight - torch.Size([96, 96, 3, 3]): 
PretrainedInit: load from https://download.openmmlab.com/mmpose/v1/projects/rtmposev1/cspnext-m_udp-aic-coco_210e-256x192-f2f7d6f6_20230130.pth 

backbone.stage2.1.blocks.2.conv1.bn.weight - torch.Size([96]): 
PretrainedInit: load from https://download.openmmlab.com/mmpose/v1/projects/rtmposev1/cspnext-m_udp-aic-coco_210e-256x192-f2f7d6f6_20230130.pth 

backbone.stage2.1.blocks.2.conv1.bn.bias - torch.Size([96]): 
PretrainedInit: load from https://download.openmmlab.com/mmpose/v1/projects/rtmposev1/cspnext-m_udp-aic-coco_210e-256x192-f2f7d6f6_20230130.pth 

backbone.stage2.1.blocks.2.conv2.depthwise_conv.conv.weight - torch.Size([96, 1, 5, 5]): 
PretrainedInit: load from https://download.openmmlab.com/mmpose/v1/projects/rtmposev1/cspnext-m_udp-aic-coco_210e-256x192-f2f7d6f6_20230130.pth 

backbone.stage2.1.blocks.2.conv2.depthwise_conv.bn.weight - torch.Size([96]): 
PretrainedInit: load from https://download.openmmlab.com/mmpose/v1/projects/rtmposev1/cspnext-m_udp-aic-coco_210e-256x192-f2f7d6f6_20230130.pth 

backbone.stage2.1.blocks.2.conv2.depthwise_conv.bn.bias - torch.Size([96]): 
PretrainedInit: load from https://download.openmmlab.com/mmpose/v1/projects/rtmposev1/cspnext-m_udp-aic-coco_210e-256x192-f2f7d6f6_20230130.pth 

backbone.stage2.1.blocks.2.conv2.pointwise_conv.conv.weight - torch.Size([96, 96, 1, 1]): 
PretrainedInit: load from https://download.openmmlab.com/mmpose/v1/projects/rtmposev1/cspnext-m_udp-aic-coco_210e-256x192-f2f7d6f6_20230130.pth 

backbone.stage2.1.blocks.2.conv2.pointwise_conv.bn.weight - torch.Size([96]): 
PretrainedInit: load from https://download.openmmlab.com/mmpose/v1/projects/rtmposev1/cspnext-m_udp-aic-coco_210e-256x192-f2f7d6f6_20230130.pth 

backbone.stage2.1.blocks.2.conv2.pointwise_conv.bn.bias - torch.Size([96]): 
PretrainedInit: load from https://download.openmmlab.com/mmpose/v1/projects/rtmposev1/cspnext-m_udp-aic-coco_210e-256x192-f2f7d6f6_20230130.pth 

backbone.stage2.1.blocks.3.conv1.conv.weight - torch.Size([96, 96, 3, 3]): 
PretrainedInit: load from https://download.openmmlab.com/mmpose/v1/projects/rtmposev1/cspnext-m_udp-aic-coco_210e-256x192-f2f7d6f6_20230130.pth 

backbone.stage2.1.blocks.3.conv1.bn.weight - torch.Size([96]): 
PretrainedInit: load from https://download.openmmlab.com/mmpose/v1/projects/rtmposev1/cspnext-m_udp-aic-coco_210e-256x192-f2f7d6f6_20230130.pth 

backbone.stage2.1.blocks.3.conv1.bn.bias - torch.Size([96]): 
PretrainedInit: load from https://download.openmmlab.com/mmpose/v1/projects/rtmposev1/cspnext-m_udp-aic-coco_210e-256x192-f2f7d6f6_20230130.pth 

backbone.stage2.1.blocks.3.conv2.depthwise_conv.conv.weight - torch.Size([96, 1, 5, 5]): 
PretrainedInit: load from https://download.openmmlab.com/mmpose/v1/projects/rtmposev1/cspnext-m_udp-aic-coco_210e-256x192-f2f7d6f6_20230130.pth 

backbone.stage2.1.blocks.3.conv2.depthwise_conv.bn.weight - torch.Size([96]): 
PretrainedInit: load from https://download.openmmlab.com/mmpose/v1/projects/rtmposev1/cspnext-m_udp-aic-coco_210e-256x192-f2f7d6f6_20230130.pth 

backbone.stage2.1.blocks.3.conv2.depthwise_conv.bn.bias - torch.Size([96]): 
PretrainedInit: load from https://download.openmmlab.com/mmpose/v1/projects/rtmposev1/cspnext-m_udp-aic-coco_210e-256x192-f2f7d6f6_20230130.pth 

backbone.stage2.1.blocks.3.conv2.pointwise_conv.conv.weight - torch.Size([96, 96, 1, 1]): 
PretrainedInit: load from https://download.openmmlab.com/mmpose/v1/projects/rtmposev1/cspnext-m_udp-aic-coco_210e-256x192-f2f7d6f6_20230130.pth 

backbone.stage2.1.blocks.3.conv2.pointwise_conv.bn.weight - torch.Size([96]): 
PretrainedInit: load from https://download.openmmlab.com/mmpose/v1/projects/rtmposev1/cspnext-m_udp-aic-coco_210e-256x192-f2f7d6f6_20230130.pth 

backbone.stage2.1.blocks.3.conv2.pointwise_conv.bn.bias - torch.Size([96]): 
PretrainedInit: load from https://download.openmmlab.com/mmpose/v1/projects/rtmposev1/cspnext-m_udp-aic-coco_210e-256x192-f2f7d6f6_20230130.pth 

backbone.stage2.1.attention.fc.weight - torch.Size([192, 192, 1, 1]): 
PretrainedInit: load from https://download.openmmlab.com/mmpose/v1/projects/rtmposev1/cspnext-m_udp-aic-coco_210e-256x192-f2f7d6f6_20230130.pth 

backbone.stage2.1.attention.fc.bias - torch.Size([192]): 
PretrainedInit: load from https://download.openmmlab.com/mmpose/v1/projects/rtmposev1/cspnext-m_udp-aic-coco_210e-256x192-f2f7d6f6_20230130.pth 

backbone.stage3.0.conv.weight - torch.Size([384, 192, 3, 3]): 
PretrainedInit: load from https://download.openmmlab.com/mmpose/v1/projects/rtmposev1/cspnext-m_udp-aic-coco_210e-256x192-f2f7d6f6_20230130.pth 

backbone.stage3.0.bn.weight - torch.Size([384]): 
PretrainedInit: load from https://download.openmmlab.com/mmpose/v1/projects/rtmposev1/cspnext-m_udp-aic-coco_210e-256x192-f2f7d6f6_20230130.pth 

backbone.stage3.0.bn.bias - torch.Size([384]): 
PretrainedInit: load from https://download.openmmlab.com/mmpose/v1/projects/rtmposev1/cspnext-m_udp-aic-coco_210e-256x192-f2f7d6f6_20230130.pth 

backbone.stage3.1.main_conv.conv.weight - torch.Size([192, 384, 1, 1]): 
PretrainedInit: load from https://download.openmmlab.com/mmpose/v1/projects/rtmposev1/cspnext-m_udp-aic-coco_210e-256x192-f2f7d6f6_20230130.pth 

backbone.stage3.1.main_conv.bn.weight - torch.Size([192]): 
PretrainedInit: load from https://download.openmmlab.com/mmpose/v1/projects/rtmposev1/cspnext-m_udp-aic-coco_210e-256x192-f2f7d6f6_20230130.pth 

backbone.stage3.1.main_conv.bn.bias - torch.Size([192]): 
PretrainedInit: load from https://download.openmmlab.com/mmpose/v1/projects/rtmposev1/cspnext-m_udp-aic-coco_210e-256x192-f2f7d6f6_20230130.pth 

backbone.stage3.1.short_conv.conv.weight - torch.Size([192, 384, 1, 1]): 
PretrainedInit: load from https://download.openmmlab.com/mmpose/v1/projects/rtmposev1/cspnext-m_udp-aic-coco_210e-256x192-f2f7d6f6_20230130.pth 

backbone.stage3.1.short_conv.bn.weight - torch.Size([192]): 
PretrainedInit: load from https://download.openmmlab.com/mmpose/v1/projects/rtmposev1/cspnext-m_udp-aic-coco_210e-256x192-f2f7d6f6_20230130.pth 

backbone.stage3.1.short_conv.bn.bias - torch.Size([192]): 
PretrainedInit: load from https://download.openmmlab.com/mmpose/v1/projects/rtmposev1/cspnext-m_udp-aic-coco_210e-256x192-f2f7d6f6_20230130.pth 

backbone.stage3.1.final_conv.conv.weight - torch.Size([384, 384, 1, 1]): 
PretrainedInit: load from https://download.openmmlab.com/mmpose/v1/projects/rtmposev1/cspnext-m_udp-aic-coco_210e-256x192-f2f7d6f6_20230130.pth 

backbone.stage3.1.final_conv.bn.weight - torch.Size([384]): 
PretrainedInit: load from https://download.openmmlab.com/mmpose/v1/projects/rtmposev1/cspnext-m_udp-aic-coco_210e-256x192-f2f7d6f6_20230130.pth 

backbone.stage3.1.final_conv.bn.bias - torch.Size([384]): 
PretrainedInit: load from https://download.openmmlab.com/mmpose/v1/projects/rtmposev1/cspnext-m_udp-aic-coco_210e-256x192-f2f7d6f6_20230130.pth 

backbone.stage3.1.blocks.0.conv1.conv.weight - torch.Size([192, 192, 3, 3]): 
PretrainedInit: load from https://download.openmmlab.com/mmpose/v1/projects/rtmposev1/cspnext-m_udp-aic-coco_210e-256x192-f2f7d6f6_20230130.pth 

backbone.stage3.1.blocks.0.conv1.bn.weight - torch.Size([192]): 
PretrainedInit: load from https://download.openmmlab.com/mmpose/v1/projects/rtmposev1/cspnext-m_udp-aic-coco_210e-256x192-f2f7d6f6_20230130.pth 

backbone.stage3.1.blocks.0.conv1.bn.bias - torch.Size([192]): 
PretrainedInit: load from https://download.openmmlab.com/mmpose/v1/projects/rtmposev1/cspnext-m_udp-aic-coco_210e-256x192-f2f7d6f6_20230130.pth 

backbone.stage3.1.blocks.0.conv2.depthwise_conv.conv.weight - torch.Size([192, 1, 5, 5]): 
PretrainedInit: load from https://download.openmmlab.com/mmpose/v1/projects/rtmposev1/cspnext-m_udp-aic-coco_210e-256x192-f2f7d6f6_20230130.pth 

backbone.stage3.1.blocks.0.conv2.depthwise_conv.bn.weight - torch.Size([192]): 
PretrainedInit: load from https://download.openmmlab.com/mmpose/v1/projects/rtmposev1/cspnext-m_udp-aic-coco_210e-256x192-f2f7d6f6_20230130.pth 

backbone.stage3.1.blocks.0.conv2.depthwise_conv.bn.bias - torch.Size([192]): 
PretrainedInit: load from https://download.openmmlab.com/mmpose/v1/projects/rtmposev1/cspnext-m_udp-aic-coco_210e-256x192-f2f7d6f6_20230130.pth 

backbone.stage3.1.blocks.0.conv2.pointwise_conv.conv.weight - torch.Size([192, 192, 1, 1]): 
PretrainedInit: load from https://download.openmmlab.com/mmpose/v1/projects/rtmposev1/cspnext-m_udp-aic-coco_210e-256x192-f2f7d6f6_20230130.pth 

backbone.stage3.1.blocks.0.conv2.pointwise_conv.bn.weight - torch.Size([192]): 
PretrainedInit: load from https://download.openmmlab.com/mmpose/v1/projects/rtmposev1/cspnext-m_udp-aic-coco_210e-256x192-f2f7d6f6_20230130.pth 

backbone.stage3.1.blocks.0.conv2.pointwise_conv.bn.bias - torch.Size([192]): 
PretrainedInit: load from https://download.openmmlab.com/mmpose/v1/projects/rtmposev1/cspnext-m_udp-aic-coco_210e-256x192-f2f7d6f6_20230130.pth 

backbone.stage3.1.blocks.1.conv1.conv.weight - torch.Size([192, 192, 3, 3]): 
PretrainedInit: load from https://download.openmmlab.com/mmpose/v1/projects/rtmposev1/cspnext-m_udp-aic-coco_210e-256x192-f2f7d6f6_20230130.pth 

backbone.stage3.1.blocks.1.conv1.bn.weight - torch.Size([192]): 
PretrainedInit: load from https://download.openmmlab.com/mmpose/v1/projects/rtmposev1/cspnext-m_udp-aic-coco_210e-256x192-f2f7d6f6_20230130.pth 

backbone.stage3.1.blocks.1.conv1.bn.bias - torch.Size([192]): 
PretrainedInit: load from https://download.openmmlab.com/mmpose/v1/projects/rtmposev1/cspnext-m_udp-aic-coco_210e-256x192-f2f7d6f6_20230130.pth 

backbone.stage3.1.blocks.1.conv2.depthwise_conv.conv.weight - torch.Size([192, 1, 5, 5]): 
PretrainedInit: load from https://download.openmmlab.com/mmpose/v1/projects/rtmposev1/cspnext-m_udp-aic-coco_210e-256x192-f2f7d6f6_20230130.pth 

backbone.stage3.1.blocks.1.conv2.depthwise_conv.bn.weight - torch.Size([192]): 
PretrainedInit: load from https://download.openmmlab.com/mmpose/v1/projects/rtmposev1/cspnext-m_udp-aic-coco_210e-256x192-f2f7d6f6_20230130.pth 

backbone.stage3.1.blocks.1.conv2.depthwise_conv.bn.bias - torch.Size([192]): 
PretrainedInit: load from https://download.openmmlab.com/mmpose/v1/projects/rtmposev1/cspnext-m_udp-aic-coco_210e-256x192-f2f7d6f6_20230130.pth 

backbone.stage3.1.blocks.1.conv2.pointwise_conv.conv.weight - torch.Size([192, 192, 1, 1]): 
PretrainedInit: load from https://download.openmmlab.com/mmpose/v1/projects/rtmposev1/cspnext-m_udp-aic-coco_210e-256x192-f2f7d6f6_20230130.pth 

backbone.stage3.1.blocks.1.conv2.pointwise_conv.bn.weight - torch.Size([192]): 
PretrainedInit: load from https://download.openmmlab.com/mmpose/v1/projects/rtmposev1/cspnext-m_udp-aic-coco_210e-256x192-f2f7d6f6_20230130.pth 

backbone.stage3.1.blocks.1.conv2.pointwise_conv.bn.bias - torch.Size([192]): 
PretrainedInit: load from https://download.openmmlab.com/mmpose/v1/projects/rtmposev1/cspnext-m_udp-aic-coco_210e-256x192-f2f7d6f6_20230130.pth 

backbone.stage3.1.blocks.2.conv1.conv.weight - torch.Size([192, 192, 3, 3]): 
PretrainedInit: load from https://download.openmmlab.com/mmpose/v1/projects/rtmposev1/cspnext-m_udp-aic-coco_210e-256x192-f2f7d6f6_20230130.pth 

backbone.stage3.1.blocks.2.conv1.bn.weight - torch.Size([192]): 
PretrainedInit: load from https://download.openmmlab.com/mmpose/v1/projects/rtmposev1/cspnext-m_udp-aic-coco_210e-256x192-f2f7d6f6_20230130.pth 

backbone.stage3.1.blocks.2.conv1.bn.bias - torch.Size([192]): 
PretrainedInit: load from https://download.openmmlab.com/mmpose/v1/projects/rtmposev1/cspnext-m_udp-aic-coco_210e-256x192-f2f7d6f6_20230130.pth 

backbone.stage3.1.blocks.2.conv2.depthwise_conv.conv.weight - torch.Size([192, 1, 5, 5]): 
PretrainedInit: load from https://download.openmmlab.com/mmpose/v1/projects/rtmposev1/cspnext-m_udp-aic-coco_210e-256x192-f2f7d6f6_20230130.pth 

backbone.stage3.1.blocks.2.conv2.depthwise_conv.bn.weight - torch.Size([192]): 
PretrainedInit: load from https://download.openmmlab.com/mmpose/v1/projects/rtmposev1/cspnext-m_udp-aic-coco_210e-256x192-f2f7d6f6_20230130.pth 

backbone.stage3.1.blocks.2.conv2.depthwise_conv.bn.bias - torch.Size([192]): 
PretrainedInit: load from https://download.openmmlab.com/mmpose/v1/projects/rtmposev1/cspnext-m_udp-aic-coco_210e-256x192-f2f7d6f6_20230130.pth 

backbone.stage3.1.blocks.2.conv2.pointwise_conv.conv.weight - torch.Size([192, 192, 1, 1]): 
PretrainedInit: load from https://download.openmmlab.com/mmpose/v1/projects/rtmposev1/cspnext-m_udp-aic-coco_210e-256x192-f2f7d6f6_20230130.pth 

backbone.stage3.1.blocks.2.conv2.pointwise_conv.bn.weight - torch.Size([192]): 
PretrainedInit: load from https://download.openmmlab.com/mmpose/v1/projects/rtmposev1/cspnext-m_udp-aic-coco_210e-256x192-f2f7d6f6_20230130.pth 

backbone.stage3.1.blocks.2.conv2.pointwise_conv.bn.bias - torch.Size([192]): 
PretrainedInit: load from https://download.openmmlab.com/mmpose/v1/projects/rtmposev1/cspnext-m_udp-aic-coco_210e-256x192-f2f7d6f6_20230130.pth 

backbone.stage3.1.blocks.3.conv1.conv.weight - torch.Size([192, 192, 3, 3]): 
PretrainedInit: load from https://download.openmmlab.com/mmpose/v1/projects/rtmposev1/cspnext-m_udp-aic-coco_210e-256x192-f2f7d6f6_20230130.pth 

backbone.stage3.1.blocks.3.conv1.bn.weight - torch.Size([192]): 
PretrainedInit: load from https://download.openmmlab.com/mmpose/v1/projects/rtmposev1/cspnext-m_udp-aic-coco_210e-256x192-f2f7d6f6_20230130.pth 

backbone.stage3.1.blocks.3.conv1.bn.bias - torch.Size([192]): 
PretrainedInit: load from https://download.openmmlab.com/mmpose/v1/projects/rtmposev1/cspnext-m_udp-aic-coco_210e-256x192-f2f7d6f6_20230130.pth 

backbone.stage3.1.blocks.3.conv2.depthwise_conv.conv.weight - torch.Size([192, 1, 5, 5]): 
PretrainedInit: load from https://download.openmmlab.com/mmpose/v1/projects/rtmposev1/cspnext-m_udp-aic-coco_210e-256x192-f2f7d6f6_20230130.pth 

backbone.stage3.1.blocks.3.conv2.depthwise_conv.bn.weight - torch.Size([192]): 
PretrainedInit: load from https://download.openmmlab.com/mmpose/v1/projects/rtmposev1/cspnext-m_udp-aic-coco_210e-256x192-f2f7d6f6_20230130.pth 

backbone.stage3.1.blocks.3.conv2.depthwise_conv.bn.bias - torch.Size([192]): 
PretrainedInit: load from https://download.openmmlab.com/mmpose/v1/projects/rtmposev1/cspnext-m_udp-aic-coco_210e-256x192-f2f7d6f6_20230130.pth 

backbone.stage3.1.blocks.3.conv2.pointwise_conv.conv.weight - torch.Size([192, 192, 1, 1]): 
PretrainedInit: load from https://download.openmmlab.com/mmpose/v1/projects/rtmposev1/cspnext-m_udp-aic-coco_210e-256x192-f2f7d6f6_20230130.pth 

backbone.stage3.1.blocks.3.conv2.pointwise_conv.bn.weight - torch.Size([192]): 
PretrainedInit: load from https://download.openmmlab.com/mmpose/v1/projects/rtmposev1/cspnext-m_udp-aic-coco_210e-256x192-f2f7d6f6_20230130.pth 

backbone.stage3.1.blocks.3.conv2.pointwise_conv.bn.bias - torch.Size([192]): 
PretrainedInit: load from https://download.openmmlab.com/mmpose/v1/projects/rtmposev1/cspnext-m_udp-aic-coco_210e-256x192-f2f7d6f6_20230130.pth 

backbone.stage3.1.attention.fc.weight - torch.Size([384, 384, 1, 1]): 
PretrainedInit: load from https://download.openmmlab.com/mmpose/v1/projects/rtmposev1/cspnext-m_udp-aic-coco_210e-256x192-f2f7d6f6_20230130.pth 

backbone.stage3.1.attention.fc.bias - torch.Size([384]): 
PretrainedInit: load from https://download.openmmlab.com/mmpose/v1/projects/rtmposev1/cspnext-m_udp-aic-coco_210e-256x192-f2f7d6f6_20230130.pth 

backbone.stage4.0.conv.weight - torch.Size([768, 384, 3, 3]): 
PretrainedInit: load from https://download.openmmlab.com/mmpose/v1/projects/rtmposev1/cspnext-m_udp-aic-coco_210e-256x192-f2f7d6f6_20230130.pth 

backbone.stage4.0.bn.weight - torch.Size([768]): 
PretrainedInit: load from https://download.openmmlab.com/mmpose/v1/projects/rtmposev1/cspnext-m_udp-aic-coco_210e-256x192-f2f7d6f6_20230130.pth 

backbone.stage4.0.bn.bias - torch.Size([768]): 
PretrainedInit: load from https://download.openmmlab.com/mmpose/v1/projects/rtmposev1/cspnext-m_udp-aic-coco_210e-256x192-f2f7d6f6_20230130.pth 

backbone.stage4.1.conv1.conv.weight - torch.Size([384, 768, 1, 1]): 
PretrainedInit: load from https://download.openmmlab.com/mmpose/v1/projects/rtmposev1/cspnext-m_udp-aic-coco_210e-256x192-f2f7d6f6_20230130.pth 

backbone.stage4.1.conv1.bn.weight - torch.Size([384]): 
PretrainedInit: load from https://download.openmmlab.com/mmpose/v1/projects/rtmposev1/cspnext-m_udp-aic-coco_210e-256x192-f2f7d6f6_20230130.pth 

backbone.stage4.1.conv1.bn.bias - torch.Size([384]): 
PretrainedInit: load from https://download.openmmlab.com/mmpose/v1/projects/rtmposev1/cspnext-m_udp-aic-coco_210e-256x192-f2f7d6f6_20230130.pth 

backbone.stage4.1.conv2.conv.weight - torch.Size([768, 1536, 1, 1]): 
PretrainedInit: load from https://download.openmmlab.com/mmpose/v1/projects/rtmposev1/cspnext-m_udp-aic-coco_210e-256x192-f2f7d6f6_20230130.pth 

backbone.stage4.1.conv2.bn.weight - torch.Size([768]): 
PretrainedInit: load from https://download.openmmlab.com/mmpose/v1/projects/rtmposev1/cspnext-m_udp-aic-coco_210e-256x192-f2f7d6f6_20230130.pth 

backbone.stage4.1.conv2.bn.bias - torch.Size([768]): 
PretrainedInit: load from https://download.openmmlab.com/mmpose/v1/projects/rtmposev1/cspnext-m_udp-aic-coco_210e-256x192-f2f7d6f6_20230130.pth 

backbone.stage4.2.main_conv.conv.weight - torch.Size([384, 768, 1, 1]): 
PretrainedInit: load from https://download.openmmlab.com/mmpose/v1/projects/rtmposev1/cspnext-m_udp-aic-coco_210e-256x192-f2f7d6f6_20230130.pth 

backbone.stage4.2.main_conv.bn.weight - torch.Size([384]): 
PretrainedInit: load from https://download.openmmlab.com/mmpose/v1/projects/rtmposev1/cspnext-m_udp-aic-coco_210e-256x192-f2f7d6f6_20230130.pth 

backbone.stage4.2.main_conv.bn.bias - torch.Size([384]): 
PretrainedInit: load from https://download.openmmlab.com/mmpose/v1/projects/rtmposev1/cspnext-m_udp-aic-coco_210e-256x192-f2f7d6f6_20230130.pth 

backbone.stage4.2.short_conv.conv.weight - torch.Size([384, 768, 1, 1]): 
PretrainedInit: load from https://download.openmmlab.com/mmpose/v1/projects/rtmposev1/cspnext-m_udp-aic-coco_210e-256x192-f2f7d6f6_20230130.pth 

backbone.stage4.2.short_conv.bn.weight - torch.Size([384]): 
PretrainedInit: load from https://download.openmmlab.com/mmpose/v1/projects/rtmposev1/cspnext-m_udp-aic-coco_210e-256x192-f2f7d6f6_20230130.pth 

backbone.stage4.2.short_conv.bn.bias - torch.Size([384]): 
PretrainedInit: load from https://download.openmmlab.com/mmpose/v1/projects/rtmposev1/cspnext-m_udp-aic-coco_210e-256x192-f2f7d6f6_20230130.pth 

backbone.stage4.2.final_conv.conv.weight - torch.Size([768, 768, 1, 1]): 
PretrainedInit: load from https://download.openmmlab.com/mmpose/v1/projects/rtmposev1/cspnext-m_udp-aic-coco_210e-256x192-f2f7d6f6_20230130.pth 

backbone.stage4.2.final_conv.bn.weight - torch.Size([768]): 
PretrainedInit: load from https://download.openmmlab.com/mmpose/v1/projects/rtmposev1/cspnext-m_udp-aic-coco_210e-256x192-f2f7d6f6_20230130.pth 

backbone.stage4.2.final_conv.bn.bias - torch.Size([768]): 
PretrainedInit: load from https://download.openmmlab.com/mmpose/v1/projects/rtmposev1/cspnext-m_udp-aic-coco_210e-256x192-f2f7d6f6_20230130.pth 

backbone.stage4.2.blocks.0.conv1.conv.weight - torch.Size([384, 384, 3, 3]): 
PretrainedInit: load from https://download.openmmlab.com/mmpose/v1/projects/rtmposev1/cspnext-m_udp-aic-coco_210e-256x192-f2f7d6f6_20230130.pth 

backbone.stage4.2.blocks.0.conv1.bn.weight - torch.Size([384]): 
PretrainedInit: load from https://download.openmmlab.com/mmpose/v1/projects/rtmposev1/cspnext-m_udp-aic-coco_210e-256x192-f2f7d6f6_20230130.pth 

backbone.stage4.2.blocks.0.conv1.bn.bias - torch.Size([384]): 
PretrainedInit: load from https://download.openmmlab.com/mmpose/v1/projects/rtmposev1/cspnext-m_udp-aic-coco_210e-256x192-f2f7d6f6_20230130.pth 

backbone.stage4.2.blocks.0.conv2.depthwise_conv.conv.weight - torch.Size([384, 1, 5, 5]): 
PretrainedInit: load from https://download.openmmlab.com/mmpose/v1/projects/rtmposev1/cspnext-m_udp-aic-coco_210e-256x192-f2f7d6f6_20230130.pth 

backbone.stage4.2.blocks.0.conv2.depthwise_conv.bn.weight - torch.Size([384]): 
PretrainedInit: load from https://download.openmmlab.com/mmpose/v1/projects/rtmposev1/cspnext-m_udp-aic-coco_210e-256x192-f2f7d6f6_20230130.pth 

backbone.stage4.2.blocks.0.conv2.depthwise_conv.bn.bias - torch.Size([384]): 
PretrainedInit: load from https://download.openmmlab.com/mmpose/v1/projects/rtmposev1/cspnext-m_udp-aic-coco_210e-256x192-f2f7d6f6_20230130.pth 

backbone.stage4.2.blocks.0.conv2.pointwise_conv.conv.weight - torch.Size([384, 384, 1, 1]): 
PretrainedInit: load from https://download.openmmlab.com/mmpose/v1/projects/rtmposev1/cspnext-m_udp-aic-coco_210e-256x192-f2f7d6f6_20230130.pth 

backbone.stage4.2.blocks.0.conv2.pointwise_conv.bn.weight - torch.Size([384]): 
PretrainedInit: load from https://download.openmmlab.com/mmpose/v1/projects/rtmposev1/cspnext-m_udp-aic-coco_210e-256x192-f2f7d6f6_20230130.pth 

backbone.stage4.2.blocks.0.conv2.pointwise_conv.bn.bias - torch.Size([384]): 
PretrainedInit: load from https://download.openmmlab.com/mmpose/v1/projects/rtmposev1/cspnext-m_udp-aic-coco_210e-256x192-f2f7d6f6_20230130.pth 

backbone.stage4.2.blocks.1.conv1.conv.weight - torch.Size([384, 384, 3, 3]): 
PretrainedInit: load from https://download.openmmlab.com/mmpose/v1/projects/rtmposev1/cspnext-m_udp-aic-coco_210e-256x192-f2f7d6f6_20230130.pth 

backbone.stage4.2.blocks.1.conv1.bn.weight - torch.Size([384]): 
PretrainedInit: load from https://download.openmmlab.com/mmpose/v1/projects/rtmposev1/cspnext-m_udp-aic-coco_210e-256x192-f2f7d6f6_20230130.pth 

backbone.stage4.2.blocks.1.conv1.bn.bias - torch.Size([384]): 
PretrainedInit: load from https://download.openmmlab.com/mmpose/v1/projects/rtmposev1/cspnext-m_udp-aic-coco_210e-256x192-f2f7d6f6_20230130.pth 

backbone.stage4.2.blocks.1.conv2.depthwise_conv.conv.weight - torch.Size([384, 1, 5, 5]): 
PretrainedInit: load from https://download.openmmlab.com/mmpose/v1/projects/rtmposev1/cspnext-m_udp-aic-coco_210e-256x192-f2f7d6f6_20230130.pth 

backbone.stage4.2.blocks.1.conv2.depthwise_conv.bn.weight - torch.Size([384]): 
PretrainedInit: load from https://download.openmmlab.com/mmpose/v1/projects/rtmposev1/cspnext-m_udp-aic-coco_210e-256x192-f2f7d6f6_20230130.pth 

backbone.stage4.2.blocks.1.conv2.depthwise_conv.bn.bias - torch.Size([384]): 
PretrainedInit: load from https://download.openmmlab.com/mmpose/v1/projects/rtmposev1/cspnext-m_udp-aic-coco_210e-256x192-f2f7d6f6_20230130.pth 

backbone.stage4.2.blocks.1.conv2.pointwise_conv.conv.weight - torch.Size([384, 384, 1, 1]): 
PretrainedInit: load from https://download.openmmlab.com/mmpose/v1/projects/rtmposev1/cspnext-m_udp-aic-coco_210e-256x192-f2f7d6f6_20230130.pth 

backbone.stage4.2.blocks.1.conv2.pointwise_conv.bn.weight - torch.Size([384]): 
PretrainedInit: load from https://download.openmmlab.com/mmpose/v1/projects/rtmposev1/cspnext-m_udp-aic-coco_210e-256x192-f2f7d6f6_20230130.pth 

backbone.stage4.2.blocks.1.conv2.pointwise_conv.bn.bias - torch.Size([384]): 
PretrainedInit: load from https://download.openmmlab.com/mmpose/v1/projects/rtmposev1/cspnext-m_udp-aic-coco_210e-256x192-f2f7d6f6_20230130.pth 

backbone.stage4.2.attention.fc.weight - torch.Size([768, 768, 1, 1]): 
PretrainedInit: load from https://download.openmmlab.com/mmpose/v1/projects/rtmposev1/cspnext-m_udp-aic-coco_210e-256x192-f2f7d6f6_20230130.pth 

backbone.stage4.2.attention.fc.bias - torch.Size([768]): 
PretrainedInit: load from https://download.openmmlab.com/mmpose/v1/projects/rtmposev1/cspnext-m_udp-aic-coco_210e-256x192-f2f7d6f6_20230130.pth 

head.final_layer.weight - torch.Size([22, 768, 7, 7]): 
NormalInit: mean=0, std=0.001, bias=0 

head.final_layer.bias - torch.Size([22]): 
NormalInit: mean=0, std=0.001, bias=0 

head.mlp.0.g - torch.Size([1]): 
The value is the same before and after calling `init_weights` of TopdownPoseEstimator  

head.mlp.1.weight - torch.Size([256, 128]): 
NormalInit: mean=0, std=0.01, bias=0 

head.gau.gamma - torch.Size([2, 128]): 
The value is the same before and after calling `init_weights` of TopdownPoseEstimator  

head.gau.beta - torch.Size([2, 128]): 
The value is the same before and after calling `init_weights` of TopdownPoseEstimator  

head.gau.o.weight - torch.Size([256, 512]): 
NormalInit: mean=0, std=0.01, bias=0 

head.gau.uv.weight - torch.Size([1152, 256]): 
NormalInit: mean=0, std=0.01, bias=0 

head.gau.ln.g - torch.Size([1]): 
The value is the same before and after calling `init_weights` of TopdownPoseEstimator  

head.gau.res_scale.scale - torch.Size([256]): 
The value is the same before and after calling `init_weights` of TopdownPoseEstimator  

head.cls_x.weight - torch.Size([512, 256]): 
NormalInit: mean=0, std=0.01, bias=0 

head.cls_y.weight - torch.Size([1024, 256]): 
NormalInit: mean=0, std=0.01, bias=0 
2026/09/15 23:42:50 - mmengine - WARNING - "FileClient" will be deprecated in future. Please use io functions in https://mmengine.readthedocs.io/en/latest/api/fileio.html#file-io
2026/09/15 23:42:50 - mmengine - WARNING - "HardDiskBackend" is the alias of "LocalBackend" and the former will be deprecated in future.
2026/09/15 23:42:50 - mmengine - INFO - Checkpoints will be saved to /home/PavYtr/Projects/cv/work_dirs/rtmpose-m_lumbar-coco.
2026/09/15 23:42:55 - mmengine - INFO - Exp name: rtmpose-m_lumbar-coco_1stage_20260915_234219
2026/09/15 23:42:55 - mmengine - INFO - Epoch(train)   [1][10/10]  base_lr: 9.022946e-06 lr: 9.022946e-06  eta: 0:39:12  time: 0.561405  data_time: 0.093955  memory: 3109  grad_norm: 0.265594  loss: 0.388492  loss_kpt: 0.388492  acc_pose: 0.007102
2026/09/15 23:42:58 - mmengine - INFO - Exp name: rtmpose-m_lumbar-coco_1stage_20260915_234219
2026/09/15 23:42:58 - mmengine - INFO - Epoch(train)   [2][10/10]  base_lr: 1.904289e-05 lr: 1.904289e-05  eta: 0:26:59  time: 0.387500  data_time: 0.095664  memory: 3109  grad_norm: 0.235734  loss: 0.387466  loss_kpt: 0.387466  acc_pose: 0.014205
2026/09/15 23:43:00 - mmengine - INFO - Exp name: rtmpose-m_lumbar-coco_1stage_20260915_234219
2026/09/15 23:43:00 - mmengine - INFO - Epoch(train)   [3][10/10]  base_lr: 2.906283e-05 lr: 2.906283e-05  eta: 0:22:57  time: 0.330337  data_time: 0.096902  memory: 3109  grad_norm: 0.220101  loss: 0.384807  loss_kpt: 0.384807  acc_pose: 0.048295
2026/09/15 23:43:02 - mmengine - INFO - Exp name: rtmpose-m_lumbar-coco_1stage_20260915_234219
2026/09/15 23:43:02 - mmengine - INFO - Epoch(train)   [4][10/10]  base_lr: 3.908277e-05 lr: 3.908277e-05  eta: 0:20:56  time: 0.302163  data_time: 0.097426  memory: 3109  grad_norm: 0.237973  loss: 0.378881  loss_kpt: 0.378881  acc_pose: 0.066761
2026/09/15 23:43:04 - mmengine - INFO - Exp name: rtmpose-m_lumbar-coco_1stage_20260915_234219
2026/09/15 23:43:04 - mmengine - INFO - Epoch(train)   [5][10/10]  base_lr: 4.910271e-05 lr: 4.910271e-05  eta: 0:19:48  time: 0.286436  data_time: 0.099293  memory: 3109  grad_norm: 0.269443  loss: 0.369304  loss_kpt: 0.369304  acc_pose: 0.163352
2026/09/15 23:43:06 - mmengine - INFO - Exp name: rtmpose-m_lumbar-coco_1stage_20260915_234219
2026/09/15 23:43:06 - mmengine - INFO - Epoch(train)   [6][10/10]  base_lr: 5.912265e-05 lr: 5.912265e-05  eta: 0:19:01  time: 0.218699  data_time: 0.101926  memory: 3109  grad_norm: 0.322671  loss: 0.352153  loss_kpt: 0.352153  acc_pose: 0.298295
2026/09/15 23:43:09 - mmengine - INFO - Exp name: rtmpose-m_lumbar-coco_1stage_20260915_234219
2026/09/15 23:43:09 - mmengine - INFO - Epoch(train)   [7][10/10]  base_lr: 6.914259e-05 lr: 6.914259e-05  eta: 0:18:27  time: 0.220362  data_time: 0.101067  memory: 3109  grad_norm: 0.429248  loss: 0.330601  loss_kpt: 0.330601  acc_pose: 0.366477
2026/09/15 23:43:11 - mmengine - INFO - Exp name: rtmpose-m_lumbar-coco_1stage_20260915_234219
2026/09/15 23:43:11 - mmengine - INFO - Epoch(train)   [8][10/10]  base_lr: 7.916253e-05 lr: 7.916253e-05  eta: 0:17:57  time: 0.220095  data_time: 0.101205  memory: 3109  grad_norm: 0.524372  loss: 0.306598  loss_kpt: 0.306598  acc_pose: 0.420455
2026/09/15 23:43:13 - mmengine - INFO - Exp name: rtmpose-m_lumbar-coco_1stage_20260915_234219
2026/09/15 23:43:13 - mmengine - INFO - Epoch(train)   [9][10/10]  base_lr: 8.918246e-05 lr: 8.918246e-05  eta: 0:17:32  time: 0.219266  data_time: 0.100779  memory: 3109  grad_norm: 0.590377  loss: 0.282387  loss_kpt: 0.282387  acc_pose: 0.525568
2026/09/15 23:43:15 - mmengine - INFO - Exp name: rtmpose-m_lumbar-coco_1stage_20260915_234219
2026/09/15 23:43:15 - mmengine - INFO - Epoch(train)  [10][10/10]  base_lr: 9.920240e-05 lr: 9.920240e-05  eta: 0:17:13  time: 0.217489  data_time: 0.099402  memory: 3109  grad_norm: 0.638756  loss: 0.261244  loss_kpt: 0.261244  acc_pose: 0.519886
2026/09/15 23:43:15 - mmengine - INFO - Saving checkpoint at 10 epochs
2026/09/15 23:43:16 - mmengine - INFO - Evaluating CocoMetric...
2026/09/15 23:43:16 - mmengine - INFO - Evaluating PCKAccuracy (normalized by ``"bbox_size"``)...
2026/09/15 23:43:16 - mmengine - INFO - Epoch(val) [10][3/3]    coco/AP: 0.726375  coco/AP .5: 1.000000  coco/AP .75: 0.869473  coco/AP (M): -1.000000  coco/AP (L): 0.726375  coco/AR: 0.755000  coco/AR .5: 1.000000  coco/AR .75: 0.900000  coco/AR (M): -1.000000  coco/AR (L): 0.755000  PCK: 0.865909  data_time: 0.125110  time: 0.192452
2026/09/15 23:43:17 - mmengine - INFO - The best checkpoint with 0.8659 PCK at 10 epoch is saved to best_PCK_epoch_10.pth.
2026/09/15 23:43:20 - mmengine - INFO - Exp name: rtmpose-m_lumbar-coco_1stage_20260915_234219
2026/09/15 23:43:20 - mmengine - INFO - Epoch(train)  [11][10/10]  base_lr: 1.092223e-04 lr: 1.092223e-04  eta: 0:17:01  time: 0.218536  data_time: 0.099429  memory: 3109  grad_norm: 0.668627  loss: 0.243829  loss_kpt: 0.243829  acc_pose: 0.513380
2026/09/15 23:43:22 - mmengine - INFO - Exp name: rtmpose-m_lumbar-coco_1stage_20260915_234219
2026/09/15 23:43:22 - mmengine - INFO - Epoch(train)  [12][10/10]  base_lr: 1.192423e-04 lr: 1.192423e-04  eta: 0:16:50  time: 0.218760  data_time: 0.101785  memory: 3109  grad_norm: 0.647281  loss: 0.229222  loss_kpt: 0.229222  acc_pose: 0.579545
2026/09/15 23:43:24 - mmengine - INFO - Exp name: rtmpose-m_lumbar-coco_1stage_20260915_234219
2026/09/15 23:43:24 - mmengine - INFO - Epoch(train)  [13][10/10]  base_lr: 1.292622e-04 lr: 1.292622e-04  eta: 0:16:39  time: 0.220509  data_time: 0.103036  memory: 3109  grad_norm: 0.636062  loss: 0.217616  loss_kpt: 0.217616  acc_pose: 0.556818
2026/09/15 23:43:26 - mmengine - INFO - Exp name: rtmpose-m_lumbar-coco_1stage_20260915_234219
2026/09/15 23:43:26 - mmengine - INFO - Epoch(train)  [14][10/10]  base_lr: 1.392822e-04 lr: 1.392822e-04  eta: 0:16:29  time: 0.221232  data_time: 0.104254  memory: 3109  grad_norm: 0.642075  loss: 0.208985  loss_kpt: 0.208985  acc_pose: 0.526989
2026/09/15 23:43:29 - mmengine - INFO - Exp name: rtmpose-m_lumbar-coco_1stage_20260915_234219
2026/09/15 23:43:29 - mmengine - INFO - Epoch(train)  [15][10/10]  base_lr: 1.493021e-04 lr: 1.493021e-04  eta: 0:16:18  time: 0.221006  data_time: 0.104072  memory: 3109  grad_norm: 0.645374  loss: 0.200946  loss_kpt: 0.200946  acc_pose: 0.697443
2026/09/15 23:43:31 - mmengine - INFO - Exp name: rtmpose-m_lumbar-coco_1stage_20260915_234219
2026/09/15 23:43:31 - mmengine - INFO - Epoch(train)  [16][10/10]  base_lr: 1.593220e-04 lr: 1.593220e-04  eta: 0:16:10  time: 0.219074  data_time: 0.103351  memory: 3109  grad_norm: 0.637912  loss: 0.194225  loss_kpt: 0.194225  acc_pose: 0.642045
2026/09/15 23:43:33 - mmengine - INFO - Exp name: rtmpose-m_lumbar-coco_1stage_20260915_234219
2026/09/15 23:43:33 - mmengine - INFO - Epoch(train)  [17][10/10]  base_lr: 1.693420e-04 lr: 1.693420e-04  eta: 0:16:03  time: 0.218924  data_time: 0.101897  memory: 3109  grad_norm: 0.639187  loss: 0.189167  loss_kpt: 0.189167  acc_pose: 0.625779
2026/09/15 23:43:35 - mmengine - INFO - Exp name: rtmpose-m_lumbar-coco_1stage_20260915_234219
2026/09/15 23:43:35 - mmengine - INFO - Epoch(train)  [18][10/10]  base_lr: 1.793619e-04 lr: 1.793619e-04  eta: 0:15:55  time: 0.217227  data_time: 0.100737  memory: 3109  grad_norm: 0.639053  loss: 0.183325  loss_kpt: 0.183325  acc_pose: 0.747159
2026/09/15 23:43:37 - mmengine - INFO - Exp name: rtmpose-m_lumbar-coco_1stage_20260915_234219
2026/09/15 23:43:37 - mmengine - INFO - Epoch(train)  [19][10/10]  base_lr: 1.893819e-04 lr: 1.893819e-04  eta: 0:15:50  time: 0.218232  data_time: 0.101709  memory: 3109  grad_norm: 0.633458  loss: 0.178330  loss_kpt: 0.178330  acc_pose: 0.758523
2026/09/15 23:43:39 - mmengine - INFO - Exp name: rtmpose-m_lumbar-coco_1stage_20260915_234219
2026/09/15 23:43:39 - mmengine - INFO - Epoch(train)  [20][10/10]  base_lr: 1.994018e-04 lr: 1.994018e-04  eta: 0:15:41  time: 0.216996  data_time: 0.100234  memory: 3109  grad_norm: 0.625846  loss: 0.173885  loss_kpt: 0.173885  acc_pose: 0.818182
2026/09/15 23:43:39 - mmengine - INFO - Saving checkpoint at 20 epochs
2026/09/15 23:43:40 - mmengine - INFO - Evaluating CocoMetric...
2026/09/15 23:43:40 - mmengine - INFO - Evaluating PCKAccuracy (normalized by ``"bbox_size"``)...
2026/09/15 23:43:40 - mmengine - INFO - Epoch(val) [20][3/3]    coco/AP: 0.937439  coco/AP .5: 1.000000  coco/AP .75: 1.000000  coco/AP (M): -1.000000  coco/AP (L): 0.937439  coco/AR: 0.940000  coco/AR .5: 1.000000  coco/AR .75: 1.000000  coco/AR (M): -1.000000  coco/AR (L): 0.940000  PCK: 0.973864  data_time: 0.073810  time: 0.093770
2026/09/15 23:43:40 - mmengine - INFO - The previous best checkpoint /home/PavYtr/Projects/cv/work_dirs/rtmpose-m_lumbar-coco/best_PCK_epoch_10.pth is removed
2026/09/15 23:43:41 - mmengine - INFO - The best checkpoint with 0.9739 PCK at 20 epoch is saved to best_PCK_epoch_20.pth.
2026/09/15 23:43:44 - mmengine - INFO - Exp name: rtmpose-m_lumbar-coco_1stage_20260915_234219
2026/09/15 23:43:44 - mmengine - INFO - Epoch(train)  [21][10/10]  base_lr: 2.094217e-04 lr: 2.094217e-04  eta: 0:15:35  time: 0.216062  data_time: 0.099097  memory: 3109  grad_norm: 0.615718  loss: 0.169236  loss_kpt: 0.169236  acc_pose: 0.813920
2026/09/15 23:43:46 - mmengine - INFO - Exp name: rtmpose-m_lumbar-coco_1stage_20260915_234219
2026/09/15 23:43:46 - mmengine - INFO - Epoch(train)  [22][10/10]  base_lr: 2.194417e-04 lr: 2.194417e-04  eta: 0:15:29  time: 0.214895  data_time: 0.099843  memory: 3109  grad_norm: 0.602617  loss: 0.163660  loss_kpt: 0.163660  acc_pose: 0.839489
2026/09/15 23:43:48 - mmengine - INFO - Exp name: rtmpose-m_lumbar-coco_1stage_20260915_234219
2026/09/15 23:43:48 - mmengine - INFO - Epoch(train)  [23][10/10]  base_lr: 2.294616e-04 lr: 2.294616e-04  eta: 0:15:24  time: 0.214894  data_time: 0.099815  memory: 3109  grad_norm: 0.595216  loss: 0.159116  loss_kpt: 0.159116  acc_pose: 0.920455
2026/09/15 23:43:50 - mmengine - INFO - Exp name: rtmpose-m_lumbar-coco_1stage_20260915_234219
2026/09/15 23:43:50 - mmengine - INFO - Epoch(train)  [24][10/10]  base_lr: 2.394816e-04 lr: 2.394816e-04  eta: 0:15:18  time: 0.213245  data_time: 0.097917  memory: 3109  grad_norm: 0.587466  loss: 0.153307  loss_kpt: 0.153307  acc_pose: 0.843750
2026/09/15 23:43:52 - mmengine - INFO - Exp name: rtmpose-m_lumbar-coco_1stage_20260915_234219
2026/09/15 23:43:52 - mmengine - INFO - Epoch(train)  [25][10/10]  base_lr: 2.495015e-04 lr: 2.495015e-04  eta: 0:15:12  time: 0.212780  data_time: 0.097734  memory: 3109  grad_norm: 0.574218  loss: 0.148785  loss_kpt: 0.148785  acc_pose: 0.934659
2026/09/15 23:43:54 - mmengine - INFO - Exp name: rtmpose-m_lumbar-coco_1stage_20260915_234219
2026/09/15 23:43:54 - mmengine - INFO - Epoch(train)  [26][10/10]  base_lr: 2.595214e-04 lr: 2.595214e-04  eta: 0:15:07  time: 0.212959  data_time: 0.097915  memory: 3109  grad_norm: 0.562207  loss: 0.144550  loss_kpt: 0.144550  acc_pose: 0.930398
2026/09/15 23:43:56 - mmengine - INFO - Exp name: rtmpose-m_lumbar-coco_1stage_20260915_234219
2026/09/15 23:43:56 - mmengine - INFO - Epoch(train)  [27][10/10]  base_lr: 2.695414e-04 lr: 2.695414e-04  eta: 0:15:03  time: 0.212978  data_time: 0.098147  memory: 3109  grad_norm: 0.550086  loss: 0.140523  loss_kpt: 0.140523  acc_pose: 0.904830
2026/09/15 23:43:59 - mmengine - INFO - Exp name: rtmpose-m_lumbar-coco_1stage_20260915_234219
2026/09/15 23:43:59 - mmengine - INFO - Epoch(train)  [28][10/10]  base_lr: 2.795613e-04 lr: 2.795613e-04  eta: 0:14:58  time: 0.213267  data_time: 0.098746  memory: 3109  grad_norm: 0.541108  loss: 0.136685  loss_kpt: 0.136685  acc_pose: 0.946023
2026/09/15 23:44:01 - mmengine - INFO - Exp name: rtmpose-m_lumbar-coco_1stage_20260915_234219
2026/09/15 23:44:01 - mmengine - INFO - Epoch(train)  [29][10/10]  base_lr: 2.895813e-04 lr: 2.895813e-04  eta: 0:14:54  time: 0.213743  data_time: 0.097427  memory: 3109  grad_norm: 0.528655  loss: 0.133321  loss_kpt: 0.133321  acc_pose: 0.933239
2026/09/15 23:44:03 - mmengine - INFO - Exp name: rtmpose-m_lumbar-coco_1stage_20260915_234219
2026/09/15 23:44:03 - mmengine - INFO - Epoch(train)  [30][10/10]  base_lr: 2.996012e-04 lr: 2.996012e-04  eta: 0:14:50  time: 0.215240  data_time: 0.099148  memory: 3109  grad_norm: 0.517669  loss: 0.130488  loss_kpt: 0.130488  acc_pose: 0.934659
2026/09/15 23:44:03 - mmengine - INFO - Saving checkpoint at 30 epochs
2026/09/15 23:44:04 - mmengine - INFO - Evaluating CocoMetric...
2026/09/15 23:44:04 - mmengine - INFO - Evaluating PCKAccuracy (normalized by ``"bbox_size"``)...
2026/09/15 23:44:04 - mmengine - INFO - Epoch(val) [30][3/3]    coco/AP: 0.971516  coco/AP .5: 1.000000  coco/AP .75: 1.000000  coco/AP (M): -1.000000  coco/AP (L): 0.971516  coco/AR: 0.975000  coco/AR .5: 1.000000  coco/AR .75: 1.000000  coco/AR (M): -1.000000  coco/AR (L): 0.975000  PCK: 0.988636  data_time: 0.078291  time: 0.094023
2026/09/15 23:44:04 - mmengine - INFO - The previous best checkpoint /home/PavYtr/Projects/cv/work_dirs/rtmpose-m_lumbar-coco/best_PCK_epoch_20.pth is removed
2026/09/15 23:44:04 - mmengine - INFO - The best checkpoint with 0.9886 PCK at 30 epoch is saved to best_PCK_epoch_30.pth.
2026/09/15 23:44:07 - mmengine - INFO - Exp name: rtmpose-m_lumbar-coco_1stage_20260915_234219
2026/09/15 23:44:07 - mmengine - INFO - Epoch(train)  [31][10/10]  base_lr: 3.096211e-04 lr: 3.096211e-04  eta: 0:14:46  time: 0.215600  data_time: 0.099609  memory: 3109  grad_norm: 0.508460  loss: 0.126514  loss_kpt: 0.126514  acc_pose: 0.970170
2026/09/15 23:44:09 - mmengine - INFO - Exp name: rtmpose-m_lumbar-coco_1stage_20260915_234219
2026/09/15 23:44:09 - mmengine - INFO - Epoch(train)  [32][10/10]  base_lr: 3.196411e-04 lr: 3.196411e-04  eta: 0:14:42  time: 0.215025  data_time: 0.098859  memory: 3109  grad_norm: 0.506940  loss: 0.123869  loss_kpt: 0.123869  acc_pose: 0.981534
2026/09/15 23:44:11 - mmengine - INFO - Exp name: rtmpose-m_lumbar-coco_1stage_20260915_234219
2026/09/15 23:44:11 - mmengine - INFO - Epoch(train)  [33][10/10]  base_lr: 3.296610e-04 lr: 3.296610e-04  eta: 0:14:38  time: 0.214375  data_time: 0.097855  memory: 3109  grad_norm: 0.491489  loss: 0.120965  loss_kpt: 0.120965  acc_pose: 0.980114
2026/09/15 23:44:14 - mmengine - INFO - Exp name: rtmpose-m_lumbar-coco_1stage_20260915_234219
2026/09/15 23:44:14 - mmengine - INFO - Epoch(train)  [34][10/10]  base_lr: 3.396810e-04 lr: 3.396810e-04  eta: 0:14:35  time: 0.214830  data_time: 0.100322  memory: 3109  grad_norm: 0.477500  loss: 0.118620  loss_kpt: 0.118620  acc_pose: 0.957386
2026/09/15 23:44:16 - mmengine - INFO - Exp name: rtmpose-m_lumbar-coco_1stage_20260915_234219
2026/09/15 23:44:16 - mmengine - INFO - Epoch(train)  [35][10/10]  base_lr: 3.497009e-04 lr: 3.497009e-04  eta: 0:14:32  time: 0.215796  data_time: 0.100970  memory: 3109  grad_norm: 0.469877  loss: 0.114828  loss_kpt: 0.114828  acc_pose: 0.988636
2026/09/15 23:44:18 - mmengine - INFO - Exp name: rtmpose-m_lumbar-coco_1stage_20260915_234219
2026/09/15 23:44:18 - mmengine - INFO - Epoch(train)  [36][10/10]  base_lr: 3.597208e-04 lr: 3.597208e-04  eta: 0:14:28  time: 0.215151  data_time: 0.100361  memory: 3109  grad_norm: 0.458421  loss: 0.112397  loss_kpt: 0.112397  acc_pose: 0.990057
2026/09/15 23:44:20 - mmengine - INFO - Exp name: rtmpose-m_lumbar-coco_1stage_20260915_234219
2026/09/15 23:44:20 - mmengine - INFO - Epoch(train)  [37][10/10]  base_lr: 3.697408e-04 lr: 3.697408e-04  eta: 0:14:25  time: 0.215946  data_time: 0.101207  memory: 3109  grad_norm: 0.443725  loss: 0.109424  loss_kpt: 0.109424  acc_pose: 0.980114
2026/09/15 23:44:22 - mmengine - INFO - Exp name: rtmpose-m_lumbar-coco_1stage_20260915_234219
2026/09/15 23:44:22 - mmengine - INFO - Epoch(train)  [38][10/10]  base_lr: 3.797607e-04 lr: 3.797607e-04  eta: 0:14:21  time: 0.215869  data_time: 0.101133  memory: 3109  grad_norm: 0.437485  loss: 0.107239  loss_kpt: 0.107239  acc_pose: 0.990057
2026/09/15 23:44:24 - mmengine - INFO - Exp name: rtmpose-m_lumbar-coco_1stage_20260915_234219
2026/09/15 23:44:24 - mmengine - INFO - Epoch(train)  [39][10/10]  base_lr: 3.897807e-04 lr: 3.897807e-04  eta: 0:14:18  time: 0.215742  data_time: 0.100963  memory: 3109  grad_norm: 0.431999  loss: 0.105046  loss_kpt: 0.105046  acc_pose: 0.981534
2026/09/15 23:44:27 - mmengine - INFO - Exp name: rtmpose-m_lumbar-coco_1stage_20260915_234219
2026/09/15 23:44:27 - mmengine - INFO - Epoch(train)  [40][10/10]  base_lr: 3.998006e-04 lr: 3.998006e-04  eta: 0:14:16  time: 0.216605  data_time: 0.100280  memory: 3109  grad_norm: 0.428626  loss: 0.104168  loss_kpt: 0.104168  acc_pose: 0.988636
2026/09/15 23:44:27 - mmengine - INFO - Saving checkpoint at 40 epochs
2026/09/15 23:44:27 - mmengine - INFO - Evaluating CocoMetric...
2026/09/15 23:44:27 - mmengine - INFO - Evaluating PCKAccuracy (normalized by ``"bbox_size"``)...
2026/09/15 23:44:27 - mmengine - INFO - Epoch(val) [40][3/3]    coco/AP: 0.989057  coco/AP .5: 1.000000  coco/AP .75: 1.000000  coco/AP (M): -1.000000  coco/AP (L): 0.989057  coco/AR: 0.990000  coco/AR .5: 1.000000  coco/AR .75: 1.000000  coco/AR (M): -1.000000  coco/AR (L): 0.990000  PCK: 0.997727  data_time: 0.074298  time: 0.090610
2026/09/15 23:44:27 - mmengine - INFO - The previous best checkpoint /home/PavYtr/Projects/cv/work_dirs/rtmpose-m_lumbar-coco/best_PCK_epoch_30.pth is removed
2026/09/15 23:44:28 - mmengine - INFO - The best checkpoint with 0.9977 PCK at 40 epoch is saved to best_PCK_epoch_40.pth.
2026/09/15 23:44:31 - mmengine - INFO - Exp name: rtmpose-m_lumbar-coco_1stage_20260915_234219
2026/09/15 23:44:31 - mmengine - INFO - Epoch(train)  [41][10/10]  base_lr: 4.098205e-04 lr: 4.098205e-04  eta: 0:14:12  time: 0.216739  data_time: 0.100431  memory: 3109  grad_norm: 0.420230  loss: 0.102863  loss_kpt: 0.102863  acc_pose: 0.970170
2026/09/15 23:44:33 - mmengine - INFO - Exp name: rtmpose-m_lumbar-coco_1stage_20260915_234219
2026/09/15 23:44:33 - mmengine - INFO - Epoch(train)  [42][10/10]  base_lr: 4.198405e-04 lr: 4.198405e-04  eta: 0:14:09  time: 0.215993  data_time: 0.099617  memory: 3109  grad_norm: 0.411777  loss: 0.101449  loss_kpt: 0.101449  acc_pose: 0.990057
2026/09/15 23:44:35 - mmengine - INFO - Exp name: rtmpose-m_lumbar-coco_1stage_20260915_234219
2026/09/15 23:44:35 - mmengine - INFO - Epoch(train)  [43][10/10]  base_lr: 4.298604e-04 lr: 4.298604e-04  eta: 0:14:06  time: 0.215915  data_time: 0.099949  memory: 3109  grad_norm: 0.408095  loss: 0.100416  loss_kpt: 0.100416  acc_pose: 0.988636
2026/09/15 23:44:37 - mmengine - INFO - Exp name: rtmpose-m_lumbar-coco_1stage_20260915_234219
2026/09/15 23:44:37 - mmengine - INFO - Epoch(train)  [44][10/10]  base_lr: 4.398804e-04 lr: 4.398804e-04  eta: 0:14:03  time: 0.215321  data_time: 0.099297  memory: 3109  grad_norm: 0.403647  loss: 0.098894  loss_kpt: 0.098894  acc_pose: 0.984375
2026/09/15 23:44:39 - mmengine - INFO - Exp name: rtmpose-m_lumbar-coco_1stage_20260915_234219
2026/09/15 23:44:39 - mmengine - INFO - Epoch(train)  [45][10/10]  base_lr: 4.499003e-04 lr: 4.499003e-04  eta: 0:14:00  time: 0.213862  data_time: 0.099306  memory: 3109  grad_norm: 0.395039  loss: 0.098335  loss_kpt: 0.098335  acc_pose: 0.994318
2026/09/15 23:44:42 - mmengine - INFO - Exp name: rtmpose-m_lumbar-coco_1stage_20260915_234219
2026/09/15 23:44:42 - mmengine - INFO - Epoch(train)  [46][10/10]  base_lr: 4.599202e-04 lr: 4.599202e-04  eta: 0:13:57  time: 0.213995  data_time: 0.099461  memory: 3109  grad_norm: 0.392375  loss: 0.097781  loss_kpt: 0.097781  acc_pose: 0.997159
2026/09/15 23:44:44 - mmengine - INFO - Exp name: rtmpose-m_lumbar-coco_1stage_20260915_234219
2026/09/15 23:44:44 - mmengine - INFO - Epoch(train)  [47][10/10]  base_lr: 4.699402e-04 lr: 4.699402e-04  eta: 0:13:54  time: 0.214625  data_time: 0.100280  memory: 3109  grad_norm: 0.389830  loss: 0.096836  loss_kpt: 0.096836  acc_pose: 0.981534
2026/09/15 23:44:46 - mmengine - INFO - Exp name: rtmpose-m_lumbar-coco_1stage_20260915_234219
2026/09/15 23:44:46 - mmengine - INFO - Epoch(train)  [48][10/10]  base_lr: 4.799601e-04 lr: 4.799601e-04  eta: 0:13:50  time: 0.213993  data_time: 0.099287  memory: 3109  grad_norm: 0.384253  loss: 0.095417  loss_kpt: 0.095417  acc_pose: 0.953079
2026/09/15 23:44:48 - mmengine - INFO - Exp name: rtmpose-m_lumbar-coco_1stage_20260915_234219
2026/09/15 23:44:48 - mmengine - INFO - Epoch(train)  [49][10/10]  base_lr: 4.899801e-04 lr: 4.899801e-04  eta: 0:13:48  time: 0.213867  data_time: 0.099285  memory: 3109  grad_norm: 0.370505  loss: 0.094057  loss_kpt: 0.094057  acc_pose: 0.992898
2026/09/15 23:44:50 - mmengine - INFO - Exp name: rtmpose-m_lumbar-coco_1stage_20260915_234219
2026/09/15 23:44:50 - mmengine - INFO - Epoch(train)  [50][10/10]  base_lr: 5.000000e-04 lr: 5.000000e-04  eta: 0:13:45  time: 0.213671  data_time: 0.099435  memory: 3109  grad_norm: 0.363503  loss: 0.091699  loss_kpt: 0.091699  acc_pose: 0.992898
2026/09/15 23:44:50 - mmengine - INFO - Saving checkpoint at 50 epochs
2026/09/15 23:44:51 - mmengine - INFO - Evaluating CocoMetric...
2026/09/15 23:44:51 - mmengine - INFO - Evaluating PCKAccuracy (normalized by ``"bbox_size"``)...
2026/09/15 23:44:51 - mmengine - INFO - Epoch(val) [50][3/3]    coco/AP: 0.990916  coco/AP .5: 1.000000  coco/AP .75: 1.000000  coco/AP (M): -1.000000  coco/AP (L): 0.990916  coco/AR: 0.992500  coco/AR .5: 1.000000  coco/AR .75: 1.000000  coco/AR (M): -1.000000  coco/AR (L): 0.992500  PCK: 0.996591  data_time: 0.074877  time: 0.090550
2026/09/15 23:44:53 - mmengine - INFO - Exp name: rtmpose-m_lumbar-coco_1stage_20260915_234219
2026/09/15 23:44:53 - mmengine - INFO - Epoch(train)  [51][10/10]  base_lr: 5.000000e-04 lr: 5.000000e-04  eta: 0:13:42  time: 0.213817  data_time: 0.099744  memory: 3109  grad_norm: 0.366640  loss: 0.089898  loss_kpt: 0.089898  acc_pose: 0.995739
2026/09/15 23:44:55 - mmengine - INFO - Exp name: rtmpose-m_lumbar-coco_1stage_20260915_234219
2026/09/15 23:44:55 - mmengine - INFO - Epoch(train)  [52][10/10]  base_lr: 5.000000e-04 lr: 5.000000e-04  eta: 0:13:39  time: 0.213686  data_time: 0.099772  memory: 3109  grad_norm: 0.359621  loss: 0.088980  loss_kpt: 0.088980  acc_pose: 0.994318
2026/09/15 23:44:58 - mmengine - INFO - Exp name: rtmpose-m_lumbar-coco_1stage_20260915_234219
2026/09/15 23:44:58 - mmengine - INFO - Epoch(train)  [53][10/10]  base_lr: 5.000000e-04 lr: 5.000000e-04  eta: 0:13:37  time: 0.216290  data_time: 0.102712  memory: 3109  grad_norm: 0.356989  loss: 0.087371  loss_kpt: 0.087371  acc_pose: 1.000000
2026/09/15 23:45:00 - mmengine - INFO - Exp name: rtmpose-m_lumbar-coco_1stage_20260915_234219
2026/09/15 23:45:00 - mmengine - INFO - Epoch(train)  [54][10/10]  base_lr: 5.000000e-04 lr: 5.000000e-04  eta: 0:13:34  time: 0.215406  data_time: 0.101870  memory: 3109  grad_norm: 0.357069  loss: 0.086121  loss_kpt: 0.086121  acc_pose: 0.987216
2026/09/15 23:45:02 - mmengine - INFO - Exp name: rtmpose-m_lumbar-coco_1stage_20260915_234219
2026/09/15 23:45:02 - mmengine - INFO - Epoch(train)  [55][10/10]  base_lr: 5.000000e-04 lr: 5.000000e-04  eta: 0:13:31  time: 0.215569  data_time: 0.101612  memory: 3109  grad_norm: 0.351501  loss: 0.084614  loss_kpt: 0.084614  acc_pose: 0.995739
2026/09/15 23:45:04 - mmengine - INFO - Exp name: rtmpose-m_lumbar-coco_1stage_20260915_234219
2026/09/15 23:45:04 - mmengine - INFO - Epoch(train)  [56][10/10]  base_lr: 5.000000e-04 lr: 5.000000e-04  eta: 0:13:28  time: 0.216289  data_time: 0.101569  memory: 3109  grad_norm: 0.334839  loss: 0.083056  loss_kpt: 0.083056  acc_pose: 0.992898
2026/09/15 23:45:06 - mmengine - INFO - Exp name: rtmpose-m_lumbar-coco_1stage_20260915_234219
2026/09/15 23:45:06 - mmengine - INFO - Epoch(train)  [57][10/10]  base_lr: 5.000000e-04 lr: 5.000000e-04  eta: 0:13:26  time: 0.215870  data_time: 0.100623  memory: 3109  grad_norm: 0.334848  loss: 0.081352  loss_kpt: 0.081352  acc_pose: 0.980114
2026/09/15 23:45:08 - mmengine - INFO - Exp name: rtmpose-m_lumbar-coco_1stage_20260915_234219
2026/09/15 23:45:08 - mmengine - INFO - Epoch(train)  [58][10/10]  base_lr: 5.000000e-04 lr: 5.000000e-04  eta: 0:13:23  time: 0.214735  data_time: 0.098992  memory: 3109  grad_norm: 0.330189  loss: 0.080048  loss_kpt: 0.080048  acc_pose: 0.998580
2026/09/15 23:45:11 - mmengine - INFO - Exp name: rtmpose-m_lumbar-coco_1stage_20260915_234219
2026/09/15 23:45:11 - mmengine - INFO - Epoch(train)  [59][10/10]  base_lr: 5.000000e-04 lr: 5.000000e-04  eta: 0:13:21  time: 0.217116  data_time: 0.101263  memory: 3109  grad_norm: 0.330223  loss: 0.079036  loss_kpt: 0.079036  acc_pose: 0.991477
2026/09/15 23:45:13 - mmengine - INFO - Exp name: rtmpose-m_lumbar-coco_1stage_20260915_234219
2026/09/15 23:45:13 - mmengine - INFO - Epoch(train)  [60][10/10]  base_lr: 5.000000e-04 lr: 5.000000e-04  eta: 0:13:19  time: 0.218606  data_time: 0.100865  memory: 3109  grad_norm: 0.330711  loss: 0.077964  loss_kpt: 0.077964  acc_pose: 1.000000
2026/09/15 23:45:13 - mmengine - INFO - Saving checkpoint at 60 epochs
2026/09/15 23:45:14 - mmengine - INFO - Evaluating CocoMetric...
2026/09/15 23:45:14 - mmengine - INFO - Evaluating PCKAccuracy (normalized by ``"bbox_size"``)...
2026/09/15 23:45:14 - mmengine - INFO - Epoch(val) [60][3/3]    coco/AP: 0.993911  coco/AP .5: 1.000000  coco/AP .75: 1.000000  coco/AP (M): -1.000000  coco/AP (L): 0.993911  coco/AR: 0.995000  coco/AR .5: 1.000000  coco/AR .75: 1.000000  coco/AR (M): -1.000000  coco/AR (L): 0.995000  PCK: 0.996591  data_time: 0.074737  time: 0.090452
2026/09/15 23:45:16 - mmengine - INFO - Exp name: rtmpose-m_lumbar-coco_1stage_20260915_234219
2026/09/15 23:45:16 - mmengine - INFO - Epoch(train)  [61][10/10]  base_lr: 5.000000e-04 lr: 5.000000e-04  eta: 0:13:17  time: 0.219851  data_time: 0.101967  memory: 3109  grad_norm: 0.334744  loss: 0.077057  loss_kpt: 0.077057  acc_pose: 0.984375
2026/09/15 23:45:18 - mmengine - INFO - Exp name: rtmpose-m_lumbar-coco_1stage_20260915_234219
2026/09/15 23:45:18 - mmengine - INFO - Epoch(train)  [62][10/10]  base_lr: 5.000000e-04 lr: 5.000000e-04  eta: 0:13:15  time: 0.222516  data_time: 0.104401  memory: 3109  grad_norm: 0.337922  loss: 0.076758  loss_kpt: 0.076758  acc_pose: 0.997159
2026/09/15 23:45:20 - mmengine - INFO - Exp name: rtmpose-m_lumbar-coco_1stage_20260915_234219
2026/09/15 23:45:20 - mmengine - INFO - Epoch(train)  [63][10/10]  base_lr: 5.000000e-04 lr: 5.000000e-04  eta: 0:13:13  time: 0.223780  data_time: 0.105526  memory: 3109  grad_norm: 0.340602  loss: 0.075858  loss_kpt: 0.075858  acc_pose: 0.995739
2026/09/15 23:45:23 - mmengine - INFO - Exp name: rtmpose-m_lumbar-coco_1stage_20260915_234219
2026/09/15 23:45:23 - mmengine - INFO - Epoch(train)  [64][10/10]  base_lr: 5.000000e-04 lr: 5.000000e-04  eta: 0:13:10  time: 0.223047  data_time: 0.104724  memory: 3109  grad_norm: 0.345004  loss: 0.075036  loss_kpt: 0.075036  acc_pose: 0.998580
2026/09/15 23:45:25 - mmengine - INFO - Exp name: rtmpose-m_lumbar-coco_1stage_20260915_234219
2026/09/15 23:45:25 - mmengine - INFO - Epoch(train)  [65][10/10]  base_lr: 5.000000e-04 lr: 5.000000e-04  eta: 0:13:07  time: 0.221539  data_time: 0.105405  memory: 3109  grad_norm: 0.347545  loss: 0.075187  loss_kpt: 0.075187  acc_pose: 1.000000
2026/09/15 23:45:27 - mmengine - INFO - Exp name: rtmpose-m_lumbar-coco_1stage_20260915_234219
2026/09/15 23:45:27 - mmengine - INFO - Epoch(train)  [66][10/10]  base_lr: 5.000000e-04 lr: 5.000000e-04  eta: 0:13:05  time: 0.220283  data_time: 0.104845  memory: 3109  grad_norm: 0.346903  loss: 0.074503  loss_kpt: 0.074503  acc_pose: 0.998580
2026/09/15 23:45:29 - mmengine - INFO - Exp name: rtmpose-m_lumbar-coco_1stage_20260915_234219
2026/09/15 23:45:29 - mmengine - INFO - Epoch(train)  [67][10/10]  base_lr: 5.000000e-04 lr: 5.000000e-04  eta: 0:13:03  time: 0.218314  data_time: 0.103331  memory: 3109  grad_norm: 0.335503  loss: 0.073197  loss_kpt: 0.073197  acc_pose: 0.994318
2026/09/15 23:45:31 - mmengine - INFO - Exp name: rtmpose-m_lumbar-coco_1stage_20260915_234219
2026/09/15 23:45:31 - mmengine - INFO - Epoch(train)  [68][10/10]  base_lr: 5.000000e-04 lr: 5.000000e-04  eta: 0:13:01  time: 0.219348  data_time: 0.102631  memory: 3109  grad_norm: 0.327374  loss: 0.072667  loss_kpt: 0.072667  acc_pose: 0.994318
2026/09/15 23:45:34 - mmengine - INFO - Exp name: rtmpose-m_lumbar-coco_1stage_20260915_234219
2026/09/15 23:45:34 - mmengine - INFO - Epoch(train)  [69][10/10]  base_lr: 5.000000e-04 lr: 5.000000e-04  eta: 0:12:59  time: 0.220533  data_time: 0.103304  memory: 3109  grad_norm: 0.321516  loss: 0.072080  loss_kpt: 0.072080  acc_pose: 0.994318
2026/09/15 23:45:36 - mmengine - INFO - Exp name: rtmpose-m_lumbar-coco_1stage_20260915_234219
2026/09/15 23:45:36 - mmengine - INFO - Epoch(train)  [70][10/10]  base_lr: 5.000000e-04 lr: 5.000000e-04  eta: 0:12:57  time: 0.223554  data_time: 0.105070  memory: 3109  grad_norm: 0.327700  loss: 0.071288  loss_kpt: 0.071288  acc_pose: 0.995644
2026/09/15 23:45:36 - mmengine - INFO - Saving checkpoint at 70 epochs
2026/09/15 23:45:37 - mmengine - INFO - Evaluating CocoMetric...
2026/09/15 23:45:37 - mmengine - INFO - Evaluating PCKAccuracy (normalized by ``"bbox_size"``)...
2026/09/15 23:45:37 - mmengine - INFO - Epoch(val) [70][3/3]    coco/AP: 0.967327  coco/AP .5: 0.970297  coco/AP .75: 0.970297  coco/AP (M): -1.000000  coco/AP (L): 0.967327  coco/AR: 0.972500  coco/AR .5: 0.975000  coco/AR .75: 0.975000  coco/AR (M): -1.000000  coco/AR (L): 0.972500  PCK: 0.986364  data_time: 0.078091  time: 0.094521
2026/09/15 23:45:39 - mmengine - INFO - Exp name: rtmpose-m_lumbar-coco_1stage_20260915_234219
2026/09/15 23:45:39 - mmengine - INFO - Epoch(train)  [71][10/10]  base_lr: 5.000000e-04 lr: 5.000000e-04  eta: 0:12:55  time: 0.224685  data_time: 0.105672  memory: 3109  grad_norm: 0.331391  loss: 0.071741  loss_kpt: 0.071741  acc_pose: 0.988545
2026/09/15 23:45:41 - mmengine - INFO - Exp name: rtmpose-m_lumbar-coco_1stage_20260915_234219
2026/09/15 23:45:41 - mmengine - INFO - Epoch(train)  [72][10/10]  base_lr: 5.000000e-04 lr: 5.000000e-04  eta: 0:12:53  time: 0.225747  data_time: 0.105847  memory: 3109  grad_norm: 0.335333  loss: 0.071439  loss_kpt: 0.071439  acc_pose: 0.998580
2026/09/15 23:45:43 - mmengine - INFO - Exp name: rtmpose-m_lumbar-coco_1stage_20260915_234219
2026/09/15 23:45:43 - mmengine - INFO - Epoch(train)  [73][10/10]  base_lr: 5.000000e-04 lr: 5.000000e-04  eta: 0:12:51  time: 0.225674  data_time: 0.107710  memory: 3109  grad_norm: 0.332660  loss: 0.070999  loss_kpt: 0.070999  acc_pose: 0.997113
2026/09/15 23:45:46 - mmengine - INFO - Exp name: rtmpose-m_lumbar-coco_1stage_20260915_234219
2026/09/15 23:45:46 - mmengine - INFO - Epoch(train)  [74][10/10]  base_lr: 5.000000e-04 lr: 5.000000e-04  eta: 0:12:48  time: 0.224620  data_time: 0.107378  memory: 3109  grad_norm: 0.327086  loss: 0.070155  loss_kpt: 0.070155  acc_pose: 0.998580
2026/09/15 23:45:48 - mmengine - INFO - Exp name: rtmpose-m_lumbar-coco_1stage_20260915_234219
2026/09/15 23:45:48 - mmengine - INFO - Epoch(train)  [75][10/10]  base_lr: 5.000000e-04 lr: 5.000000e-04  eta: 0:12:46  time: 0.222040  data_time: 0.106158  memory: 3109  grad_norm: 0.310897  loss: 0.068813  loss_kpt: 0.068813  acc_pose: 0.998580
2026/09/15 23:45:50 - mmengine - INFO - Exp name: rtmpose-m_lumbar-coco_1stage_20260915_234219
2026/09/15 23:45:50 - mmengine - INFO - Epoch(train)  [76][10/10]  base_lr: 5.000000e-04 lr: 5.000000e-04  eta: 0:12:43  time: 0.219964  data_time: 0.104840  memory: 3109  grad_norm: 0.306338  loss: 0.067328  loss_kpt: 0.067328  acc_pose: 0.998580
2026/09/15 23:45:52 - mmengine - INFO - Exp name: rtmpose-m_lumbar-coco_1stage_20260915_234219
2026/09/15 23:45:52 - mmengine - INFO - Epoch(train)  [77][10/10]  base_lr: 5.000000e-04 lr: 5.000000e-04  eta: 0:12:41  time: 0.218986  data_time: 0.102723  memory: 3109  grad_norm: 0.305598  loss: 0.066242  loss_kpt: 0.066242  acc_pose: 0.998580
2026/09/15 23:45:54 - mmengine - INFO - Exp name: rtmpose-m_lumbar-coco_1stage_20260915_234219
2026/09/15 23:45:54 - mmengine - INFO - Epoch(train)  [78][10/10]  base_lr: 5.000000e-04 lr: 5.000000e-04  eta: 0:12:38  time: 0.215536  data_time: 0.099609  memory: 3109  grad_norm: 0.305714  loss: 0.065344  loss_kpt: 0.065344  acc_pose: 1.000000
2026/09/15 23:45:56 - mmengine - INFO - Exp name: rtmpose-m_lumbar-coco_1stage_20260915_234219
2026/09/15 23:45:56 - mmengine - INFO - Epoch(train)  [79][10/10]  base_lr: 5.000000e-04 lr: 5.000000e-04  eta: 0:12:35  time: 0.213908  data_time: 0.098058  memory: 3109  grad_norm: 0.311961  loss: 0.065069  loss_kpt: 0.065069  acc_pose: 0.995739
2026/09/15 23:45:58 - mmengine - INFO - Exp name: rtmpose-m_lumbar-coco_1stage_20260915_234219
2026/09/15 23:45:58 - mmengine - INFO - Epoch(train)  [80][10/10]  base_lr: 5.000000e-04 lr: 5.000000e-04  eta: 0:12:33  time: 0.212915  data_time: 0.097275  memory: 3109  grad_norm: 0.320313  loss: 0.064865  loss_kpt: 0.064865  acc_pose: 0.998580
2026/09/15 23:45:58 - mmengine - INFO - Saving checkpoint at 80 epochs
2026/09/15 23:45:59 - mmengine - INFO - Evaluating CocoMetric...
2026/09/15 23:45:59 - mmengine - INFO - Evaluating PCKAccuracy (normalized by ``"bbox_size"``)...
2026/09/15 23:45:59 - mmengine - INFO - Epoch(val) [80][3/3]    coco/AP: 0.997030  coco/AP .5: 1.000000  coco/AP .75: 1.000000  coco/AP (M): -1.000000  coco/AP (L): 0.997030  coco/AR: 0.997500  coco/AR .5: 1.000000  coco/AR .75: 1.000000  coco/AR (M): -1.000000  coco/AR (L): 0.997500  PCK: 0.998864  data_time: 0.073967  time: 0.089952
2026/09/15 23:45:59 - mmengine - INFO - The previous best checkpoint /home/PavYtr/Projects/cv/work_dirs/rtmpose-m_lumbar-coco/best_PCK_epoch_40.pth is removed
2026/09/15 23:46:00 - mmengine - INFO - The best checkpoint with 0.9989 PCK at 80 epoch is saved to best_PCK_epoch_80.pth.
2026/09/15 23:46:03 - mmengine - INFO - Exp name: rtmpose-m_lumbar-coco_1stage_20260915_234219
2026/09/15 23:46:03 - mmengine - INFO - Epoch(train)  [81][10/10]  base_lr: 5.000000e-04 lr: 5.000000e-04  eta: 0:12:30  time: 0.213039  data_time: 0.097928  memory: 3109  grad_norm: 0.318064  loss: 0.064465  loss_kpt: 0.064465  acc_pose: 0.998580
2026/09/15 23:46:05 - mmengine - INFO - Exp name: rtmpose-m_lumbar-coco_1stage_20260915_234219
2026/09/15 23:46:05 - mmengine - INFO - Epoch(train)  [82][10/10]  base_lr: 5.000000e-04 lr: 5.000000e-04  eta: 0:12:28  time: 0.212363  data_time: 0.100007  memory: 3109  grad_norm: 0.315803  loss: 0.064387  loss_kpt: 0.064387  acc_pose: 0.997159
2026/09/15 23:46:07 - mmengine - INFO - Exp name: rtmpose-m_lumbar-coco_1stage_20260915_234219
2026/09/15 23:46:07 - mmengine - INFO - Epoch(train)  [83][10/10]  base_lr: 5.000000e-04 lr: 5.000000e-04  eta: 0:12:25  time: 0.212998  data_time: 0.101062  memory: 3109  grad_norm: 0.314378  loss: 0.064092  loss_kpt: 0.064092  acc_pose: 0.991477
2026/09/15 23:46:09 - mmengine - INFO - Exp name: rtmpose-m_lumbar-coco_1stage_20260915_234219
2026/09/15 23:46:09 - mmengine - INFO - Epoch(train)  [84][10/10]  base_lr: 5.000000e-04 lr: 5.000000e-04  eta: 0:12:23  time: 0.213280  data_time: 0.101708  memory: 3109  grad_norm: 0.311300  loss: 0.063840  loss_kpt: 0.063840  acc_pose: 0.998580
2026/09/15 23:46:11 - mmengine - INFO - Exp name: rtmpose-m_lumbar-coco_1stage_20260915_234219
2026/09/15 23:46:11 - mmengine - INFO - Epoch(train)  [85][10/10]  base_lr: 5.000000e-04 lr: 5.000000e-04  eta: 0:12:20  time: 0.213549  data_time: 0.102083  memory: 3109  grad_norm: 0.306157  loss: 0.063421  loss_kpt: 0.063421  acc_pose: 0.998580
2026/09/15 23:46:13 - mmengine - INFO - Exp name: rtmpose-m_lumbar-coco_1stage_20260915_234219
2026/09/15 23:46:13 - mmengine - INFO - Epoch(train)  [86][10/10]  base_lr: 5.000000e-04 lr: 5.000000e-04  eta: 0:12:18  time: 0.214129  data_time: 0.102613  memory: 3109  grad_norm: 0.299426  loss: 0.062854  loss_kpt: 0.062854  acc_pose: 1.000000
2026/09/15 23:46:16 - mmengine - INFO - Exp name: rtmpose-m_lumbar-coco_1stage_20260915_234219
2026/09/15 23:46:16 - mmengine - INFO - Epoch(train)  [87][10/10]  base_lr: 5.000000e-04 lr: 5.000000e-04  eta: 0:12:15  time: 0.214966  data_time: 0.103350  memory: 3109  grad_norm: 0.296524  loss: 0.061993  loss_kpt: 0.061993  acc_pose: 1.000000
2026/09/15 23:46:18 - mmengine - INFO - Exp name: rtmpose-m_lumbar-coco_1stage_20260915_234219
2026/09/15 23:46:18 - mmengine - INFO - Epoch(train)  [88][10/10]  base_lr: 5.000000e-04 lr: 5.000000e-04  eta: 0:12:13  time: 0.215586  data_time: 0.103637  memory: 3109  grad_norm: 0.291089  loss: 0.061091  loss_kpt: 0.061091  acc_pose: 1.000000
2026/09/15 23:46:20 - mmengine - INFO - Exp name: rtmpose-m_lumbar-coco_1stage_20260915_234219
2026/09/15 23:46:20 - mmengine - INFO - Epoch(train)  [89][10/10]  base_lr: 5.000000e-04 lr: 5.000000e-04  eta: 0:12:11  time: 0.216703  data_time: 0.104640  memory: 3109  grad_norm: 0.284918  loss: 0.060143  loss_kpt: 0.060143  acc_pose: 1.000000
2026/09/15 23:46:22 - mmengine - INFO - Exp name: rtmpose-m_lumbar-coco_1stage_20260915_234219
2026/09/15 23:46:22 - mmengine - INFO - Epoch(train)  [90][10/10]  base_lr: 5.000000e-04 lr: 5.000000e-04  eta: 0:12:08  time: 0.217318  data_time: 0.105240  memory: 3109  grad_norm: 0.277256  loss: 0.059070  loss_kpt: 0.059070  acc_pose: 0.997159
2026/09/15 23:46:22 - mmengine - INFO - Saving checkpoint at 90 epochs
2026/09/15 23:46:23 - mmengine - INFO - Evaluating CocoMetric...
2026/09/15 23:46:23 - mmengine - INFO - Evaluating PCKAccuracy (normalized by ``"bbox_size"``)...
2026/09/15 23:46:23 - mmengine - INFO - Epoch(val) [90][3/3]    coco/AP: 0.990866  coco/AP .5: 1.000000  coco/AP .75: 1.000000  coco/AP (M): -1.000000  coco/AP (L): 0.990866  coco/AR: 0.992500  coco/AR .5: 1.000000  coco/AR .75: 1.000000  coco/AR (M): -1.000000  coco/AR (L): 0.992500  PCK: 0.995455  data_time: 0.073974  time: 0.089514
2026/09/15 23:46:25 - mmengine - INFO - Exp name: rtmpose-m_lumbar-coco_1stage_20260915_234219
2026/09/15 23:46:25 - mmengine - INFO - Epoch(train)  [91][10/10]  base_lr: 5.000000e-04 lr: 5.000000e-04  eta: 0:12:06  time: 0.215415  data_time: 0.103117  memory: 3109  grad_norm: 0.278621  loss: 0.058484  loss_kpt: 0.058484  acc_pose: 0.998580
2026/09/15 23:46:27 - mmengine - INFO - Exp name: rtmpose-m_lumbar-coco_1stage_20260915_234219
2026/09/15 23:46:27 - mmengine - INFO - Epoch(train)  [92][10/10]  base_lr: 5.000000e-04 lr: 5.000000e-04  eta: 0:12:03  time: 0.214259  data_time: 0.101855  memory: 3109  grad_norm: 0.275464  loss: 0.058300  loss_kpt: 0.058300  acc_pose: 1.000000
2026/09/15 23:46:29 - mmengine - INFO - Exp name: rtmpose-m_lumbar-coco_1stage_20260915_234219
2026/09/15 23:46:29 - mmengine - INFO - Epoch(train)  [93][10/10]  base_lr: 5.000000e-04 lr: 5.000000e-04  eta: 0:12:01  time: 0.213103  data_time: 0.100820  memory: 3109  grad_norm: 0.276412  loss: 0.057819  loss_kpt: 0.057819  acc_pose: 0.998580
2026/09/15 23:46:31 - mmengine - INFO - Exp name: rtmpose-m_lumbar-coco_1stage_20260915_234219
2026/09/15 23:46:31 - mmengine - INFO - Epoch(train)  [94][10/10]  base_lr: 5.000000e-04 lr: 5.000000e-04  eta: 0:11:58  time: 0.211931  data_time: 0.097367  memory: 3109  grad_norm: 0.271413  loss: 0.056961  loss_kpt: 0.056961  acc_pose: 1.000000
2026/09/15 23:46:33 - mmengine - INFO - Exp name: rtmpose-m_lumbar-coco_1stage_20260915_234219
2026/09/15 23:46:33 - mmengine - INFO - Epoch(train)  [95][10/10]  base_lr: 5.000000e-04 lr: 5.000000e-04  eta: 0:11:56  time: 0.211335  data_time: 0.096467  memory: 3109  grad_norm: 0.274343  loss: 0.057086  loss_kpt: 0.057086  acc_pose: 1.000000
2026/09/15 23:46:36 - mmengine - INFO - Exp name: rtmpose-m_lumbar-coco_1stage_20260915_234219
2026/09/15 23:46:36 - mmengine - INFO - Epoch(train)  [96][10/10]  base_lr: 5.000000e-04 lr: 5.000000e-04  eta: 0:11:53  time: 0.211185  data_time: 0.096176  memory: 3109  grad_norm: 0.273628  loss: 0.056582  loss_kpt: 0.056582  acc_pose: 1.000000
2026/09/15 23:46:38 - mmengine - INFO - Exp name: rtmpose-m_lumbar-coco_1stage_20260915_234219
2026/09/15 23:46:38 - mmengine - INFO - Epoch(train)  [97][10/10]  base_lr: 5.000000e-04 lr: 5.000000e-04  eta: 0:11:50  time: 0.210689  data_time: 0.095505  memory: 3109  grad_norm: 0.274048  loss: 0.055587  loss_kpt: 0.055587  acc_pose: 1.000000
2026/09/15 23:46:40 - mmengine - INFO - Exp name: rtmpose-m_lumbar-coco_1stage_20260915_234219
2026/09/15 23:46:40 - mmengine - INFO - Epoch(train)  [98][10/10]  base_lr: 5.000000e-04 lr: 5.000000e-04  eta: 0:11:48  time: 0.211822  data_time: 0.096558  memory: 3109  grad_norm: 0.272643  loss: 0.055569  loss_kpt: 0.055569  acc_pose: 1.000000
2026/09/15 23:46:42 - mmengine - INFO - Exp name: rtmpose-m_lumbar-coco_1stage_20260915_234219
2026/09/15 23:46:42 - mmengine - INFO - Epoch(train)  [99][10/10]  base_lr: 5.000000e-04 lr: 5.000000e-04  eta: 0:11:46  time: 0.212092  data_time: 0.099143  memory: 3109  grad_norm: 0.274081  loss: 0.055427  loss_kpt: 0.055427  acc_pose: 1.000000
2026/09/15 23:46:44 - mmengine - INFO - Exp name: rtmpose-m_lumbar-coco_1stage_20260915_234219
2026/09/15 23:46:44 - mmengine - INFO - Epoch(train) [100][10/10]  base_lr: 5.000000e-04 lr: 5.000000e-04  eta: 0:11:43  time: 0.213091  data_time: 0.100640  memory: 3109  grad_norm: 0.268770  loss: 0.054469  loss_kpt: 0.054469  acc_pose: 1.000000
2026/09/15 23:46:44 - mmengine - INFO - Saving checkpoint at 100 epochs
2026/09/15 23:46:45 - mmengine - INFO - Evaluating CocoMetric...
2026/09/15 23:46:45 - mmengine - INFO - Evaluating PCKAccuracy (normalized by ``"bbox_size"``)...
2026/09/15 23:46:45 - mmengine - INFO - Epoch(val) [100][3/3]    coco/AP: 0.984777  coco/AP .5: 1.000000  coco/AP .75: 0.969554  coco/AP (M): -1.000000  coco/AP (L): 0.984777  coco/AR: 0.987500  coco/AR .5: 1.000000  coco/AR .75: 0.975000  coco/AR (M): -1.000000  coco/AR (L): 0.987500  PCK: 0.993182  data_time: 0.074106  time: 0.089745
2026/09/15 23:46:47 - mmengine - INFO - Exp name: rtmpose-m_lumbar-coco_1stage_20260915_234219
2026/09/15 23:46:47 - mmengine - INFO - Epoch(train) [101][10/10]  base_lr: 5.000000e-04 lr: 5.000000e-04  eta: 0:11:41  time: 0.214668  data_time: 0.102017  memory: 3109  grad_norm: 0.269040  loss: 0.053973  loss_kpt: 0.053973  acc_pose: 1.000000
2026/09/15 23:46:49 - mmengine - INFO - Exp name: rtmpose-m_lumbar-coco_1stage_20260915_234219
2026/09/15 23:46:49 - mmengine - INFO - Epoch(train) [102][10/10]  base_lr: 5.000000e-04 lr: 5.000000e-04  eta: 0:11:39  time: 0.214856  data_time: 0.101779  memory: 3109  grad_norm: 0.271120  loss: 0.053920  loss_kpt: 0.053920  acc_pose: 0.998580
2026/09/15 23:46:51 - mmengine - INFO - Exp name: rtmpose-m_lumbar-coco_1stage_20260915_234219
2026/09/15 23:46:51 - mmengine - INFO - Epoch(train) [103][10/10]  base_lr: 5.000000e-04 lr: 5.000000e-04  eta: 0:11:36  time: 0.214112  data_time: 0.100897  memory: 3109  grad_norm: 0.271809  loss: 0.053487  loss_kpt: 0.053487  acc_pose: 1.000000
2026/09/15 23:46:53 - mmengine - INFO - Exp name: rtmpose-m_lumbar-coco_1stage_20260915_234219
2026/09/15 23:46:53 - mmengine - INFO - Epoch(train) [104][10/10]  base_lr: 5.000000e-04 lr: 5.000000e-04  eta: 0:11:34  time: 0.214074  data_time: 0.100782  memory: 3109  grad_norm: 0.272121  loss: 0.053411  loss_kpt: 0.053411  acc_pose: 1.000000
2026/09/15 23:46:56 - mmengine - INFO - Exp name: rtmpose-m_lumbar-coco_1stage_20260915_234219
2026/09/15 23:46:56 - mmengine - INFO - Epoch(train) [105][10/10]  base_lr: 5.000000e-04 lr: 5.000000e-04  eta: 0:11:31  time: 0.213472  data_time: 0.099948  memory: 3109  grad_norm: 0.276297  loss: 0.053419  loss_kpt: 0.053419  acc_pose: 0.998580
2026/09/15 23:46:58 - mmengine - INFO - Exp name: rtmpose-m_lumbar-coco_1stage_20260915_234219
2026/09/15 23:46:58 - mmengine - INFO - Epoch(train) [106][10/10]  base_lr: 5.000000e-04 lr: 5.000000e-04  eta: 0:11:29  time: 0.213772  data_time: 0.099937  memory: 3109  grad_norm: 0.277660  loss: 0.053270  loss_kpt: 0.053270  acc_pose: 0.997159
2026/09/15 23:47:00 - mmengine - INFO - Exp name: rtmpose-m_lumbar-coco_1stage_20260915_234219
2026/09/15 23:47:00 - mmengine - INFO - Epoch(train) [107][10/10]  base_lr: 5.000000e-04 lr: 5.000000e-04  eta: 0:11:27  time: 0.214883  data_time: 0.100780  memory: 3109  grad_norm: 0.276708  loss: 0.053136  loss_kpt: 0.053136  acc_pose: 0.998580
2026/09/15 23:47:02 - mmengine - INFO - Exp name: rtmpose-m_lumbar-coco_1stage_20260915_234219
2026/09/15 23:47:02 - mmengine - INFO - Epoch(train) [108][10/10]  base_lr: 5.000000e-04 lr: 5.000000e-04  eta: 0:11:25  time: 0.216854  data_time: 0.101990  memory: 3109  grad_norm: 0.281602  loss: 0.052889  loss_kpt: 0.052889  acc_pose: 0.998580
2026/09/15 23:47:05 - mmengine - INFO - Exp name: rtmpose-m_lumbar-coco_1stage_20260915_234219
2026/09/15 23:47:05 - mmengine - INFO - Epoch(train) [109][10/10]  base_lr: 5.000000e-04 lr: 5.000000e-04  eta: 0:11:23  time: 0.220480  data_time: 0.104006  memory: 3109  grad_norm: 0.286751  loss: 0.052482  loss_kpt: 0.052482  acc_pose: 0.998580
2026/09/15 23:47:07 - mmengine - INFO - Exp name: rtmpose-m_lumbar-coco_1stage_20260915_234219
2026/09/15 23:47:07 - mmengine - INFO - Epoch(train) [110][10/10]  base_lr: 5.000000e-04 lr: 5.000000e-04  eta: 0:11:21  time: 0.221087  data_time: 0.103240  memory: 3109  grad_norm: 0.289266  loss: 0.052493  loss_kpt: 0.052493  acc_pose: 0.995739
2026/09/15 23:47:07 - mmengine - INFO - Saving checkpoint at 110 epochs
2026/09/15 23:47:08 - mmengine - INFO - Evaluating CocoMetric...
2026/09/15 23:47:08 - mmengine - INFO - Evaluating PCKAccuracy (normalized by ``"bbox_size"``)...
2026/09/15 23:47:08 - mmengine - INFO - Epoch(val) [110][3/3]    coco/AP: 0.989057  coco/AP .5: 1.000000  coco/AP .75: 1.000000  coco/AP (M): -1.000000  coco/AP (L): 0.989057  coco/AR: 0.990000  coco/AR .5: 1.000000  coco/AR .75: 1.000000  coco/AR (M): -1.000000  coco/AR (L): 0.990000  PCK: 0.994318  data_time: 0.080192  time: 0.096983
2026/09/15 23:47:10 - mmengine - INFO - Exp name: rtmpose-m_lumbar-coco_1stage_20260915_234219
2026/09/15 23:47:10 - mmengine - INFO - Epoch(train) [111][10/10]  base_lr: 5.000000e-04 lr: 5.000000e-04  eta: 0:11:19  time: 0.223003  data_time: 0.104913  memory: 3109  grad_norm: 0.290370  loss: 0.052448  loss_kpt: 0.052448  acc_pose: 0.997159
2026/09/15 23:47:12 - mmengine - INFO - Exp name: rtmpose-m_lumbar-coco_1stage_20260915_234219
2026/09/15 23:47:12 - mmengine - INFO - Epoch(train) [112][10/10]  base_lr: 5.000000e-04 lr: 5.000000e-04  eta: 0:11:17  time: 0.225918  data_time: 0.107684  memory: 3109  grad_norm: 0.291044  loss: 0.052529  loss_kpt: 0.052529  acc_pose: 1.000000
2026/09/15 23:47:14 - mmengine - INFO - Exp name: rtmpose-m_lumbar-coco_1stage_20260915_234219
2026/09/15 23:47:14 - mmengine - INFO - Epoch(train) [113][10/10]  base_lr: 5.000000e-04 lr: 5.000000e-04  eta: 0:11:15  time: 0.226298  data_time: 0.108022  memory: 3109  grad_norm: 0.285184  loss: 0.052170  loss_kpt: 0.052170  acc_pose: 1.000000
2026/09/15 23:47:17 - mmengine - INFO - Exp name: rtmpose-m_lumbar-coco_1stage_20260915_234219
2026/09/15 23:47:17 - mmengine - INFO - Epoch(train) [114][10/10]  base_lr: 5.000000e-04 lr: 5.000000e-04  eta: 0:11:13  time: 0.224789  data_time: 0.106874  memory: 3109  grad_norm: 0.276000  loss: 0.051364  loss_kpt: 0.051364  acc_pose: 1.000000
2026/09/15 23:47:19 - mmengine - INFO - Exp name: rtmpose-m_lumbar-coco_1stage_20260915_234219
2026/09/15 23:47:19 - mmengine - INFO - Epoch(train) [115][10/10]  base_lr: 5.000000e-04 lr: 5.000000e-04  eta: 0:11:10  time: 0.225523  data_time: 0.107436  memory: 3109  grad_norm: 0.272357  loss: 0.050550  loss_kpt: 0.050550  acc_pose: 1.000000
2026/09/15 23:47:21 - mmengine - INFO - Exp name: rtmpose-m_lumbar-coco_1stage_20260915_234219
2026/09/15 23:47:21 - mmengine - INFO - Epoch(train) [116][10/10]  base_lr: 5.000000e-04 lr: 5.000000e-04  eta: 0:11:08  time: 0.225587  data_time: 0.106782  memory: 3109  grad_norm: 0.268749  loss: 0.049725  loss_kpt: 0.049725  acc_pose: 1.000000
2026/09/15 23:47:23 - mmengine - INFO - Exp name: rtmpose-m_lumbar-coco_1stage_20260915_234219
2026/09/15 23:47:23 - mmengine - INFO - Epoch(train) [117][10/10]  base_lr: 5.000000e-04 lr: 5.000000e-04  eta: 0:11:06  time: 0.223815  data_time: 0.104923  memory: 3109  grad_norm: 0.260985  loss: 0.048788  loss_kpt: 0.048788  acc_pose: 0.998580
2026/09/15 23:47:26 - mmengine - INFO - Exp name: rtmpose-m_lumbar-coco_1stage_20260915_234219
2026/09/15 23:47:26 - mmengine - INFO - Epoch(train) [118][10/10]  base_lr: 5.000000e-04 lr: 5.000000e-04  eta: 0:11:04  time: 0.222869  data_time: 0.103949  memory: 3109  grad_norm: 0.258827  loss: 0.048202  loss_kpt: 0.048202  acc_pose: 1.000000
2026/09/15 23:47:28 - mmengine - INFO - Exp name: rtmpose-m_lumbar-coco_1stage_20260915_234219
2026/09/15 23:47:28 - mmengine - INFO - Epoch(train) [119][10/10]  base_lr: 5.000000e-04 lr: 5.000000e-04  eta: 0:11:02  time: 0.222192  data_time: 0.103079  memory: 3109  grad_norm: 0.261063  loss: 0.048416  loss_kpt: 0.048416  acc_pose: 0.998580
2026/09/15 23:47:30 - mmengine - INFO - Exp name: rtmpose-m_lumbar-coco_1stage_20260915_234219
2026/09/15 23:47:30 - mmengine - INFO - Epoch(train) [120][10/10]  base_lr: 5.000000e-04 lr: 5.000000e-04  eta: 0:11:00  time: 0.222325  data_time: 0.103866  memory: 3109  grad_norm: 0.255427  loss: 0.048087  loss_kpt: 0.048087  acc_pose: 1.000000
2026/09/15 23:47:30 - mmengine - INFO - Saving checkpoint at 120 epochs
2026/09/15 23:47:31 - mmengine - INFO - Evaluating CocoMetric...
2026/09/15 23:47:31 - mmengine - INFO - Evaluating PCKAccuracy (normalized by ``"bbox_size"``)...
2026/09/15 23:47:31 - mmengine - INFO - Epoch(val) [120][3/3]    coco/AP: 0.984666  coco/AP .5: 1.000000  coco/AP .75: 1.000000  coco/AP (M): -1.000000  coco/AP (L): 0.984666  coco/AR: 0.987500  coco/AR .5: 1.000000  coco/AR .75: 1.000000  coco/AR (M): -1.000000  coco/AR (L): 0.987500  PCK: 0.994318  data_time: 0.076468  time: 0.093523
2026/09/15 23:47:33 - mmengine - INFO - Exp name: rtmpose-m_lumbar-coco_1stage_20260915_234219
2026/09/15 23:47:33 - mmengine - INFO - Epoch(train) [121][10/10]  base_lr: 5.000000e-04 lr: 5.000000e-04  eta: 0:10:58  time: 0.221167  data_time: 0.103528  memory: 3109  grad_norm: 0.247925  loss: 0.047644  loss_kpt: 0.047644  acc_pose: 1.000000
2026/09/15 23:47:35 - mmengine - INFO - Exp name: rtmpose-m_lumbar-coco_1stage_20260915_234219
2026/09/15 23:47:35 - mmengine - INFO - Epoch(train) [122][10/10]  base_lr: 5.000000e-04 lr: 5.000000e-04  eta: 0:10:55  time: 0.221667  data_time: 0.104041  memory: 3109  grad_norm: 0.249443  loss: 0.047543  loss_kpt: 0.047543  acc_pose: 1.000000
2026/09/15 23:47:38 - mmengine - INFO - Exp name: rtmpose-m_lumbar-coco_1stage_20260915_234219
2026/09/15 23:47:38 - mmengine - INFO - Epoch(train) [123][10/10]  base_lr: 5.000000e-04 lr: 5.000000e-04  eta: 0:10:53  time: 0.221260  data_time: 0.103699  memory: 3109  grad_norm: 0.248770  loss: 0.047401  loss_kpt: 0.047401  acc_pose: 1.000000
2026/09/15 23:47:40 - mmengine - INFO - Exp name: rtmpose-m_lumbar-coco_1stage_20260915_234219
2026/09/15 23:47:40 - mmengine - INFO - Epoch(train) [124][10/10]  base_lr: 5.000000e-04 lr: 5.000000e-04  eta: 0:10:51  time: 0.222411  data_time: 0.105381  memory: 3109  grad_norm: 0.248619  loss: 0.047130  loss_kpt: 0.047130  acc_pose: 1.000000
2026/09/15 23:47:42 - mmengine - INFO - Exp name: rtmpose-m_lumbar-coco_1stage_20260915_234219
2026/09/15 23:47:42 - mmengine - INFO - Epoch(train) [125][10/10]  base_lr: 5.000000e-04 lr: 5.000000e-04  eta: 0:10:49  time: 0.221902  data_time: 0.104698  memory: 3109  grad_norm: 0.248781  loss: 0.046600  loss_kpt: 0.046600  acc_pose: 0.998580
2026/09/15 23:47:44 - mmengine - INFO - Exp name: rtmpose-m_lumbar-coco_1stage_20260915_234219
2026/09/15 23:47:44 - mmengine - INFO - Epoch(train) [126][10/10]  base_lr: 5.000000e-04 lr: 5.000000e-04  eta: 0:10:47  time: 0.221959  data_time: 0.104613  memory: 3109  grad_norm: 0.247351  loss: 0.046033  loss_kpt: 0.046033  acc_pose: 1.000000
2026/09/15 23:47:47 - mmengine - INFO - Exp name: rtmpose-m_lumbar-coco_1stage_20260915_234219
2026/09/15 23:47:47 - mmengine - INFO - Epoch(train) [127][10/10]  base_lr: 5.000000e-04 lr: 5.000000e-04  eta: 0:10:45  time: 0.221055  data_time: 0.103710  memory: 3109  grad_norm: 0.242642  loss: 0.045430  loss_kpt: 0.045430  acc_pose: 1.000000
2026/09/15 23:47:49 - mmengine - INFO - Exp name: rtmpose-m_lumbar-coco_1stage_20260915_234219
2026/09/15 23:47:49 - mmengine - INFO - Epoch(train) [128][10/10]  base_lr: 5.000000e-04 lr: 5.000000e-04  eta: 0:10:42  time: 0.220295  data_time: 0.102841  memory: 3109  grad_norm: 0.241953  loss: 0.044831  loss_kpt: 0.044831  acc_pose: 1.000000
2026/09/15 23:47:51 - mmengine - INFO - Exp name: rtmpose-m_lumbar-coco_1stage_20260915_234219
2026/09/15 23:47:51 - mmengine - INFO - Epoch(train) [129][10/10]  base_lr: 5.000000e-04 lr: 5.000000e-04  eta: 0:10:40  time: 0.219725  data_time: 0.102321  memory: 3109  grad_norm: 0.239689  loss: 0.044424  loss_kpt: 0.044424  acc_pose: 1.000000
2026/09/15 23:47:53 - mmengine - INFO - Exp name: rtmpose-m_lumbar-coco_1stage_20260915_234219
2026/09/15 23:47:53 - mmengine - INFO - Epoch(train) [130][10/10]  base_lr: 5.000000e-04 lr: 5.000000e-04  eta: 0:10:38  time: 0.220299  data_time: 0.102487  memory: 3109  grad_norm: 0.237713  loss: 0.044121  loss_kpt: 0.044121  acc_pose: 1.000000
2026/09/15 23:47:53 - mmengine - INFO - Saving checkpoint at 130 epochs
2026/09/15 23:47:54 - mmengine - INFO - Evaluating CocoMetric...
2026/09/15 23:47:54 - mmengine - INFO - Evaluating PCKAccuracy (normalized by ``"bbox_size"``)...
2026/09/15 23:47:54 - mmengine - INFO - Epoch(val) [130][3/3]    coco/AP: 0.982001  coco/AP .5: 1.000000  coco/AP .75: 0.970297  coco/AP (M): -1.000000  coco/AP (L): 0.982001  coco/AR: 0.985000  coco/AR .5: 1.000000  coco/AR .75: 0.975000  coco/AR (M): -1.000000  coco/AR (L): 0.985000  PCK: 0.992045  data_time: 0.075690  time: 0.092511
2026/09/15 23:47:56 - mmengine - INFO - Exp name: rtmpose-m_lumbar-coco_1stage_20260915_234219
2026/09/15 23:47:56 - mmengine - INFO - Epoch(train) [131][10/10]  base_lr: 5.000000e-04 lr: 5.000000e-04  eta: 0:10:36  time: 0.219881  data_time: 0.101616  memory: 3109  grad_norm: 0.240425  loss: 0.044347  loss_kpt: 0.044347  acc_pose: 1.000000
2026/09/15 23:47:58 - mmengine - INFO - Exp name: rtmpose-m_lumbar-coco_1stage_20260915_234219
2026/09/15 23:47:58 - mmengine - INFO - Epoch(train) [132][10/10]  base_lr: 5.000000e-04 lr: 5.000000e-04  eta: 0:10:33  time: 0.219358  data_time: 0.100629  memory: 3109  grad_norm: 0.238472  loss: 0.044263  loss_kpt: 0.044263  acc_pose: 1.000000
2026/09/15 23:48:01 - mmengine - INFO - Exp name: rtmpose-m_lumbar-coco_1stage_20260915_234219
2026/09/15 23:48:01 - mmengine - INFO - Epoch(train) [133][10/10]  base_lr: 5.000000e-04 lr: 5.000000e-04  eta: 0:10:31  time: 0.220778  data_time: 0.101878  memory: 3109  grad_norm: 0.238415  loss: 0.044200  loss_kpt: 0.044200  acc_pose: 1.000000
2026/09/15 23:48:03 - mmengine - INFO - Exp name: rtmpose-m_lumbar-coco_1stage_20260915_234219
2026/09/15 23:48:03 - mmengine - INFO - Epoch(train) [134][10/10]  base_lr: 5.000000e-04 lr: 5.000000e-04  eta: 0:10:29  time: 0.220461  data_time: 0.101130  memory: 3109  grad_norm: 0.246510  loss: 0.044245  loss_kpt: 0.044245  acc_pose: 0.995739
2026/09/15 23:48:05 - mmengine - INFO - Exp name: rtmpose-m_lumbar-coco_1stage_20260915_234219
2026/09/15 23:48:05 - mmengine - INFO - Epoch(train) [135][10/10]  base_lr: 5.000000e-04 lr: 5.000000e-04  eta: 0:10:27  time: 0.220676  data_time: 0.101308  memory: 3109  grad_norm: 0.248864  loss: 0.044872  loss_kpt: 0.044872  acc_pose: 1.000000
2026/09/15 23:48:07 - mmengine - INFO - Exp name: rtmpose-m_lumbar-coco_1stage_20260915_234219
2026/09/15 23:48:07 - mmengine - INFO - Epoch(train) [136][10/10]  base_lr: 5.000000e-04 lr: 5.000000e-04  eta: 0:10:25  time: 0.221706  data_time: 0.102907  memory: 3109  grad_norm: 0.260820  loss: 0.045318  loss_kpt: 0.045318  acc_pose: 1.000000
2026/09/15 23:48:10 - mmengine - INFO - Exp name: rtmpose-m_lumbar-coco_1stage_20260915_234219
2026/09/15 23:48:10 - mmengine - INFO - Epoch(train) [137][10/10]  base_lr: 5.000000e-04 lr: 5.000000e-04  eta: 0:10:23  time: 0.223041  data_time: 0.104849  memory: 3109  grad_norm: 0.270085  loss: 0.045233  loss_kpt: 0.045233  acc_pose: 1.000000
2026/09/15 23:48:12 - mmengine - INFO - Exp name: rtmpose-m_lumbar-coco_1stage_20260915_234219
2026/09/15 23:48:12 - mmengine - INFO - Epoch(train) [138][10/10]  base_lr: 5.000000e-04 lr: 5.000000e-04  eta: 0:10:21  time: 0.223704  data_time: 0.105628  memory: 3109  grad_norm: 0.273312  loss: 0.045459  loss_kpt: 0.045459  acc_pose: 1.000000
2026/09/15 23:48:14 - mmengine - INFO - Exp name: rtmpose-m_lumbar-coco_1stage_20260915_234219
2026/09/15 23:48:14 - mmengine - INFO - Epoch(train) [139][10/10]  base_lr: 5.000000e-04 lr: 5.000000e-04  eta: 0:10:19  time: 0.224168  data_time: 0.106349  memory: 3109  grad_norm: 0.266650  loss: 0.045081  loss_kpt: 0.045081  acc_pose: 0.998580
2026/09/15 23:48:16 - mmengine - INFO - Exp name: rtmpose-m_lumbar-coco_1stage_20260915_234219
2026/09/15 23:48:16 - mmengine - INFO - Epoch(train) [140][10/10]  base_lr: 5.000000e-04 lr: 5.000000e-04  eta: 0:10:16  time: 0.224738  data_time: 0.107014  memory: 3109  grad_norm: 0.263075  loss: 0.044384  loss_kpt: 0.044384  acc_pose: 1.000000
2026/09/15 23:48:16 - mmengine - INFO - Saving checkpoint at 140 epochs
2026/09/15 23:48:17 - mmengine - INFO - Evaluating CocoMetric...
2026/09/15 23:48:17 - mmengine - INFO - Evaluating PCKAccuracy (normalized by ``"bbox_size"``)...
2026/09/15 23:48:17 - mmengine - INFO - Epoch(val) [140][3/3]    coco/AP: 0.988119  coco/AP .5: 1.000000  coco/AP .75: 1.000000  coco/AP (M): -1.000000  coco/AP (L): 0.988119  coco/AR: 0.990000  coco/AR .5: 1.000000  coco/AR .75: 1.000000  coco/AR (M): -1.000000  coco/AR (L): 0.990000  PCK: 0.994318  data_time: 0.075788  time: 0.092066
2026/09/15 23:48:20 - mmengine - INFO - Exp name: rtmpose-m_lumbar-coco_1stage_20260915_234219
2026/09/15 23:48:20 - mmengine - INFO - Epoch(train) [141][10/10]  base_lr: 5.000000e-04 lr: 5.000000e-04  eta: 0:10:14  time: 0.225465  data_time: 0.107675  memory: 3109  grad_norm: 0.249374  loss: 0.043438  loss_kpt: 0.043438  acc_pose: 1.000000
2026/09/15 23:48:22 - mmengine - INFO - Exp name: rtmpose-m_lumbar-coco_1stage_20260915_234219
2026/09/15 23:48:22 - mmengine - INFO - Epoch(train) [142][10/10]  base_lr: 5.000000e-04 lr: 5.000000e-04  eta: 0:10:12  time: 0.224729  data_time: 0.106597  memory: 3109  grad_norm: 0.246703  loss: 0.043299  loss_kpt: 0.043299  acc_pose: 1.000000
2026/09/15 23:48:24 - mmengine - INFO - Exp name: rtmpose-m_lumbar-coco_1stage_20260915_234219
2026/09/15 23:48:24 - mmengine - INFO - Epoch(train) [143][10/10]  base_lr: 5.000000e-04 lr: 5.000000e-04  eta: 0:10:10  time: 0.223120  data_time: 0.104743  memory: 3109  grad_norm: 0.243570  loss: 0.042781  loss_kpt: 0.042781  acc_pose: 0.997159
2026/09/15 23:48:26 - mmengine - INFO - Exp name: rtmpose-m_lumbar-coco_1stage_20260915_234219
2026/09/15 23:48:26 - mmengine - INFO - Epoch(train) [144][10/10]  base_lr: 5.000000e-04 lr: 5.000000e-04  eta: 0:10:08  time: 0.222456  data_time: 0.105217  memory: 3109  grad_norm: 0.241695  loss: 0.042399  loss_kpt: 0.042399  acc_pose: 1.000000
2026/09/15 23:48:28 - mmengine - INFO - Exp name: rtmpose-m_lumbar-coco_1stage_20260915_234219
2026/09/15 23:48:28 - mmengine - INFO - Epoch(train) [145][10/10]  base_lr: 5.000000e-04 lr: 5.000000e-04  eta: 0:10:05  time: 0.220055  data_time: 0.103954  memory: 3109  grad_norm: 0.240059  loss: 0.042440  loss_kpt: 0.042440  acc_pose: 0.998580
2026/09/15 23:48:30 - mmengine - INFO - Exp name: rtmpose-m_lumbar-coco_1stage_20260915_234219
2026/09/15 23:48:30 - mmengine - INFO - Epoch(train) [146][10/10]  base_lr: 5.000000e-04 lr: 5.000000e-04  eta: 0:10:03  time: 0.217458  data_time: 0.102280  memory: 3109  grad_norm: 0.243390  loss: 0.042576  loss_kpt: 0.042576  acc_pose: 0.998580
2026/09/15 23:48:33 - mmengine - INFO - Exp name: rtmpose-m_lumbar-coco_1stage_20260915_234219
2026/09/15 23:48:33 - mmengine - INFO - Epoch(train) [147][10/10]  base_lr: 5.000000e-04 lr: 5.000000e-04  eta: 0:10:01  time: 0.216223  data_time: 0.102300  memory: 3109  grad_norm: 0.240691  loss: 0.042446  loss_kpt: 0.042446  acc_pose: 1.000000
2026/09/15 23:48:35 - mmengine - INFO - Exp name: rtmpose-m_lumbar-coco_1stage_20260915_234219
2026/09/15 23:48:35 - mmengine - INFO - Epoch(train) [148][10/10]  base_lr: 5.000000e-04 lr: 5.000000e-04  eta: 0:09:59  time: 0.216314  data_time: 0.103836  memory: 3109  grad_norm: 0.235245  loss: 0.042115  loss_kpt: 0.042115  acc_pose: 0.998580
2026/09/15 23:48:37 - mmengine - INFO - Exp name: rtmpose-m_lumbar-coco_1stage_20260915_234219
2026/09/15 23:48:37 - mmengine - INFO - Epoch(train) [149][10/10]  base_lr: 5.000000e-04 lr: 5.000000e-04  eta: 0:09:56  time: 0.216045  data_time: 0.101821  memory: 3109  grad_norm: 0.227772  loss: 0.041801  loss_kpt: 0.041801  acc_pose: 1.000000
2026/09/15 23:48:39 - mmengine - INFO - Exp name: rtmpose-m_lumbar-coco_1stage_20260915_234219
2026/09/15 23:48:39 - mmengine - INFO - Epoch(train) [150][10/10]  base_lr: 5.000000e-04 lr: 5.000000e-04  eta: 0:09:54  time: 0.216313  data_time: 0.102478  memory: 3109  grad_norm: 0.224256  loss: 0.041270  loss_kpt: 0.041270  acc_pose: 1.000000
2026/09/15 23:48:39 - mmengine - INFO - Saving checkpoint at 150 epochs
2026/09/15 23:48:40 - mmengine - INFO - Evaluating CocoMetric...
2026/09/15 23:48:40 - mmengine - INFO - Evaluating PCKAccuracy (normalized by ``"bbox_size"``)...
2026/09/15 23:48:40 - mmengine - INFO - Epoch(val) [150][3/3]    coco/AP: 0.987941  coco/AP .5: 1.000000  coco/AP .75: 1.000000  coco/AP (M): -1.000000  coco/AP (L): 0.987941  coco/AR: 0.990000  coco/AR .5: 1.000000  coco/AR .75: 1.000000  coco/AR (M): -1.000000  coco/AR (L): 0.990000  PCK: 0.994318  data_time: 0.073986  time: 0.090524
2026/09/15 23:48:42 - mmengine - INFO - Exp name: rtmpose-m_lumbar-coco_1stage_20260915_234219
2026/09/15 23:48:42 - mmengine - INFO - Epoch(train) [151][10/10]  base_lr: 5.000000e-04 lr: 5.000000e-04  eta: 0:09:52  time: 0.216029  data_time: 0.101762  memory: 3109  grad_norm: 0.221942  loss: 0.040757  loss_kpt: 0.040757  acc_pose: 1.000000
2026/09/15 23:48:44 - mmengine - INFO - Exp name: rtmpose-m_lumbar-coco_1stage_20260915_234219
2026/09/15 23:48:44 - mmengine - INFO - Epoch(train) [152][10/10]  base_lr: 5.000000e-04 lr: 5.000000e-04  eta: 0:09:49  time: 0.216778  data_time: 0.102440  memory: 3109  grad_norm: 0.218032  loss: 0.040238  loss_kpt: 0.040238  acc_pose: 1.000000
2026/09/15 23:48:46 - mmengine - INFO - Exp name: rtmpose-m_lumbar-coco_1stage_20260915_234219
2026/09/15 23:48:46 - mmengine - INFO - Epoch(train) [153][10/10]  base_lr: 5.000000e-04 lr: 5.000000e-04  eta: 0:09:47  time: 0.216836  data_time: 0.102383  memory: 3109  grad_norm: 0.223379  loss: 0.040389  loss_kpt: 0.040389  acc_pose: 0.998580
2026/09/15 23:48:49 - mmengine - INFO - Exp name: rtmpose-m_lumbar-coco_1stage_20260915_234219
2026/09/15 23:48:49 - mmengine - INFO - Epoch(train) [154][10/10]  base_lr: 5.000000e-04 lr: 5.000000e-04  eta: 0:09:45  time: 0.215984  data_time: 0.103183  memory: 3109  grad_norm: 0.225266  loss: 0.040202  loss_kpt: 0.040202  acc_pose: 1.000000
2026/09/15 23:48:51 - mmengine - INFO - Exp name: rtmpose-m_lumbar-coco_1stage_20260915_234219
2026/09/15 23:48:51 - mmengine - INFO - Epoch(train) [155][10/10]  base_lr: 5.000000e-04 lr: 5.000000e-04  eta: 0:09:43  time: 0.215816  data_time: 0.102681  memory: 3109  grad_norm: 0.229582  loss: 0.040078  loss_kpt: 0.040078  acc_pose: 0.998580
2026/09/15 23:48:53 - mmengine - INFO - Exp name: rtmpose-m_lumbar-coco_1stage_20260915_234219
2026/09/15 23:48:53 - mmengine - INFO - Epoch(train) [156][10/10]  base_lr: 5.000000e-04 lr: 5.000000e-04  eta: 0:09:40  time: 0.216550  data_time: 0.103672  memory: 3109  grad_norm: 0.227412  loss: 0.039751  loss_kpt: 0.039751  acc_pose: 0.998580
2026/09/15 23:48:55 - mmengine - INFO - Exp name: rtmpose-m_lumbar-coco_1stage_20260915_234219
2026/09/15 23:48:55 - mmengine - INFO - Epoch(train) [157][10/10]  base_lr: 5.000000e-04 lr: 5.000000e-04  eta: 0:09:38  time: 0.219597  data_time: 0.106673  memory: 3109  grad_norm: 0.231535  loss: 0.039606  loss_kpt: 0.039606  acc_pose: 1.000000
2026/09/15 23:48:57 - mmengine - INFO - Exp name: rtmpose-m_lumbar-coco_1stage_20260915_234219
2026/09/15 23:48:57 - mmengine - INFO - Epoch(train) [158][10/10]  base_lr: 5.000000e-04 lr: 5.000000e-04  eta: 0:09:36  time: 0.218491  data_time: 0.105284  memory: 3109  grad_norm: 0.228343  loss: 0.039282  loss_kpt: 0.039282  acc_pose: 0.997159
2026/09/15 23:48:59 - mmengine - INFO - Exp name: rtmpose-m_lumbar-coco_1stage_20260915_234219
2026/09/15 23:48:59 - mmengine - INFO - Epoch(train) [159][10/10]  base_lr: 5.000000e-04 lr: 5.000000e-04  eta: 0:09:34  time: 0.218493  data_time: 0.105612  memory: 3109  grad_norm: 0.228445  loss: 0.039571  loss_kpt: 0.039571  acc_pose: 1.000000
2026/09/15 23:49:02 - mmengine - INFO - Exp name: rtmpose-m_lumbar-coco_1stage_20260915_234219
2026/09/15 23:49:02 - mmengine - INFO - Epoch(train) [160][10/10]  base_lr: 5.000000e-04 lr: 5.000000e-04  eta: 0:09:31  time: 0.217961  data_time: 0.105294  memory: 3109  grad_norm: 0.225352  loss: 0.039649  loss_kpt: 0.039649  acc_pose: 1.000000
2026/09/15 23:49:02 - mmengine - INFO - Saving checkpoint at 160 epochs
2026/09/15 23:49:02 - mmengine - INFO - Evaluating CocoMetric...
2026/09/15 23:49:02 - mmengine - INFO - Evaluating PCKAccuracy (normalized by ``"bbox_size"``)...
2026/09/15 23:49:02 - mmengine - INFO - Epoch(val) [160][3/3]    coco/AP: 0.994059  coco/AP .5: 1.000000  coco/AP .75: 1.000000  coco/AP (M): -1.000000  coco/AP (L): 0.994059  coco/AR: 0.995000  coco/AR .5: 1.000000  coco/AR .75: 1.000000  coco/AR (M): -1.000000  coco/AR (L): 0.995000  PCK: 0.997727  data_time: 0.074582  time: 0.091028
2026/09/15 23:49:05 - mmengine - INFO - Exp name: rtmpose-m_lumbar-coco_1stage_20260915_234219
2026/09/15 23:49:05 - mmengine - INFO - Epoch(train) [161][10/10]  base_lr: 5.000000e-04 lr: 5.000000e-04  eta: 0:09:29  time: 0.217606  data_time: 0.105032  memory: 3109  grad_norm: 0.224830  loss: 0.039577  loss_kpt: 0.039577  acc_pose: 0.998580
2026/09/15 23:49:07 - mmengine - INFO - Exp name: rtmpose-m_lumbar-coco_1stage_20260915_234219
2026/09/15 23:49:07 - mmengine - INFO - Epoch(train) [162][10/10]  base_lr: 5.000000e-04 lr: 5.000000e-04  eta: 0:09:27  time: 0.212540  data_time: 0.099914  memory: 3109  grad_norm: 0.226520  loss: 0.039689  loss_kpt: 0.039689  acc_pose: 1.000000
2026/09/15 23:49:09 - mmengine - INFO - Exp name: rtmpose-m_lumbar-coco_1stage_20260915_234219
2026/09/15 23:49:09 - mmengine - INFO - Epoch(train) [163][10/10]  base_lr: 5.000000e-04 lr: 5.000000e-04  eta: 0:09:25  time: 0.212868  data_time: 0.100724  memory: 3109  grad_norm: 0.229078  loss: 0.039741  loss_kpt: 0.039741  acc_pose: 1.000000
2026/09/15 23:49:11 - mmengine - INFO - Exp name: rtmpose-m_lumbar-coco_1stage_20260915_234219
2026/09/15 23:49:11 - mmengine - INFO - Epoch(train) [164][10/10]  base_lr: 5.000000e-04 lr: 5.000000e-04  eta: 0:09:22  time: 0.213167  data_time: 0.100895  memory: 3109  grad_norm: 0.228137  loss: 0.039134  loss_kpt: 0.039134  acc_pose: 1.000000
2026/09/15 23:49:13 - mmengine - INFO - Exp name: rtmpose-m_lumbar-coco_1stage_20260915_234219
2026/09/15 23:49:13 - mmengine - INFO - Epoch(train) [165][10/10]  base_lr: 5.000000e-04 lr: 5.000000e-04  eta: 0:09:20  time: 0.216231  data_time: 0.104065  memory: 3109  grad_norm: 0.229617  loss: 0.038910  loss_kpt: 0.038910  acc_pose: 0.995739
2026/09/15 23:49:15 - mmengine - INFO - Exp name: rtmpose-m_lumbar-coco_1stage_20260915_234219
2026/09/15 23:49:15 - mmengine - INFO - Epoch(train) [166][10/10]  base_lr: 5.000000e-04 lr: 5.000000e-04  eta: 0:09:18  time: 0.216109  data_time: 0.104165  memory: 3109  grad_norm: 0.224816  loss: 0.038674  loss_kpt: 0.038674  acc_pose: 1.000000
2026/09/15 23:49:18 - mmengine - INFO - Exp name: rtmpose-m_lumbar-coco_1stage_20260915_234219
2026/09/15 23:49:18 - mmengine - INFO - Epoch(train) [167][10/10]  base_lr: 5.000000e-04 lr: 5.000000e-04  eta: 0:09:16  time: 0.217985  data_time: 0.106376  memory: 3109  grad_norm: 0.216650  loss: 0.037997  loss_kpt: 0.037997  acc_pose: 1.000000
2026/09/15 23:49:20 - mmengine - INFO - Exp name: rtmpose-m_lumbar-coco_1stage_20260915_234219
2026/09/15 23:49:20 - mmengine - INFO - Epoch(train) [168][10/10]  base_lr: 5.000000e-04 lr: 5.000000e-04  eta: 0:09:13  time: 0.218855  data_time: 0.107236  memory: 3109  grad_norm: 0.212706  loss: 0.037349  loss_kpt: 0.037349  acc_pose: 1.000000
2026/09/15 23:49:22 - mmengine - INFO - Exp name: rtmpose-m_lumbar-coco_1stage_20260915_234219
2026/09/15 23:49:22 - mmengine - INFO - Epoch(train) [169][10/10]  base_lr: 5.000000e-04 lr: 5.000000e-04  eta: 0:09:11  time: 0.218184  data_time: 0.106524  memory: 3109  grad_norm: 0.213665  loss: 0.037306  loss_kpt: 0.037306  acc_pose: 1.000000
2026/09/15 23:49:24 - mmengine - INFO - Exp name: rtmpose-m_lumbar-coco_1stage_20260915_234219
2026/09/15 23:49:24 - mmengine - INFO - Epoch(train) [170][10/10]  base_lr: 5.000000e-04 lr: 5.000000e-04  eta: 0:09:09  time: 0.216071  data_time: 0.104451  memory: 3109  grad_norm: 0.213609  loss: 0.037256  loss_kpt: 0.037256  acc_pose: 1.000000
2026/09/15 23:49:24 - mmengine - INFO - Saving checkpoint at 170 epochs
2026/09/15 23:49:25 - mmengine - INFO - Evaluating CocoMetric...
2026/09/15 23:49:25 - mmengine - INFO - Evaluating PCKAccuracy (normalized by ``"bbox_size"``)...
2026/09/15 23:49:25 - mmengine - INFO - Epoch(val) [170][3/3]    coco/AP: 0.988119  coco/AP .5: 1.000000  coco/AP .75: 1.000000  coco/AP (M): -1.000000  coco/AP (L): 0.988119  coco/AR: 0.990000  coco/AR .5: 1.000000  coco/AR .75: 1.000000  coco/AR (M): -1.000000  coco/AR (L): 0.990000  PCK: 0.994318  data_time: 0.074639  time: 0.090730
2026/09/15 23:49:27 - mmengine - INFO - Exp name: rtmpose-m_lumbar-coco_1stage_20260915_234219
2026/09/15 23:49:27 - mmengine - INFO - Epoch(train) [171][10/10]  base_lr: 5.000000e-04 lr: 5.000000e-04  eta: 0:09:07  time: 0.216969  data_time: 0.104980  memory: 3109  grad_norm: 0.222278  loss: 0.037553  loss_kpt: 0.037553  acc_pose: 1.000000
2026/09/15 23:49:29 - mmengine - INFO - Exp name: rtmpose-m_lumbar-coco_1stage_20260915_234219
2026/09/15 23:49:29 - mmengine - INFO - Epoch(train) [172][10/10]  base_lr: 5.000000e-04 lr: 5.000000e-04  eta: 0:09:05  time: 0.218096  data_time: 0.105844  memory: 3109  grad_norm: 0.229002  loss: 0.038030  loss_kpt: 0.038030  acc_pose: 1.000000
2026/09/15 23:49:32 - mmengine - INFO - Exp name: rtmpose-m_lumbar-coco_1stage_20260915_234219
2026/09/15 23:49:32 - mmengine - INFO - Epoch(train) [173][10/10]  base_lr: 5.000000e-04 lr: 5.000000e-04  eta: 0:09:02  time: 0.219126  data_time: 0.105260  memory: 3109  grad_norm: 0.226426  loss: 0.038153  loss_kpt: 0.038153  acc_pose: 1.000000
2026/09/15 23:49:34 - mmengine - INFO - Exp name: rtmpose-m_lumbar-coco_1stage_20260915_234219
2026/09/15 23:49:34 - mmengine - INFO - Epoch(train) [174][10/10]  base_lr: 5.000000e-04 lr: 5.000000e-04  eta: 0:09:00  time: 0.220736  data_time: 0.106349  memory: 3109  grad_norm: 0.223609  loss: 0.037946  loss_kpt: 0.037946  acc_pose: 1.000000
2026/09/15 23:49:36 - mmengine - INFO - Exp name: rtmpose-m_lumbar-coco_1stage_20260915_234219
2026/09/15 23:49:36 - mmengine - INFO - Epoch(train) [175][10/10]  base_lr: 5.000000e-04 lr: 5.000000e-04  eta: 0:08:58  time: 0.221988  data_time: 0.106843  memory: 3109  grad_norm: 0.219950  loss: 0.037423  loss_kpt: 0.037423  acc_pose: 1.000000
2026/09/15 23:49:38 - mmengine - INFO - Exp name: rtmpose-m_lumbar-coco_1stage_20260915_234219
2026/09/15 23:49:38 - mmengine - INFO - Epoch(train) [176][10/10]  base_lr: 5.000000e-04 lr: 5.000000e-04  eta: 0:08:56  time: 0.222480  data_time: 0.107552  memory: 3109  grad_norm: 0.215885  loss: 0.037262  loss_kpt: 0.037262  acc_pose: 1.000000
2026/09/15 23:49:40 - mmengine - INFO - Exp name: rtmpose-m_lumbar-coco_1stage_20260915_234219
2026/09/15 23:49:40 - mmengine - INFO - Epoch(train) [177][10/10]  base_lr: 5.000000e-04 lr: 5.000000e-04  eta: 0:08:54  time: 0.221002  data_time: 0.106185  memory: 3109  grad_norm: 0.210728  loss: 0.036850  loss_kpt: 0.036850  acc_pose: 0.998580
2026/09/15 23:49:43 - mmengine - INFO - Exp name: rtmpose-m_lumbar-coco_1stage_20260915_234219
2026/09/15 23:49:43 - mmengine - INFO - Epoch(train) [178][10/10]  base_lr: 5.000000e-04 lr: 5.000000e-04  eta: 0:08:51  time: 0.221111  data_time: 0.107312  memory: 3109  grad_norm: 0.226391  loss: 0.037139  loss_kpt: 0.037139  acc_pose: 0.995739
2026/09/15 23:49:45 - mmengine - INFO - Exp name: rtmpose-m_lumbar-coco_1stage_20260915_234219
2026/09/15 23:49:45 - mmengine - INFO - Epoch(train) [179][10/10]  base_lr: 5.000000e-04 lr: 5.000000e-04  eta: 0:08:49  time: 0.220612  data_time: 0.107167  memory: 3109  grad_norm: 0.245257  loss: 0.038255  loss_kpt: 0.038255  acc_pose: 0.973011
2026/09/15 23:49:47 - mmengine - INFO - Exp name: rtmpose-m_lumbar-coco_1stage_20260915_234219
2026/09/15 23:49:47 - mmengine - INFO - Epoch(train) [180][10/10]  base_lr: 5.000000e-04 lr: 5.000000e-04  eta: 0:08:47  time: 0.219371  data_time: 0.106427  memory: 3109  grad_norm: 0.291598  loss: 0.042703  loss_kpt: 0.042703  acc_pose: 0.997159
2026/09/15 23:49:47 - mmengine - INFO - Saving checkpoint at 180 epochs
2026/09/15 23:49:48 - mmengine - INFO - Evaluating CocoMetric...
2026/09/15 23:49:48 - mmengine - INFO - Evaluating PCKAccuracy (normalized by ``"bbox_size"``)...
2026/09/15 23:49:48 - mmengine - INFO - Epoch(val) [180][3/3]    coco/AP: 0.973496  coco/AP .5: 1.000000  coco/AP .75: 0.970297  coco/AP (M): -1.000000  coco/AP (L): 0.973496  coco/AR: 0.977500  coco/AR .5: 1.000000  coco/AR .75: 0.975000  coco/AR (M): -1.000000  coco/AR (L): 0.977500  PCK: 0.987500  data_time: 0.073505  time: 0.089061
2026/09/15 23:49:50 - mmengine - INFO - Exp name: rtmpose-m_lumbar-coco_1stage_20260915_234219
2026/09/15 23:49:50 - mmengine - INFO - Epoch(train) [181][10/10]  base_lr: 5.000000e-04 lr: 5.000000e-04  eta: 0:08:45  time: 0.219147  data_time: 0.106048  memory: 3109  grad_norm: 0.306107  loss: 0.046967  loss_kpt: 0.046967  acc_pose: 1.000000
2026/09/15 23:49:52 - mmengine - INFO - Exp name: rtmpose-m_lumbar-coco_1stage_20260915_234219
2026/09/15 23:49:52 - mmengine - INFO - Epoch(train) [182][10/10]  base_lr: 5.000000e-04 lr: 5.000000e-04  eta: 0:08:43  time: 0.219666  data_time: 0.106492  memory: 3109  grad_norm: 0.313757  loss: 0.049799  loss_kpt: 0.049799  acc_pose: 0.998580
2026/09/15 23:49:54 - mmengine - INFO - Exp name: rtmpose-m_lumbar-coco_1stage_20260915_234219
2026/09/15 23:49:54 - mmengine - INFO - Epoch(train) [183][10/10]  base_lr: 5.000000e-04 lr: 5.000000e-04  eta: 0:08:40  time: 0.218813  data_time: 0.105770  memory: 3109  grad_norm: 0.322188  loss: 0.052335  loss_kpt: 0.052335  acc_pose: 1.000000
2026/09/15 23:49:57 - mmengine - INFO - Exp name: rtmpose-m_lumbar-coco_1stage_20260915_234219
2026/09/15 23:49:57 - mmengine - INFO - Epoch(train) [184][10/10]  base_lr: 5.000000e-04 lr: 5.000000e-04  eta: 0:08:38  time: 0.219137  data_time: 0.105896  memory: 3109  grad_norm: 0.308540  loss: 0.053461  loss_kpt: 0.053461  acc_pose: 1.000000
2026/09/15 23:49:59 - mmengine - INFO - Exp name: rtmpose-m_lumbar-coco_1stage_20260915_234219
2026/09/15 23:49:59 - mmengine - INFO - Epoch(train) [185][10/10]  base_lr: 5.000000e-04 lr: 5.000000e-04  eta: 0:08:36  time: 0.219581  data_time: 0.106395  memory: 3109  grad_norm: 0.269445  loss: 0.051078  loss_kpt: 0.051078  acc_pose: 0.998580
2026/09/15 23:50:01 - mmengine - INFO - Exp name: rtmpose-m_lumbar-coco_1stage_20260915_234219
2026/09/15 23:50:01 - mmengine - INFO - Epoch(train) [186][10/10]  base_lr: 5.000000e-04 lr: 5.000000e-04  eta: 0:08:34  time: 0.219802  data_time: 0.105016  memory: 3109  grad_norm: 0.255495  loss: 0.047967  loss_kpt: 0.047967  acc_pose: 0.998580
2026/09/15 23:50:03 - mmengine - INFO - Exp name: rtmpose-m_lumbar-coco_1stage_20260915_234219
2026/09/15 23:50:03 - mmengine - INFO - Epoch(train) [187][10/10]  base_lr: 5.000000e-04 lr: 5.000000e-04  eta: 0:08:32  time: 0.220642  data_time: 0.105479  memory: 3109  grad_norm: 0.243926  loss: 0.045923  loss_kpt: 0.045923  acc_pose: 1.000000
2026/09/15 23:50:05 - mmengine - INFO - Exp name: rtmpose-m_lumbar-coco_1stage_20260915_234219
2026/09/15 23:50:05 - mmengine - INFO - Epoch(train) [188][10/10]  base_lr: 5.000000e-04 lr: 5.000000e-04  eta: 0:08:30  time: 0.220784  data_time: 0.105188  memory: 3109  grad_norm: 0.218083  loss: 0.043428  loss_kpt: 0.043428  acc_pose: 0.998580
2026/09/15 23:50:08 - mmengine - INFO - Exp name: rtmpose-m_lumbar-coco_1stage_20260915_234219
2026/09/15 23:50:08 - mmengine - INFO - Epoch(train) [189][10/10]  base_lr: 5.000000e-04 lr: 5.000000e-04  eta: 0:08:27  time: 0.220120  data_time: 0.104273  memory: 3109  grad_norm: 0.208978  loss: 0.041742  loss_kpt: 0.041742  acc_pose: 1.000000
2026/09/15 23:50:10 - mmengine - INFO - Exp name: rtmpose-m_lumbar-coco_1stage_20260915_234219
2026/09/15 23:50:10 - mmengine - INFO - Epoch(train) [190][10/10]  base_lr: 5.000000e-04 lr: 5.000000e-04  eta: 0:08:25  time: 0.219054  data_time: 0.102595  memory: 3109  grad_norm: 0.197591  loss: 0.039933  loss_kpt: 0.039933  acc_pose: 0.998580
2026/09/15 23:50:10 - mmengine - INFO - Saving checkpoint at 190 epochs
2026/09/15 23:50:11 - mmengine - INFO - Evaluating CocoMetric...
2026/09/15 23:50:11 - mmengine - INFO - Evaluating PCKAccuracy (normalized by ``"bbox_size"``)...
2026/09/15 23:50:11 - mmengine - INFO - Epoch(val) [190][3/3]    coco/AP: 0.991089  coco/AP .5: 1.000000  coco/AP .75: 1.000000  coco/AP (M): -1.000000  coco/AP (L): 0.991089  coco/AR: 0.992500  coco/AR .5: 1.000000  coco/AR .75: 1.000000  coco/AR (M): -1.000000  coco/AR (L): 0.992500  PCK: 0.996591  data_time: 0.074425  time: 0.090390
2026/09/15 23:50:13 - mmengine - INFO - Exp name: rtmpose-m_lumbar-coco_1stage_20260915_234219
2026/09/15 23:50:13 - mmengine - INFO - Epoch(train) [191][10/10]  base_lr: 5.000000e-04 lr: 5.000000e-04  eta: 0:08:23  time: 0.217192  data_time: 0.102298  memory: 3109  grad_norm: 0.188827  loss: 0.038426  loss_kpt: 0.038426  acc_pose: 1.000000
2026/09/15 23:50:15 - mmengine - INFO - Exp name: rtmpose-m_lumbar-coco_1stage_20260915_234219
2026/09/15 23:50:15 - mmengine - INFO - Epoch(train) [192][10/10]  base_lr: 5.000000e-04 lr: 5.000000e-04  eta: 0:08:20  time: 0.215327  data_time: 0.100819  memory: 3109  grad_norm: 0.184696  loss: 0.037345  loss_kpt: 0.037345  acc_pose: 0.997159
2026/09/15 23:50:17 - mmengine - INFO - Exp name: rtmpose-m_lumbar-coco_1stage_20260915_234219
2026/09/15 23:50:17 - mmengine - INFO - Epoch(train) [193][10/10]  base_lr: 5.000000e-04 lr: 5.000000e-04  eta: 0:08:18  time: 0.215172  data_time: 0.101078  memory: 3109  grad_norm: 0.180477  loss: 0.036450  loss_kpt: 0.036450  acc_pose: 1.000000
2026/09/15 23:50:19 - mmengine - INFO - Exp name: rtmpose-m_lumbar-coco_1stage_20260915_234219
2026/09/15 23:50:19 - mmengine - INFO - Epoch(train) [194][10/10]  base_lr: 5.000000e-04 lr: 5.000000e-04  eta: 0:08:16  time: 0.216054  data_time: 0.101652  memory: 3109  grad_norm: 0.182522  loss: 0.035762  loss_kpt: 0.035762  acc_pose: 1.000000
2026/09/15 23:50:22 - mmengine - INFO - Exp name: rtmpose-m_lumbar-coco_1stage_20260915_234219
2026/09/15 23:50:22 - mmengine - INFO - Epoch(train) [195][10/10]  base_lr: 5.000000e-04 lr: 5.000000e-04  eta: 0:08:14  time: 0.218287  data_time: 0.104013  memory: 3109  grad_norm: 0.185080  loss: 0.035367  loss_kpt: 0.035367  acc_pose: 1.000000
2026/09/15 23:50:24 - mmengine - INFO - Exp name: rtmpose-m_lumbar-coco_1stage_20260915_234219
2026/09/15 23:50:24 - mmengine - INFO - Epoch(train) [196][10/10]  base_lr: 5.000000e-04 lr: 5.000000e-04  eta: 0:08:12  time: 0.220134  data_time: 0.105441  memory: 3109  grad_norm: 0.190184  loss: 0.035546  loss_kpt: 0.035546  acc_pose: 1.000000
2026/09/15 23:50:26 - mmengine - INFO - Exp name: rtmpose-m_lumbar-coco_1stage_20260915_234219
2026/09/15 23:50:26 - mmengine - INFO - Epoch(train) [197][10/10]  base_lr: 5.000000e-04 lr: 5.000000e-04  eta: 0:08:10  time: 0.221043  data_time: 0.105862  memory: 3109  grad_norm: 0.195477  loss: 0.035408  loss_kpt: 0.035408  acc_pose: 1.000000
2026/09/15 23:50:28 - mmengine - INFO - Exp name: rtmpose-m_lumbar-coco_1stage_20260915_234219
2026/09/15 23:50:28 - mmengine - INFO - Epoch(train) [198][10/10]  base_lr: 5.000000e-04 lr: 5.000000e-04  eta: 0:08:07  time: 0.220432  data_time: 0.104976  memory: 3109  grad_norm: 0.201059  loss: 0.035504  loss_kpt: 0.035504  acc_pose: 0.998580
2026/09/15 23:50:30 - mmengine - INFO - Exp name: rtmpose-m_lumbar-coco_1stage_20260915_234219
2026/09/15 23:50:30 - mmengine - INFO - Epoch(train) [199][10/10]  base_lr: 5.000000e-04 lr: 5.000000e-04  eta: 0:08:05  time: 0.220903  data_time: 0.105910  memory: 3109  grad_norm: 0.201039  loss: 0.035223  loss_kpt: 0.035223  acc_pose: 1.000000
2026/09/15 23:50:32 - mmengine - INFO - Exp name: rtmpose-m_lumbar-coco_1stage_20260915_234219
2026/09/15 23:50:32 - mmengine - INFO - Epoch(train) [200][10/10]  base_lr: 5.000000e-04 lr: 5.000000e-04  eta: 0:08:03  time: 0.218549  data_time: 0.103938  memory: 3109  grad_norm: 0.205718  loss: 0.035306  loss_kpt: 0.035306  acc_pose: 1.000000
2026/09/15 23:50:32 - mmengine - INFO - Saving checkpoint at 200 epochs
2026/09/15 23:50:33 - mmengine - INFO - Evaluating CocoMetric...
2026/09/15 23:50:33 - mmengine - INFO - Evaluating PCKAccuracy (normalized by ``"bbox_size"``)...
2026/09/15 23:50:33 - mmengine - INFO - Epoch(val) [200][3/3]    coco/AP: 0.991089  coco/AP .5: 1.000000  coco/AP .75: 1.000000  coco/AP (M): -1.000000  coco/AP (L): 0.991089  coco/AR: 0.992500  coco/AR .5: 1.000000  coco/AR .75: 1.000000  coco/AR (M): -1.000000  coco/AR (L): 0.992500  PCK: 0.996591  data_time: 0.074285  time: 0.090189
2026/09/15 23:50:36 - mmengine - INFO - Exp name: rtmpose-m_lumbar-coco_1stage_20260915_234219
2026/09/15 23:50:36 - mmengine - INFO - Epoch(train) [201][10/10]  base_lr: 5.000000e-04 lr: 5.000000e-04  eta: 0:08:01  time: 0.217891  data_time: 0.103286  memory: 3109  grad_norm: 0.207701  loss: 0.035068  loss_kpt: 0.035068  acc_pose: 0.994318
2026/09/15 23:50:38 - mmengine - INFO - Exp name: rtmpose-m_lumbar-coco_1stage_20260915_234219
2026/09/15 23:50:38 - mmengine - INFO - Epoch(train) [202][10/10]  base_lr: 5.000000e-04 lr: 5.000000e-04  eta: 0:07:58  time: 0.218150  data_time: 0.103422  memory: 3109  grad_norm: 0.200663  loss: 0.034937  loss_kpt: 0.034937  acc_pose: 0.998580
2026/09/15 23:50:40 - mmengine - INFO - Exp name: rtmpose-m_lumbar-coco_1stage_20260915_234219
2026/09/15 23:50:40 - mmengine - INFO - Epoch(train) [203][10/10]  base_lr: 5.000000e-04 lr: 5.000000e-04  eta: 0:07:56  time: 0.219041  data_time: 0.104146  memory: 3109  grad_norm: 0.201216  loss: 0.034920  loss_kpt: 0.034920  acc_pose: 1.000000
2026/09/15 23:50:42 - mmengine - INFO - Exp name: rtmpose-m_lumbar-coco_1stage_20260915_234219
2026/09/15 23:50:42 - mmengine - INFO - Epoch(train) [204][10/10]  base_lr: 5.000000e-04 lr: 5.000000e-04  eta: 0:07:54  time: 0.217052  data_time: 0.101654  memory: 3109  grad_norm: 0.207708  loss: 0.034951  loss_kpt: 0.034951  acc_pose: 1.000000
2026/09/15 23:50:44 - mmengine - INFO - Exp name: rtmpose-m_lumbar-coco_1stage_20260915_234219
2026/09/15 23:50:44 - mmengine - INFO - Epoch(train) [205][10/10]  base_lr: 5.000000e-04 lr: 5.000000e-04  eta: 0:07:52  time: 0.218809  data_time: 0.102357  memory: 3109  grad_norm: 0.206522  loss: 0.034687  loss_kpt: 0.034687  acc_pose: 1.000000
2026/09/15 23:50:46 - mmengine - INFO - Exp name: rtmpose-m_lumbar-coco_1stage_20260915_234219
2026/09/15 23:50:46 - mmengine - INFO - Epoch(train) [206][10/10]  base_lr: 5.000000e-04 lr: 5.000000e-04  eta: 0:07:50  time: 0.218774  data_time: 0.102321  memory: 3109  grad_norm: 0.204894  loss: 0.034532  loss_kpt: 0.034532  acc_pose: 1.000000
2026/09/15 23:50:49 - mmengine - INFO - Exp name: rtmpose-m_lumbar-coco_1stage_20260915_234219
2026/09/15 23:50:49 - mmengine - INFO - Epoch(train) [207][10/10]  base_lr: 5.000000e-04 lr: 5.000000e-04  eta: 0:07:47  time: 0.218093  data_time: 0.101597  memory: 3109  grad_norm: 0.210779  loss: 0.034469  loss_kpt: 0.034469  acc_pose: 0.998580
2026/09/15 23:50:51 - mmengine - INFO - Exp name: rtmpose-m_lumbar-coco_1stage_20260915_234219
2026/09/15 23:50:51 - mmengine - INFO - Epoch(train) [208][10/10]  base_lr: 5.000000e-04 lr: 5.000000e-04  eta: 0:07:45  time: 0.217680  data_time: 0.101273  memory: 3109  grad_norm: 0.209600  loss: 0.034000  loss_kpt: 0.034000  acc_pose: 1.000000
2026/09/15 23:50:53 - mmengine - INFO - Exp name: rtmpose-m_lumbar-coco_1stage_20260915_234219
2026/09/15 23:50:53 - mmengine - INFO - Epoch(train) [209][10/10]  base_lr: 5.000000e-04 lr: 5.000000e-04  eta: 0:07:43  time: 0.219116  data_time: 0.102857  memory: 3109  grad_norm: 0.203404  loss: 0.033640  loss_kpt: 0.033640  acc_pose: 1.000000
2026/09/15 23:50:55 - mmengine - INFO - Exp name: rtmpose-m_lumbar-coco_1stage_20260915_234219
2026/09/15 23:50:55 - mmengine - INFO - Epoch(train) [210][10/10]  base_lr: 5.000000e-04 lr: 5.000000e-04  eta: 0:07:41  time: 0.218405  data_time: 0.102638  memory: 3109  grad_norm: 0.200330  loss: 0.033220  loss_kpt: 0.033220  acc_pose: 1.000000
2026/09/15 23:50:55 - mmengine - INFO - Saving checkpoint at 210 epochs
2026/09/15 23:50:56 - mmengine - INFO - Evaluating CocoMetric...
2026/09/15 23:50:56 - mmengine - INFO - Evaluating PCKAccuracy (normalized by ``"bbox_size"``)...
2026/09/15 23:50:56 - mmengine - INFO - Epoch(val) [210][3/3]    coco/AP: 0.988017  coco/AP .5: 1.000000  coco/AP .75: 1.000000  coco/AP (M): -1.000000  coco/AP (L): 0.988017  coco/AR: 0.990000  coco/AR .5: 1.000000  coco/AR .75: 1.000000  coco/AR (M): -1.000000  coco/AR (L): 0.990000  PCK: 0.994318  data_time: 0.074951  time: 0.090832
2026/09/15 23:50:58 - mmengine - INFO - Exp name: rtmpose-m_lumbar-coco_1stage_20260915_234219
2026/09/15 23:50:58 - mmengine - INFO - Epoch(train) [211][10/10]  base_lr: 4.999785e-04 lr: 4.999785e-04  eta: 0:07:39  time: 0.218706  data_time: 0.102959  memory: 3109  grad_norm: 0.197463  loss: 0.032779  loss_kpt: 0.032779  acc_pose: 0.998580
2026/09/15 23:51:01 - mmengine - INFO - Exp name: rtmpose-m_lumbar-coco_1stage_20260915_234219
2026/09/15 23:51:01 - mmengine - INFO - Epoch(train) [212][10/10]  base_lr: 4.999041e-04 lr: 4.999041e-04  eta: 0:07:36  time: 0.220032  data_time: 0.103666  memory: 3109  grad_norm: 0.197915  loss: 0.032418  loss_kpt: 0.032418  acc_pose: 1.000000
2026/09/15 23:51:03 - mmengine - INFO - Exp name: rtmpose-m_lumbar-coco_1stage_20260915_234219
2026/09/15 23:51:03 - mmengine - INFO - Epoch(train) [213][10/10]  base_lr: 4.997765e-04 lr: 4.997765e-04  eta: 0:07:34  time: 0.220864  data_time: 0.103649  memory: 3109  grad_norm: 0.193128  loss: 0.032280  loss_kpt: 0.032280  acc_pose: 1.000000
2026/09/15 23:51:05 - mmengine - INFO - Exp name: rtmpose-m_lumbar-coco_1stage_20260915_234219
2026/09/15 23:51:05 - mmengine - INFO - Epoch(train) [214][10/10]  base_lr: 4.995959e-04 lr: 4.995959e-04  eta: 0:07:32  time: 0.221376  data_time: 0.103917  memory: 3109  grad_norm: 0.189662  loss: 0.031965  loss_kpt: 0.031965  acc_pose: 0.998580
2026/09/15 23:51:07 - mmengine - INFO - Exp name: rtmpose-m_lumbar-coco_1stage_20260915_234219
2026/09/15 23:51:07 - mmengine - INFO - Epoch(train) [215][10/10]  base_lr: 4.993622e-04 lr: 4.993622e-04  eta: 0:07:30  time: 0.221905  data_time: 0.105102  memory: 3109  grad_norm: 0.189030  loss: 0.031935  loss_kpt: 0.031935  acc_pose: 1.000000
2026/09/15 23:51:09 - mmengine - INFO - Exp name: rtmpose-m_lumbar-coco_1stage_20260915_234219
2026/09/15 23:51:09 - mmengine - INFO - Epoch(train) [216][10/10]  base_lr: 4.990755e-04 lr: 4.990755e-04  eta: 0:07:28  time: 0.221300  data_time: 0.104802  memory: 3109  grad_norm: 0.188474  loss: 0.031918  loss_kpt: 0.031918  acc_pose: 0.992898
2026/09/15 23:51:12 - mmengine - INFO - Exp name: rtmpose-m_lumbar-coco_1stage_20260915_234219
2026/09/15 23:51:12 - mmengine - INFO - Epoch(train) [217][10/10]  base_lr: 4.987358e-04 lr: 4.987358e-04  eta: 0:07:25  time: 0.219809  data_time: 0.104561  memory: 3109  grad_norm: 0.184385  loss: 0.031930  loss_kpt: 0.031930  acc_pose: 0.997159
2026/09/15 23:51:14 - mmengine - INFO - Exp name: rtmpose-m_lumbar-coco_1stage_20260915_234219
2026/09/15 23:51:14 - mmengine - INFO - Epoch(train) [218][10/10]  base_lr: 4.983433e-04 lr: 4.983433e-04  eta: 0:07:23  time: 0.219071  data_time: 0.104815  memory: 3109  grad_norm: 0.184615  loss: 0.031901  loss_kpt: 0.031901  acc_pose: 0.998580
2026/09/15 23:51:16 - mmengine - INFO - Exp name: rtmpose-m_lumbar-coco_1stage_20260915_234219
2026/09/15 23:51:16 - mmengine - INFO - Epoch(train) [219][10/10]  base_lr: 4.978980e-04 lr: 4.978980e-04  eta: 0:07:21  time: 0.217468  data_time: 0.103740  memory: 3109  grad_norm: 0.188398  loss: 0.032085  loss_kpt: 0.032085  acc_pose: 0.997159
2026/09/15 23:51:18 - mmengine - INFO - Exp name: rtmpose-m_lumbar-coco_1stage_20260915_234219
2026/09/15 23:51:18 - mmengine - INFO - Epoch(train) [220][10/10]  base_lr: 4.974000e-04 lr: 4.974000e-04  eta: 0:07:19  time: 0.217174  data_time: 0.103172  memory: 3109  grad_norm: 0.187506  loss: 0.032099  loss_kpt: 0.032099  acc_pose: 0.998580
2026/09/15 23:51:18 - mmengine - INFO - Saving checkpoint at 220 epochs
2026/09/15 23:51:19 - mmengine - INFO - Evaluating CocoMetric...
2026/09/15 23:51:19 - mmengine - INFO - Evaluating PCKAccuracy (normalized by ``"bbox_size"``)...
2026/09/15 23:51:19 - mmengine - INFO - Epoch(val) [220][3/3]    coco/AP: 0.988017  coco/AP .5: 1.000000  coco/AP .75: 1.000000  coco/AP (M): -1.000000  coco/AP (L): 0.988017  coco/AR: 0.990000  coco/AR .5: 1.000000  coco/AR .75: 1.000000  coco/AR (M): -1.000000  coco/AR (L): 0.990000  PCK: 0.994318  data_time: 0.073480  time: 0.089471
2026/09/15 23:51:21 - mmengine - INFO - Exp name: rtmpose-m_lumbar-coco_1stage_20260915_234219
2026/09/15 23:51:21 - mmengine - INFO - Epoch(train) [221][10/10]  base_lr: 4.968495e-04 lr: 4.968495e-04  eta: 0:07:17  time: 0.216248  data_time: 0.102603  memory: 3109  grad_norm: 0.185972  loss: 0.031797  loss_kpt: 0.031797  acc_pose: 1.000000
2026/09/15 23:51:23 - mmengine - INFO - Exp name: rtmpose-m_lumbar-coco_1stage_20260915_234219
2026/09/15 23:51:23 - mmengine - INFO - Epoch(train) [222][10/10]  base_lr: 4.962465e-04 lr: 4.962465e-04  eta: 0:07:14  time: 0.216555  data_time: 0.102815  memory: 3109  grad_norm: 0.185868  loss: 0.031531  loss_kpt: 0.031531  acc_pose: 1.000000
2026/09/15 23:51:25 - mmengine - INFO - Exp name: rtmpose-m_lumbar-coco_1stage_20260915_234219
2026/09/15 23:51:25 - mmengine - INFO - Epoch(train) [223][10/10]  base_lr: 4.955911e-04 lr: 4.955911e-04  eta: 0:07:12  time: 0.215942  data_time: 0.102706  memory: 3109  grad_norm: 0.188852  loss: 0.031314  loss_kpt: 0.031314  acc_pose: 1.000000
2026/09/15 23:51:28 - mmengine - INFO - Exp name: rtmpose-m_lumbar-coco_1stage_20260915_234219
2026/09/15 23:51:28 - mmengine - INFO - Epoch(train) [224][10/10]  base_lr: 4.948837e-04 lr: 4.948837e-04  eta: 0:07:10  time: 0.216736  data_time: 0.103476  memory: 3109  grad_norm: 0.184469  loss: 0.030807  loss_kpt: 0.030807  acc_pose: 1.000000
2026/09/15 23:51:30 - mmengine - INFO - Exp name: rtmpose-m_lumbar-coco_1stage_20260915_234219
2026/09/15 23:51:30 - mmengine - INFO - Epoch(train) [225][10/10]  base_lr: 4.941242e-04 lr: 4.941242e-04  eta: 0:07:08  time: 0.216268  data_time: 0.102859  memory: 3109  grad_norm: 0.180603  loss: 0.030304  loss_kpt: 0.030304  acc_pose: 1.000000
2026/09/15 23:51:32 - mmengine - INFO - Exp name: rtmpose-m_lumbar-coco_1stage_20260915_234219
2026/09/15 23:51:32 - mmengine - INFO - Epoch(train) [226][10/10]  base_lr: 4.933129e-04 lr: 4.933129e-04  eta: 0:07:05  time: 0.216665  data_time: 0.103107  memory: 3109  grad_norm: 0.181644  loss: 0.029714  loss_kpt: 0.029714  acc_pose: 1.000000
2026/09/15 23:51:34 - mmengine - INFO - Exp name: rtmpose-m_lumbar-coco_1stage_20260915_234219
2026/09/15 23:51:34 - mmengine - INFO - Epoch(train) [227][10/10]  base_lr: 4.924499e-04 lr: 4.924499e-04  eta: 0:07:03  time: 0.217157  data_time: 0.103900  memory: 3109  grad_norm: 0.180630  loss: 0.029411  loss_kpt: 0.029411  acc_pose: 1.000000
2026/09/15 23:51:36 - mmengine - INFO - Exp name: rtmpose-m_lumbar-coco_1stage_20260915_234219
2026/09/15 23:51:36 - mmengine - INFO - Epoch(train) [228][10/10]  base_lr: 4.915354e-04 lr: 4.915354e-04  eta: 0:07:01  time: 0.217548  data_time: 0.104057  memory: 3109  grad_norm: 0.178351  loss: 0.029137  loss_kpt: 0.029137  acc_pose: 0.991477
2026/09/15 23:51:39 - mmengine - INFO - Exp name: rtmpose-m_lumbar-coco_1stage_20260915_234219
2026/09/15 23:51:39 - mmengine - INFO - Epoch(train) [229][10/10]  base_lr: 4.905698e-04 lr: 4.905698e-04  eta: 0:06:59  time: 0.216968  data_time: 0.103455  memory: 3109  grad_norm: 0.182243  loss: 0.029438  loss_kpt: 0.029438  acc_pose: 1.000000
2026/09/15 23:51:41 - mmengine - INFO - Exp name: rtmpose-m_lumbar-coco_1stage_20260915_234219
2026/09/15 23:51:41 - mmengine - INFO - Epoch(train) [230][10/10]  base_lr: 4.895530e-04 lr: 4.895530e-04  eta: 0:06:57  time: 0.217773  data_time: 0.104489  memory: 3109  grad_norm: 0.181961  loss: 0.029339  loss_kpt: 0.029339  acc_pose: 1.000000
2026/09/15 23:51:41 - mmengine - INFO - Saving checkpoint at 230 epochs
2026/09/15 23:51:42 - mmengine - INFO - Evaluating CocoMetric...
2026/09/15 23:51:42 - mmengine - INFO - Evaluating PCKAccuracy (normalized by ``"bbox_size"``)...
2026/09/15 23:51:42 - mmengine - INFO - Epoch(val) [230][3/3]    coco/AP: 0.988017  coco/AP .5: 1.000000  coco/AP .75: 1.000000  coco/AP (M): -1.000000  coco/AP (L): 0.988017  coco/AR: 0.990000  coco/AR .5: 1.000000  coco/AR .75: 1.000000  coco/AR (M): -1.000000  coco/AR (L): 0.990000  PCK: 0.994318  data_time: 0.079452  time: 0.095446
2026/09/15 23:51:44 - mmengine - INFO - Exp name: rtmpose-m_lumbar-coco_1stage_20260915_234219
2026/09/15 23:51:44 - mmengine - INFO - Epoch(train) [231][10/10]  base_lr: 4.884855e-04 lr: 4.884855e-04  eta: 0:06:54  time: 0.218135  data_time: 0.104654  memory: 3109  grad_norm: 0.181536  loss: 0.029660  loss_kpt: 0.029660  acc_pose: 0.997159
2026/09/15 23:51:46 - mmengine - INFO - Exp name: rtmpose-m_lumbar-coco_1stage_20260915_234219
2026/09/15 23:51:46 - mmengine - INFO - Epoch(train) [232][10/10]  base_lr: 4.873673e-04 lr: 4.873673e-04  eta: 0:06:52  time: 0.218053  data_time: 0.104010  memory: 3109  grad_norm: 0.183023  loss: 0.029897  loss_kpt: 0.029897  acc_pose: 1.000000
2026/09/15 23:51:48 - mmengine - INFO - Exp name: rtmpose-m_lumbar-coco_1stage_20260915_234219
2026/09/15 23:51:48 - mmengine - INFO - Epoch(train) [233][10/10]  base_lr: 4.861989e-04 lr: 4.861989e-04  eta: 0:06:50  time: 0.218649  data_time: 0.104797  memory: 3109  grad_norm: 0.188097  loss: 0.030064  loss_kpt: 0.030064  acc_pose: 1.000000
2026/09/15 23:51:50 - mmengine - INFO - Exp name: rtmpose-m_lumbar-coco_1stage_20260915_234219
2026/09/15 23:51:50 - mmengine - INFO - Epoch(train) [234][10/10]  base_lr: 4.849804e-04 lr: 4.849804e-04  eta: 0:06:48  time: 0.218701  data_time: 0.104884  memory: 3109  grad_norm: 0.183378  loss: 0.029743  loss_kpt: 0.029743  acc_pose: 1.000000
2026/09/15 23:51:53 - mmengine - INFO - Exp name: rtmpose-m_lumbar-coco_1stage_20260915_234219
2026/09/15 23:51:53 - mmengine - INFO - Epoch(train) [235][10/10]  base_lr: 4.837121e-04 lr: 4.837121e-04  eta: 0:06:46  time: 0.219496  data_time: 0.104931  memory: 3109  grad_norm: 0.183517  loss: 0.029582  loss_kpt: 0.029582  acc_pose: 1.000000
2026/09/15 23:51:55 - mmengine - INFO - Exp name: rtmpose-m_lumbar-coco_1stage_20260915_234219
2026/09/15 23:51:55 - mmengine - INFO - Epoch(train) [236][10/10]  base_lr: 4.823943e-04 lr: 4.823943e-04  eta: 0:06:43  time: 0.219371  data_time: 0.104213  memory: 3109  grad_norm: 0.182601  loss: 0.029179  loss_kpt: 0.029179  acc_pose: 1.000000
2026/09/15 23:51:57 - mmengine - INFO - Exp name: rtmpose-m_lumbar-coco_1stage_20260915_234219
2026/09/15 23:51:57 - mmengine - INFO - Epoch(train) [237][10/10]  base_lr: 4.810272e-04 lr: 4.810272e-04  eta: 0:06:41  time: 0.219347  data_time: 0.103858  memory: 3109  grad_norm: 0.190052  loss: 0.028870  loss_kpt: 0.028870  acc_pose: 1.000000
2026/09/15 23:51:59 - mmengine - INFO - Exp name: rtmpose-m_lumbar-coco_1stage_20260915_234219
2026/09/15 23:51:59 - mmengine - INFO - Epoch(train) [238][10/10]  base_lr: 4.796113e-04 lr: 4.796113e-04  eta: 0:06:39  time: 0.219827  data_time: 0.103497  memory: 3109  grad_norm: 0.186879  loss: 0.028630  loss_kpt: 0.028630  acc_pose: 0.998580
2026/09/15 23:52:02 - mmengine - INFO - Exp name: rtmpose-m_lumbar-coco_1stage_20260915_234219
2026/09/15 23:52:02 - mmengine - INFO - Epoch(train) [239][10/10]  base_lr: 4.781468e-04 lr: 4.781468e-04  eta: 0:06:37  time: 0.221991  data_time: 0.105150  memory: 3109  grad_norm: 0.188529  loss: 0.028375  loss_kpt: 0.028375  acc_pose: 0.998580
2026/09/15 23:52:04 - mmengine - INFO - Exp name: rtmpose-m_lumbar-coco_1stage_20260915_234219
2026/09/15 23:52:04 - mmengine - INFO - Epoch(train) [240][10/10]  base_lr: 4.766340e-04 lr: 4.766340e-04  eta: 0:06:35  time: 0.221713  data_time: 0.105199  memory: 3109  grad_norm: 0.190834  loss: 0.028343  loss_kpt: 0.028343  acc_pose: 0.998580
2026/09/15 23:52:04 - mmengine - INFO - Saving checkpoint at 240 epochs
2026/09/15 23:52:05 - mmengine - INFO - Evaluating CocoMetric...
2026/09/15 23:52:05 - mmengine - INFO - Evaluating PCKAccuracy (normalized by ``"bbox_size"``)...
2026/09/15 23:52:05 - mmengine - INFO - Epoch(val) [240][3/3]    coco/AP: 0.985098  coco/AP .5: 1.000000  coco/AP .75: 1.000000  coco/AP (M): -1.000000  coco/AP (L): 0.985098  coco/AR: 0.987500  coco/AR .5: 1.000000  coco/AR .75: 1.000000  coco/AR (M): -1.000000  coco/AR (L): 0.987500  PCK: 0.993182  data_time: 0.074746  time: 0.091253
2026/09/15 23:52:07 - mmengine - INFO - Exp name: rtmpose-m_lumbar-coco_1stage_20260915_234219
2026/09/15 23:52:07 - mmengine - INFO - Epoch(train) [241][10/10]  base_lr: 4.750733e-04 lr: 4.750733e-04  eta: 0:06:33  time: 0.222719  data_time: 0.106274  memory: 3109  grad_norm: 0.190407  loss: 0.028774  loss_kpt: 0.028774  acc_pose: 1.000000
2026/09/15 23:52:09 - mmengine - INFO - Exp name: rtmpose-m_lumbar-coco_1stage_20260915_234219
2026/09/15 23:52:09 - mmengine - INFO - Epoch(train) [242][10/10]  base_lr: 4.734651e-04 lr: 4.734651e-04  eta: 0:06:30  time: 0.224246  data_time: 0.107219  memory: 3109  grad_norm: 0.183121  loss: 0.028654  loss_kpt: 0.028654  acc_pose: 1.000000
2026/09/15 23:52:11 - mmengine - INFO - Exp name: rtmpose-m_lumbar-coco_1stage_20260915_234219
2026/09/15 23:52:11 - mmengine - INFO - Epoch(train) [243][10/10]  base_lr: 4.718096e-04 lr: 4.718096e-04  eta: 0:06:28  time: 0.223379  data_time: 0.106343  memory: 3109  grad_norm: 0.180054  loss: 0.028401  loss_kpt: 0.028401  acc_pose: 1.000000
2026/09/15 23:52:13 - mmengine - INFO - Exp name: rtmpose-m_lumbar-coco_1stage_20260915_234219
2026/09/15 23:52:13 - mmengine - INFO - Epoch(train) [244][10/10]  base_lr: 4.701072e-04 lr: 4.701072e-04  eta: 0:06:26  time: 0.221321  data_time: 0.103982  memory: 3109  grad_norm: 0.174189  loss: 0.027998  loss_kpt: 0.027998  acc_pose: 0.998580
2026/09/15 23:52:16 - mmengine - INFO - Exp name: rtmpose-m_lumbar-coco_1stage_20260915_234219
2026/09/15 23:52:16 - mmengine - INFO - Epoch(train) [245][10/10]  base_lr: 4.683585e-04 lr: 4.683585e-04  eta: 0:06:24  time: 0.220476  data_time: 0.102844  memory: 3109  grad_norm: 0.174292  loss: 0.027692  loss_kpt: 0.027692  acc_pose: 1.000000
2026/09/15 23:52:18 - mmengine - INFO - Exp name: rtmpose-m_lumbar-coco_1stage_20260915_234219
2026/09/15 23:52:18 - mmengine - INFO - Epoch(train) [246][10/10]  base_lr: 4.665636e-04 lr: 4.665636e-04  eta: 0:06:22  time: 0.220719  data_time: 0.102912  memory: 3109  grad_norm: 0.174841  loss: 0.027328  loss_kpt: 0.027328  acc_pose: 1.000000
2026/09/15 23:52:20 - mmengine - INFO - Exp name: rtmpose-m_lumbar-coco_1stage_20260915_234219
2026/09/15 23:52:20 - mmengine - INFO - Epoch(train) [247][10/10]  base_lr: 4.647231e-04 lr: 4.647231e-04  eta: 0:06:19  time: 0.219954  data_time: 0.102556  memory: 3109  grad_norm: 0.178265  loss: 0.027153  loss_kpt: 0.027153  acc_pose: 1.000000
2026/09/15 23:52:22 - mmengine - INFO - Exp name: rtmpose-m_lumbar-coco_1stage_20260915_234219
2026/09/15 23:52:22 - mmengine - INFO - Epoch(train) [248][10/10]  base_lr: 4.628373e-04 lr: 4.628373e-04  eta: 0:06:17  time: 0.219398  data_time: 0.102076  memory: 3109  grad_norm: 0.176258  loss: 0.027028  loss_kpt: 0.027028  acc_pose: 1.000000
2026/09/15 23:52:24 - mmengine - INFO - Exp name: rtmpose-m_lumbar-coco_1stage_20260915_234219
2026/09/15 23:52:24 - mmengine - INFO - Epoch(train) [249][10/10]  base_lr: 4.609067e-04 lr: 4.609067e-04  eta: 0:06:15  time: 0.219820  data_time: 0.102764  memory: 3109  grad_norm: 0.180797  loss: 0.027174  loss_kpt: 0.027174  acc_pose: 1.000000
2026/09/15 23:52:27 - mmengine - INFO - Exp name: rtmpose-m_lumbar-coco_1stage_20260915_234219
2026/09/15 23:52:27 - mmengine - INFO - Epoch(train) [250][10/10]  base_lr: 4.589316e-04 lr: 4.589316e-04  eta: 0:06:13  time: 0.220126  data_time: 0.102692  memory: 3109  grad_norm: 0.181605  loss: 0.027225  loss_kpt: 0.027225  acc_pose: 1.000000
2026/09/15 23:52:27 - mmengine - INFO - Saving checkpoint at 250 epochs
2026/09/15 23:52:27 - mmengine - INFO - Evaluating CocoMetric...
2026/09/15 23:52:27 - mmengine - INFO - Evaluating PCKAccuracy (normalized by ``"bbox_size"``)...
2026/09/15 23:52:27 - mmengine - INFO - Epoch(val) [250][3/3]    coco/AP: 0.985885  coco/AP .5: 1.000000  coco/AP .75: 1.000000  coco/AP (M): -1.000000  coco/AP (L): 0.985885  coco/AR: 0.987500  coco/AR .5: 1.000000  coco/AR .75: 1.000000  coco/AR (M): -1.000000  coco/AR (L): 0.987500  PCK: 0.992045  data_time: 0.081572  time: 0.097601
2026/09/15 23:52:30 - mmengine - INFO - Exp name: rtmpose-m_lumbar-coco_1stage_20260915_234219
2026/09/15 23:52:30 - mmengine - INFO - Epoch(train) [251][10/10]  base_lr: 4.569127e-04 lr: 4.569127e-04  eta: 0:06:11  time: 0.219011  data_time: 0.101712  memory: 3109  grad_norm: 0.176797  loss: 0.026805  loss_kpt: 0.026805  acc_pose: 1.000000
2026/09/15 23:52:32 - mmengine - INFO - Exp name: rtmpose-m_lumbar-coco_1stage_20260915_234219
2026/09/15 23:52:32 - mmengine - INFO - Epoch(train) [252][10/10]  base_lr: 4.548502e-04 lr: 4.548502e-04  eta: 0:06:08  time: 0.219147  data_time: 0.101883  memory: 3109  grad_norm: 0.174952  loss: 0.026881  loss_kpt: 0.026881  acc_pose: 1.000000
2026/09/15 23:52:34 - mmengine - INFO - Exp name: rtmpose-m_lumbar-coco_1stage_20260915_234219
2026/09/15 23:52:34 - mmengine - INFO - Epoch(train) [253][10/10]  base_lr: 4.527446e-04 lr: 4.527446e-04  eta: 0:06:06  time: 0.220832  data_time: 0.103607  memory: 3109  grad_norm: 0.181446  loss: 0.026894  loss_kpt: 0.026894  acc_pose: 1.000000
2026/09/15 23:52:36 - mmengine - INFO - Exp name: rtmpose-m_lumbar-coco_1stage_20260915_234219
2026/09/15 23:52:36 - mmengine - INFO - Epoch(train) [254][10/10]  base_lr: 4.505965e-04 lr: 4.505965e-04  eta: 0:06:04  time: 0.222182  data_time: 0.104836  memory: 3109  grad_norm: 0.181912  loss: 0.026913  loss_kpt: 0.026913  acc_pose: 1.000000
2026/09/15 23:52:39 - mmengine - INFO - Exp name: rtmpose-m_lumbar-coco_1stage_20260915_234219
2026/09/15 23:52:39 - mmengine - INFO - Epoch(train) [255][10/10]  base_lr: 4.484063e-04 lr: 4.484063e-04  eta: 0:06:02  time: 0.223944  data_time: 0.106380  memory: 3109  grad_norm: 0.181164  loss: 0.026698  loss_kpt: 0.026698  acc_pose: 1.000000
2026/09/15 23:52:41 - mmengine - INFO - Exp name: rtmpose-m_lumbar-coco_1stage_20260915_234219
2026/09/15 23:52:41 - mmengine - INFO - Epoch(train) [256][10/10]  base_lr: 4.461745e-04 lr: 4.461745e-04  eta: 0:06:00  time: 0.225842  data_time: 0.107790  memory: 3109  grad_norm: 0.180306  loss: 0.026712  loss_kpt: 0.026712  acc_pose: 1.000000
2026/09/15 23:52:43 - mmengine - INFO - Exp name: rtmpose-m_lumbar-coco_1stage_20260915_234219
2026/09/15 23:52:43 - mmengine - INFO - Epoch(train) [257][10/10]  base_lr: 4.439016e-04 lr: 4.439016e-04  eta: 0:05:58  time: 0.223331  data_time: 0.105989  memory: 3109  grad_norm: 0.175764  loss: 0.026359  loss_kpt: 0.026359  acc_pose: 1.000000
2026/09/15 23:52:45 - mmengine - INFO - Exp name: rtmpose-m_lumbar-coco_1stage_20260915_234219
2026/09/15 23:52:45 - mmengine - INFO - Epoch(train) [258][10/10]  base_lr: 4.415880e-04 lr: 4.415880e-04  eta: 0:05:55  time: 0.221368  data_time: 0.104552  memory: 3109  grad_norm: 0.168565  loss: 0.026171  loss_kpt: 0.026171  acc_pose: 1.000000
2026/09/15 23:52:47 - mmengine - INFO - Exp name: rtmpose-m_lumbar-coco_1stage_20260915_234219
2026/09/15 23:52:47 - mmengine - INFO - Epoch(train) [259][10/10]  base_lr: 4.392344e-04 lr: 4.392344e-04  eta: 0:05:53  time: 0.218128  data_time: 0.102035  memory: 3109  grad_norm: 0.173314  loss: 0.026055  loss_kpt: 0.026055  acc_pose: 1.000000
2026/09/15 23:52:50 - mmengine - INFO - Exp name: rtmpose-m_lumbar-coco_1stage_20260915_234219
2026/09/15 23:52:50 - mmengine - INFO - Epoch(train) [260][10/10]  base_lr: 4.368413e-04 lr: 4.368413e-04  eta: 0:05:51  time: 0.215769  data_time: 0.101192  memory: 3109  grad_norm: 0.172780  loss: 0.026104  loss_kpt: 0.026104  acc_pose: 0.998580
2026/09/15 23:52:50 - mmengine - INFO - Saving checkpoint at 260 epochs
2026/09/15 23:52:50 - mmengine - INFO - Evaluating CocoMetric...
2026/09/15 23:52:50 - mmengine - INFO - Evaluating PCKAccuracy (normalized by ``"bbox_size"``)...
2026/09/15 23:52:50 - mmengine - INFO - Epoch(val) [260][3/3]    coco/AP: 0.991089  coco/AP .5: 1.000000  coco/AP .75: 1.000000  coco/AP (M): -1.000000  coco/AP (L): 0.991089  coco/AR: 0.992500  coco/AR .5: 1.000000  coco/AR .75: 1.000000  coco/AR (M): -1.000000  coco/AR (L): 0.992500  PCK: 0.995455  data_time: 0.074222  time: 0.090198
2026/09/15 23:52:52 - mmengine - INFO - Exp name: rtmpose-m_lumbar-coco_1stage_20260915_234219
2026/09/15 23:52:52 - mmengine - INFO - Epoch(train) [261][10/10]  base_lr: 4.344091e-04 lr: 4.344091e-04  eta: 0:05:49  time: 0.213776  data_time: 0.100302  memory: 3109  grad_norm: 0.176869  loss: 0.026075  loss_kpt: 0.026075  acc_pose: 1.000000
2026/09/15 23:52:55 - mmengine - INFO - Exp name: rtmpose-m_lumbar-coco_1stage_20260915_234219
2026/09/15 23:52:55 - mmengine - INFO - Epoch(train) [262][10/10]  base_lr: 4.319385e-04 lr: 4.319385e-04  eta: 0:05:46  time: 0.214838  data_time: 0.101526  memory: 3109  grad_norm: 0.176562  loss: 0.026031  loss_kpt: 0.026031  acc_pose: 1.000000
2026/09/15 23:52:57 - mmengine - INFO - Exp name: rtmpose-m_lumbar-coco_1stage_20260915_234219
2026/09/15 23:52:57 - mmengine - INFO - Epoch(train) [263][10/10]  base_lr: 4.294299e-04 lr: 4.294299e-04  eta: 0:05:44  time: 0.216009  data_time: 0.102725  memory: 3109  grad_norm: 0.179197  loss: 0.025905  loss_kpt: 0.025905  acc_pose: 1.000000
2026/09/15 23:52:59 - mmengine - INFO - Exp name: rtmpose-m_lumbar-coco_1stage_20260915_234219
2026/09/15 23:52:59 - mmengine - INFO - Epoch(train) [264][10/10]  base_lr: 4.268840e-04 lr: 4.268840e-04  eta: 0:05:42  time: 0.218160  data_time: 0.104951  memory: 3109  grad_norm: 0.171315  loss: 0.025588  loss_kpt: 0.025588  acc_pose: 1.000000
2026/09/15 23:53:01 - mmengine - INFO - Exp name: rtmpose-m_lumbar-coco_1stage_20260915_234219
2026/09/15 23:53:01 - mmengine - INFO - Epoch(train) [265][10/10]  base_lr: 4.243013e-04 lr: 4.243013e-04  eta: 0:05:40  time: 0.217605  data_time: 0.103759  memory: 3109  grad_norm: 0.167912  loss: 0.025351  loss_kpt: 0.025351  acc_pose: 1.000000
2026/09/15 23:53:03 - mmengine - INFO - Exp name: rtmpose-m_lumbar-coco_1stage_20260915_234219
2026/09/15 23:53:03 - mmengine - INFO - Epoch(train) [266][10/10]  base_lr: 4.216824e-04 lr: 4.216824e-04  eta: 0:05:38  time: 0.220251  data_time: 0.105546  memory: 3109  grad_norm: 0.163153  loss: 0.025139  loss_kpt: 0.025139  acc_pose: 1.000000
2026/09/15 23:53:06 - mmengine - INFO - Exp name: rtmpose-m_lumbar-coco_1stage_20260915_234219
2026/09/15 23:53:06 - mmengine - INFO - Epoch(train) [267][10/10]  base_lr: 4.190278e-04 lr: 4.190278e-04  eta: 0:05:36  time: 0.220674  data_time: 0.104868  memory: 3109  grad_norm: 0.162406  loss: 0.024688  loss_kpt: 0.024688  acc_pose: 1.000000
2026/09/15 23:53:08 - mmengine - INFO - Exp name: rtmpose-m_lumbar-coco_1stage_20260915_234219
2026/09/15 23:53:08 - mmengine - INFO - Epoch(train) [268][10/10]  base_lr: 4.163383e-04 lr: 4.163383e-04  eta: 0:05:33  time: 0.221497  data_time: 0.105466  memory: 3109  grad_norm: 0.157096  loss: 0.024295  loss_kpt: 0.024295  acc_pose: 1.000000
2026/09/15 23:53:10 - mmengine - INFO - Exp name: rtmpose-m_lumbar-coco_1stage_20260915_234219
2026/09/15 23:53:10 - mmengine - INFO - Epoch(train) [269][10/10]  base_lr: 4.136143e-04 lr: 4.136143e-04  eta: 0:05:31  time: 0.221116  data_time: 0.104869  memory: 3109  grad_norm: 0.156961  loss: 0.024029  loss_kpt: 0.024029  acc_pose: 1.000000
2026/09/15 23:53:12 - mmengine - INFO - Exp name: rtmpose-m_lumbar-coco_1stage_20260915_234219
2026/09/15 23:53:12 - mmengine - INFO - Epoch(train) [270][10/10]  base_lr: 4.108564e-04 lr: 4.108564e-04  eta: 0:05:29  time: 0.220522  data_time: 0.104605  memory: 3109  grad_norm: 0.154407  loss: 0.023558  loss_kpt: 0.023558  acc_pose: 0.998580
2026/09/15 23:53:12 - mmengine - INFO - Saving checkpoint at 270 epochs
2026/09/15 23:53:13 - mmengine - INFO - Evaluating CocoMetric...
2026/09/15 23:53:13 - mmengine - INFO - Evaluating PCKAccuracy (normalized by ``"bbox_size"``)...
2026/09/15 23:53:13 - mmengine - INFO - Epoch(val) [270][3/3]    coco/AP: 0.988068  coco/AP .5: 1.000000  coco/AP .75: 1.000000  coco/AP (M): -1.000000  coco/AP (L): 0.988068  coco/AR: 0.990000  coco/AR .5: 1.000000  coco/AR .75: 1.000000  coco/AR (M): -1.000000  coco/AR (L): 0.990000  PCK: 0.994318  data_time: 0.078574  time: 0.095077
2026/09/15 23:53:15 - mmengine - INFO - Exp name: rtmpose-m_lumbar-coco_1stage_20260915_234219
2026/09/15 23:53:15 - mmengine - INFO - Epoch(train) [271][10/10]  base_lr: 4.080654e-04 lr: 4.080654e-04  eta: 0:05:27  time: 0.219311  data_time: 0.103837  memory: 3109  grad_norm: 0.156616  loss: 0.023418  loss_kpt: 0.023418  acc_pose: 1.000000
2026/09/15 23:53:17 - mmengine - INFO - Exp name: rtmpose-m_lumbar-coco_1stage_20260915_234219
2026/09/15 23:53:17 - mmengine - INFO - Epoch(train) [272][10/10]  base_lr: 4.052418e-04 lr: 4.052418e-04  eta: 0:05:25  time: 0.219174  data_time: 0.104361  memory: 3109  grad_norm: 0.164085  loss: 0.023407  loss_kpt: 0.023407  acc_pose: 1.000000
2026/09/15 23:53:20 - mmengine - INFO - Exp name: rtmpose-m_lumbar-coco_1stage_20260915_234219
2026/09/15 23:53:20 - mmengine - INFO - Epoch(train) [273][10/10]  base_lr: 4.023863e-04 lr: 4.023863e-04  eta: 0:05:22  time: 0.217958  data_time: 0.103550  memory: 3109  grad_norm: 0.176109  loss: 0.023927  loss_kpt: 0.023927  acc_pose: 1.000000
2026/09/15 23:53:22 - mmengine - INFO - Exp name: rtmpose-m_lumbar-coco_1stage_20260915_234219
2026/09/15 23:53:22 - mmengine - INFO - Epoch(train) [274][10/10]  base_lr: 3.994994e-04 lr: 3.994994e-04  eta: 0:05:20  time: 0.216723  data_time: 0.102568  memory: 3109  grad_norm: 0.185467  loss: 0.024522  loss_kpt: 0.024522  acc_pose: 1.000000
2026/09/15 23:53:24 - mmengine - INFO - Exp name: rtmpose-m_lumbar-coco_1stage_20260915_234219
2026/09/15 23:53:24 - mmengine - INFO - Epoch(train) [275][10/10]  base_lr: 3.965819e-04 lr: 3.965819e-04  eta: 0:05:18  time: 0.216367  data_time: 0.102220  memory: 3109  grad_norm: 0.200654  loss: 0.025456  loss_kpt: 0.025456  acc_pose: 1.000000
2026/09/15 23:53:26 - mmengine - INFO - Exp name: rtmpose-m_lumbar-coco_1stage_20260915_234219
2026/09/15 23:53:26 - mmengine - INFO - Epoch(train) [276][10/10]  base_lr: 3.936344e-04 lr: 3.936344e-04  eta: 0:05:16  time: 0.215188  data_time: 0.101387  memory: 3109  grad_norm: 0.199881  loss: 0.025484  loss_kpt: 0.025484  acc_pose: 1.000000
2026/09/15 23:53:28 - mmengine - INFO - Exp name: rtmpose-m_lumbar-coco_1stage_20260915_234219
2026/09/15 23:53:28 - mmengine - INFO - Epoch(train) [277][10/10]  base_lr: 3.906575e-04 lr: 3.906575e-04  eta: 0:05:13  time: 0.214924  data_time: 0.101027  memory: 3109  grad_norm: 0.193845  loss: 0.025484  loss_kpt: 0.025484  acc_pose: 1.000000
2026/09/15 23:53:30 - mmengine - INFO - Exp name: rtmpose-m_lumbar-coco_1stage_20260915_234219
2026/09/15 23:53:30 - mmengine - INFO - Epoch(train) [278][10/10]  base_lr: 3.876520e-04 lr: 3.876520e-04  eta: 0:05:11  time: 0.213490  data_time: 0.099343  memory: 3109  grad_norm: 0.185387  loss: 0.024731  loss_kpt: 0.024731  acc_pose: 1.000000
2026/09/15 23:53:33 - mmengine - INFO - Exp name: rtmpose-m_lumbar-coco_1stage_20260915_234219
2026/09/15 23:53:33 - mmengine - INFO - Epoch(train) [279][10/10]  base_lr: 3.846184e-04 lr: 3.846184e-04  eta: 0:05:09  time: 0.215241  data_time: 0.101103  memory: 3109  grad_norm: 0.175556  loss: 0.024054  loss_kpt: 0.024054  acc_pose: 1.000000
2026/09/15 23:53:35 - mmengine - INFO - Exp name: rtmpose-m_lumbar-coco_1stage_20260915_234219
2026/09/15 23:53:35 - mmengine - INFO - Epoch(train) [280][10/10]  base_lr: 3.815576e-04 lr: 3.815576e-04  eta: 0:05:07  time: 0.216034  data_time: 0.101875  memory: 3109  grad_norm: 0.162263  loss: 0.023263  loss_kpt: 0.023263  acc_pose: 1.000000
2026/09/15 23:53:35 - mmengine - INFO - Saving checkpoint at 280 epochs
2026/09/15 23:53:36 - mmengine - INFO - Evaluating CocoMetric...
2026/09/15 23:53:36 - mmengine - INFO - Evaluating PCKAccuracy (normalized by ``"bbox_size"``)...
2026/09/15 23:53:36 - mmengine - INFO - Epoch(val) [280][3/3]    coco/AP: 0.986008  coco/AP .5: 1.000000  coco/AP .75: 1.000000  coco/AP (M): -1.000000  coco/AP (L): 0.986008  coco/AR: 0.987500  coco/AR .5: 1.000000  coco/AR .75: 1.000000  coco/AR (M): -1.000000  coco/AR (L): 0.987500  PCK: 0.992045  data_time: 0.076788  time: 0.092914
2026/09/15 23:53:38 - mmengine - INFO - Exp name: rtmpose-m_lumbar-coco_1stage_20260915_234219
2026/09/15 23:53:38 - mmengine - INFO - Epoch(train) [281][10/10]  base_lr: 3.784700e-04 lr: 3.784700e-04  eta: 0:05:05  time: 0.214744  data_time: 0.100522  memory: 3109  grad_norm: 0.160385  loss: 0.022814  loss_kpt: 0.022814  acc_pose: 0.997159
2026/09/15 23:53:40 - mmengine - INFO - Exp name: rtmpose-m_lumbar-coco_1stage_20260915_234219
2026/09/15 23:53:40 - mmengine - INFO - Epoch(train) [282][10/10]  base_lr: 3.753566e-04 lr: 3.753566e-04  eta: 0:05:02  time: 0.214190  data_time: 0.100582  memory: 3109  grad_norm: 0.162429  loss: 0.022705  loss_kpt: 0.022705  acc_pose: 1.000000
2026/09/15 23:53:42 - mmengine - INFO - Exp name: rtmpose-m_lumbar-coco_1stage_20260915_234219
2026/09/15 23:53:42 - mmengine - INFO - Epoch(train) [283][10/10]  base_lr: 3.722178e-04 lr: 3.722178e-04  eta: 0:05:00  time: 0.214431  data_time: 0.101212  memory: 3109  grad_norm: 0.160798  loss: 0.022470  loss_kpt: 0.022470  acc_pose: 1.000000
2026/09/15 23:53:44 - mmengine - INFO - Exp name: rtmpose-m_lumbar-coco_1stage_20260915_234219
2026/09/15 23:53:44 - mmengine - INFO - Epoch(train) [284][10/10]  base_lr: 3.690545e-04 lr: 3.690545e-04  eta: 0:04:58  time: 0.213439  data_time: 0.100540  memory: 3109  grad_norm: 0.159794  loss: 0.022001  loss_kpt: 0.022001  acc_pose: 1.000000
2026/09/15 23:53:46 - mmengine - INFO - Exp name: rtmpose-m_lumbar-coco_1stage_20260915_234219
2026/09/15 23:53:46 - mmengine - INFO - Epoch(train) [285][10/10]  base_lr: 3.658674e-04 lr: 3.658674e-04  eta: 0:04:56  time: 0.213257  data_time: 0.100679  memory: 3109  grad_norm: 0.157702  loss: 0.021709  loss_kpt: 0.021709  acc_pose: 1.000000
2026/09/15 23:53:48 - mmengine - INFO - Exp name: rtmpose-m_lumbar-coco_1stage_20260915_234219
2026/09/15 23:53:48 - mmengine - INFO - Epoch(train) [286][10/10]  base_lr: 3.626571e-04 lr: 3.626571e-04  eta: 0:04:53  time: 0.213321  data_time: 0.101101  memory: 3109  grad_norm: 0.155363  loss: 0.021402  loss_kpt: 0.021402  acc_pose: 1.000000
2026/09/15 23:53:51 - mmengine - INFO - Exp name: rtmpose-m_lumbar-coco_1stage_20260915_234219
2026/09/15 23:53:51 - mmengine - INFO - Epoch(train) [287][10/10]  base_lr: 3.594244e-04 lr: 3.594244e-04  eta: 0:04:51  time: 0.213796  data_time: 0.101519  memory: 3109  grad_norm: 0.158355  loss: 0.021552  loss_kpt: 0.021552  acc_pose: 0.998580
2026/09/15 23:53:53 - mmengine - INFO - Exp name: rtmpose-m_lumbar-coco_1stage_20260915_234219
2026/09/15 23:53:53 - mmengine - INFO - Epoch(train) [288][10/10]  base_lr: 3.561700e-04 lr: 3.561700e-04  eta: 0:04:49  time: 0.214162  data_time: 0.101736  memory: 3109  grad_norm: 0.167237  loss: 0.022097  loss_kpt: 0.022097  acc_pose: 0.998580
2026/09/15 23:53:55 - mmengine - INFO - Exp name: rtmpose-m_lumbar-coco_1stage_20260915_234219
2026/09/15 23:53:55 - mmengine - INFO - Epoch(train) [289][10/10]  base_lr: 3.528947e-04 lr: 3.528947e-04  eta: 0:04:47  time: 0.212566  data_time: 0.099967  memory: 3109  grad_norm: 0.173397  loss: 0.022655  loss_kpt: 0.022655  acc_pose: 1.000000
2026/09/15 23:53:57 - mmengine - INFO - Exp name: rtmpose-m_lumbar-coco_1stage_20260915_234219
2026/09/15 23:53:57 - mmengine - INFO - Epoch(train) [290][10/10]  base_lr: 3.495991e-04 lr: 3.495991e-04  eta: 0:04:45  time: 0.212957  data_time: 0.100147  memory: 3109  grad_norm: 0.177031  loss: 0.022993  loss_kpt: 0.022993  acc_pose: 1.000000
2026/09/15 23:53:57 - mmengine - INFO - Saving checkpoint at 290 epochs
2026/09/15 23:53:58 - mmengine - INFO - Evaluating CocoMetric...
2026/09/15 23:53:58 - mmengine - INFO - Evaluating PCKAccuracy (normalized by ``"bbox_size"``)...
2026/09/15 23:53:58 - mmengine - INFO - Epoch(val) [290][3/3]    coco/AP: 0.991089  coco/AP .5: 1.000000  coco/AP .75: 1.000000  coco/AP (M): -1.000000  coco/AP (L): 0.991089  coco/AR: 0.992500  coco/AR .5: 1.000000  coco/AR .75: 1.000000  coco/AR (M): -1.000000  coco/AR (L): 0.992500  PCK: 0.995455  data_time: 0.075134  time: 0.091332
2026/09/15 23:54:00 - mmengine - INFO - Exp name: rtmpose-m_lumbar-coco_1stage_20260915_234219
2026/09/15 23:54:00 - mmengine - INFO - Epoch(train) [291][10/10]  base_lr: 3.462841e-04 lr: 3.462841e-04  eta: 0:04:42  time: 0.214206  data_time: 0.100441  memory: 3109  grad_norm: 0.180107  loss: 0.023133  loss_kpt: 0.023133  acc_pose: 1.000000
2026/09/15 23:54:02 - mmengine - INFO - Exp name: rtmpose-m_lumbar-coco_1stage_20260915_234219
2026/09/15 23:54:02 - mmengine - INFO - Epoch(train) [292][10/10]  base_lr: 3.429503e-04 lr: 3.429503e-04  eta: 0:04:40  time: 0.214641  data_time: 0.100776  memory: 3109  grad_norm: 0.169928  loss: 0.022520  loss_kpt: 0.022520  acc_pose: 1.000000
2026/09/15 23:54:04 - mmengine - INFO - Exp name: rtmpose-m_lumbar-coco_1stage_20260915_234219
2026/09/15 23:54:04 - mmengine - INFO - Epoch(train) [293][10/10]  base_lr: 3.395984e-04 lr: 3.395984e-04  eta: 0:04:38  time: 0.213953  data_time: 0.099487  memory: 3109  grad_norm: 0.162725  loss: 0.022130  loss_kpt: 0.022130  acc_pose: 1.000000
2026/09/15 23:54:07 - mmengine - INFO - Exp name: rtmpose-m_lumbar-coco_1stage_20260915_234219
2026/09/15 23:54:07 - mmengine - INFO - Epoch(train) [294][10/10]  base_lr: 3.362294e-04 lr: 3.362294e-04  eta: 0:04:36  time: 0.217129  data_time: 0.102110  memory: 3109  grad_norm: 0.164661  loss: 0.021756  loss_kpt: 0.021756  acc_pose: 1.000000
2026/09/15 23:54:09 - mmengine - INFO - Exp name: rtmpose-m_lumbar-coco_1stage_20260915_234219
2026/09/15 23:54:09 - mmengine - INFO - Epoch(train) [295][10/10]  base_lr: 3.328438e-04 lr: 3.328438e-04  eta: 0:04:34  time: 0.217829  data_time: 0.102082  memory: 3109  grad_norm: 0.163445  loss: 0.021157  loss_kpt: 0.021157  acc_pose: 1.000000
2026/09/15 23:54:11 - mmengine - INFO - Exp name: rtmpose-m_lumbar-coco_1stage_20260915_234219
2026/09/15 23:54:11 - mmengine - INFO - Epoch(train) [296][10/10]  base_lr: 3.294425e-04 lr: 3.294425e-04  eta: 0:04:31  time: 0.218122  data_time: 0.102678  memory: 3109  grad_norm: 0.163726  loss: 0.021264  loss_kpt: 0.021264  acc_pose: 1.000000
2026/09/15 23:54:13 - mmengine - INFO - Exp name: rtmpose-m_lumbar-coco_1stage_20260915_234219
2026/09/15 23:54:13 - mmengine - INFO - Epoch(train) [297][10/10]  base_lr: 3.260262e-04 lr: 3.260262e-04  eta: 0:04:29  time: 0.218456  data_time: 0.102675  memory: 3109  grad_norm: 0.165854  loss: 0.021245  loss_kpt: 0.021245  acc_pose: 1.000000
2026/09/15 23:54:15 - mmengine - INFO - Exp name: rtmpose-m_lumbar-coco_1stage_20260915_234219
2026/09/15 23:54:15 - mmengine - INFO - Epoch(train) [298][10/10]  base_lr: 3.225957e-04 lr: 3.225957e-04  eta: 0:04:27  time: 0.220189  data_time: 0.104366  memory: 3109  grad_norm: 0.164893  loss: 0.020924  loss_kpt: 0.020924  acc_pose: 1.000000
2026/09/15 23:54:18 - mmengine - INFO - Exp name: rtmpose-m_lumbar-coco_1stage_20260915_234219
2026/09/15 23:54:18 - mmengine - INFO - Epoch(train) [299][10/10]  base_lr: 3.191517e-04 lr: 3.191517e-04  eta: 0:04:25  time: 0.218692  data_time: 0.103478  memory: 3109  grad_norm: 0.154831  loss: 0.020604  loss_kpt: 0.020604  acc_pose: 1.000000
2026/09/15 23:54:20 - mmengine - INFO - Exp name: rtmpose-m_lumbar-coco_1stage_20260915_234219
2026/09/15 23:54:20 - mmengine - INFO - Epoch(train) [300][10/10]  base_lr: 3.156951e-04 lr: 3.156951e-04  eta: 0:04:23  time: 0.218051  data_time: 0.103830  memory: 3109  grad_norm: 0.153647  loss: 0.020423  loss_kpt: 0.020423  acc_pose: 1.000000
2026/09/15 23:54:20 - mmengine - INFO - Saving checkpoint at 300 epochs
2026/09/15 23:54:21 - mmengine - INFO - Evaluating CocoMetric...
2026/09/15 23:54:21 - mmengine - INFO - Evaluating PCKAccuracy (normalized by ``"bbox_size"``)...
2026/09/15 23:54:21 - mmengine - INFO - Epoch(val) [300][3/3]    coco/AP: 0.988068  coco/AP .5: 1.000000  coco/AP .75: 1.000000  coco/AP (M): -1.000000  coco/AP (L): 0.988068  coco/AR: 0.990000  coco/AR .5: 1.000000  coco/AR .75: 1.000000  coco/AR (M): -1.000000  coco/AR (L): 0.990000  PCK: 0.994318  data_time: 0.074462  time: 0.090359
2026/09/15 23:54:23 - mmengine - INFO - Exp name: rtmpose-m_lumbar-coco_1stage_20260915_234219
2026/09/15 23:54:23 - mmengine - INFO - Epoch(train) [301][10/10]  base_lr: 3.122265e-04 lr: 3.122265e-04  eta: 0:04:20  time: 0.217730  data_time: 0.103667  memory: 3109  grad_norm: 0.153909  loss: 0.019932  loss_kpt: 0.019932  acc_pose: 1.000000
2026/09/15 23:54:25 - mmengine - INFO - Exp name: rtmpose-m_lumbar-coco_1stage_20260915_234219
2026/09/15 23:54:25 - mmengine - INFO - Epoch(train) [302][10/10]  base_lr: 3.087468e-04 lr: 3.087468e-04  eta: 0:04:18  time: 0.217147  data_time: 0.103031  memory: 3109  grad_norm: 0.149785  loss: 0.019649  loss_kpt: 0.019649  acc_pose: 0.998580
2026/09/15 23:54:27 - mmengine - INFO - Exp name: rtmpose-m_lumbar-coco_1stage_20260915_234219
2026/09/15 23:54:27 - mmengine - INFO - Epoch(train) [303][10/10]  base_lr: 3.052568e-04 lr: 3.052568e-04  eta: 0:04:16  time: 0.216251  data_time: 0.102306  memory: 3109  grad_norm: 0.145561  loss: 0.019558  loss_kpt: 0.019558  acc_pose: 1.000000
2026/09/15 23:54:29 - mmengine - INFO - Exp name: rtmpose-m_lumbar-coco_1stage_20260915_234219
2026/09/15 23:54:29 - mmengine - INFO - Epoch(train) [304][10/10]  base_lr: 3.017572e-04 lr: 3.017572e-04  eta: 0:04:14  time: 0.216010  data_time: 0.101592  memory: 3109  grad_norm: 0.143231  loss: 0.019473  loss_kpt: 0.019473  acc_pose: 1.000000
2026/09/15 23:54:31 - mmengine - INFO - Exp name: rtmpose-m_lumbar-coco_1stage_20260915_234219
2026/09/15 23:54:31 - mmengine - INFO - Epoch(train) [305][10/10]  base_lr: 2.982488e-04 lr: 2.982488e-04  eta: 0:04:12  time: 0.215779  data_time: 0.101376  memory: 3109  grad_norm: 0.142064  loss: 0.019399  loss_kpt: 0.019399  acc_pose: 1.000000
2026/09/15 23:54:33 - mmengine - INFO - Exp name: rtmpose-m_lumbar-coco_1stage_20260915_234219
2026/09/15 23:54:33 - mmengine - INFO - Epoch(train) [306][10/10]  base_lr: 2.947324e-04 lr: 2.947324e-04  eta: 0:04:09  time: 0.214620  data_time: 0.100577  memory: 3109  grad_norm: 0.142311  loss: 0.019241  loss_kpt: 0.019241  acc_pose: 1.000000
2026/09/15 23:54:36 - mmengine - INFO - Exp name: rtmpose-m_lumbar-coco_1stage_20260915_234219
2026/09/15 23:54:36 - mmengine - INFO - Epoch(train) [307][10/10]  base_lr: 2.912089e-04 lr: 2.912089e-04  eta: 0:04:07  time: 0.214844  data_time: 0.101131  memory: 3109  grad_norm: 0.144660  loss: 0.019402  loss_kpt: 0.019402  acc_pose: 1.000000
2026/09/15 23:54:38 - mmengine - INFO - Exp name: rtmpose-m_lumbar-coco_1stage_20260915_234219
2026/09/15 23:54:38 - mmengine - INFO - Epoch(train) [308][10/10]  base_lr: 2.876788e-04 lr: 2.876788e-04  eta: 0:04:05  time: 0.214983  data_time: 0.101795  memory: 3109  grad_norm: 0.142607  loss: 0.019151  loss_kpt: 0.019151  acc_pose: 1.000000
2026/09/15 23:54:40 - mmengine - INFO - Exp name: rtmpose-m_lumbar-coco_1stage_20260915_234219
2026/09/15 23:54:40 - mmengine - INFO - Epoch(train) [309][10/10]  base_lr: 2.841432e-04 lr: 2.841432e-04  eta: 0:04:03  time: 0.214900  data_time: 0.102216  memory: 3109  grad_norm: 0.146125  loss: 0.019248  loss_kpt: 0.019248  acc_pose: 1.000000
2026/09/15 23:54:42 - mmengine - INFO - Exp name: rtmpose-m_lumbar-coco_1stage_20260915_234219
2026/09/15 23:54:42 - mmengine - INFO - Epoch(train) [310][10/10]  base_lr: 2.806027e-04 lr: 2.806027e-04  eta: 0:04:01  time: 0.214867  data_time: 0.102053  memory: 3109  grad_norm: 0.145664  loss: 0.019262  loss_kpt: 0.019262  acc_pose: 1.000000
2026/09/15 23:54:42 - mmengine - INFO - Saving checkpoint at 310 epochs
2026/09/15 23:54:43 - mmengine - INFO - Evaluating CocoMetric...
2026/09/15 23:54:43 - mmengine - INFO - Evaluating PCKAccuracy (normalized by ``"bbox_size"``)...
2026/09/15 23:54:43 - mmengine - INFO - Epoch(val) [310][3/3]    coco/AP: 0.994059  coco/AP .5: 1.000000  coco/AP .75: 1.000000  coco/AP (M): -1.000000  coco/AP (L): 0.994059  coco/AR: 0.995000  coco/AR .5: 1.000000  coco/AR .75: 1.000000  coco/AR (M): -1.000000  coco/AR (L): 0.995000  PCK: 0.996591  data_time: 0.075241  time: 0.090853
2026/09/15 23:54:45 - mmengine - INFO - Exp name: rtmpose-m_lumbar-coco_1stage_20260915_234219
2026/09/15 23:54:45 - mmengine - INFO - Epoch(train) [311][10/10]  base_lr: 2.770581e-04 lr: 2.770581e-04  eta: 0:03:58  time: 0.216001  data_time: 0.103300  memory: 3109  grad_norm: 0.146367  loss: 0.019316  loss_kpt: 0.019316  acc_pose: 1.000000
2026/09/15 23:54:47 - mmengine - INFO - Exp name: rtmpose-m_lumbar-coco_1stage_20260915_234219
2026/09/15 23:54:47 - mmengine - INFO - Epoch(train) [312][10/10]  base_lr: 2.735103e-04 lr: 2.735103e-04  eta: 0:03:56  time: 0.214895  data_time: 0.102268  memory: 3109  grad_norm: 0.152510  loss: 0.019166  loss_kpt: 0.019166  acc_pose: 1.000000
2026/09/15 23:54:49 - mmengine - INFO - Exp name: rtmpose-m_lumbar-coco_1stage_20260915_234219
2026/09/15 23:54:49 - mmengine - INFO - Epoch(train) [313][10/10]  base_lr: 2.699601e-04 lr: 2.699601e-04  eta: 0:03:54  time: 0.214076  data_time: 0.101506  memory: 3109  grad_norm: 0.160157  loss: 0.019231  loss_kpt: 0.019231  acc_pose: 1.000000
2026/09/15 23:54:52 - mmengine - INFO - Exp name: rtmpose-m_lumbar-coco_1stage_20260915_234219
2026/09/15 23:54:52 - mmengine - INFO - Epoch(train) [314][10/10]  base_lr: 2.664081e-04 lr: 2.664081e-04  eta: 0:03:52  time: 0.213537  data_time: 0.100944  memory: 3109  grad_norm: 0.158922  loss: 0.018827  loss_kpt: 0.018827  acc_pose: 1.000000
2026/09/15 23:54:54 - mmengine - INFO - Exp name: rtmpose-m_lumbar-coco_1stage_20260915_234219
2026/09/15 23:54:54 - mmengine - INFO - Epoch(train) [315][10/10]  base_lr: 2.628553e-04 lr: 2.628553e-04  eta: 0:03:49  time: 0.213794  data_time: 0.101231  memory: 3109  grad_norm: 0.155606  loss: 0.018425  loss_kpt: 0.018425  acc_pose: 1.000000
2026/09/15 23:54:56 - mmengine - INFO - Exp name: rtmpose-m_lumbar-coco_1stage_20260915_234219
2026/09/15 23:54:56 - mmengine - INFO - Epoch(train) [316][10/10]  base_lr: 2.593024e-04 lr: 2.593024e-04  eta: 0:03:47  time: 0.213944  data_time: 0.101387  memory: 3109  grad_norm: 0.155193  loss: 0.018269  loss_kpt: 0.018269  acc_pose: 1.000000
2026/09/15 23:54:58 - mmengine - INFO - Exp name: rtmpose-m_lumbar-coco_1stage_20260915_234219
2026/09/15 23:54:58 - mmengine - INFO - Epoch(train) [317][10/10]  base_lr: 2.557502e-04 lr: 2.557502e-04  eta: 0:03:45  time: 0.214375  data_time: 0.101813  memory: 3109  grad_norm: 0.152688  loss: 0.018129  loss_kpt: 0.018129  acc_pose: 1.000000
2026/09/15 23:55:00 - mmengine - INFO - Exp name: rtmpose-m_lumbar-coco_1stage_20260915_234219
2026/09/15 23:55:00 - mmengine - INFO - Epoch(train) [318][10/10]  base_lr: 2.521996e-04 lr: 2.521996e-04  eta: 0:03:43  time: 0.214324  data_time: 0.101855  memory: 3109  grad_norm: 0.147767  loss: 0.017850  loss_kpt: 0.017850  acc_pose: 1.000000
2026/09/15 23:55:02 - mmengine - INFO - Exp name: rtmpose-m_lumbar-coco_1stage_20260915_234219
2026/09/15 23:55:02 - mmengine - INFO - Epoch(train) [319][10/10]  base_lr: 2.486512e-04 lr: 2.486512e-04  eta: 0:03:41  time: 0.214094  data_time: 0.101698  memory: 3109  grad_norm: 0.150966  loss: 0.017996  loss_kpt: 0.017996  acc_pose: 1.000000
2026/09/15 23:55:04 - mmengine - INFO - Exp name: rtmpose-m_lumbar-coco_1stage_20260915_234219
2026/09/15 23:55:04 - mmengine - INFO - Epoch(train) [320][10/10]  base_lr: 2.451059e-04 lr: 2.451059e-04  eta: 0:03:38  time: 0.214201  data_time: 0.101831  memory: 3109  grad_norm: 0.151394  loss: 0.017999  loss_kpt: 0.017999  acc_pose: 1.000000
2026/09/15 23:55:04 - mmengine - INFO - Saving checkpoint at 320 epochs
2026/09/15 23:55:05 - mmengine - INFO - Evaluating CocoMetric...
2026/09/15 23:55:05 - mmengine - INFO - Evaluating PCKAccuracy (normalized by ``"bbox_size"``)...
2026/09/15 23:55:05 - mmengine - INFO - Epoch(val) [320][3/3]    coco/AP: 0.991089  coco/AP .5: 1.000000  coco/AP .75: 1.000000  coco/AP (M): -1.000000  coco/AP (L): 0.991089  coco/AR: 0.992500  coco/AR .5: 1.000000  coco/AR .75: 1.000000  coco/AR (M): -1.000000  coco/AR (L): 0.992500  PCK: 0.995455  data_time: 0.073534  time: 0.089028
2026/09/15 23:55:07 - mmengine - INFO - Exp name: rtmpose-m_lumbar-coco_1stage_20260915_234219
2026/09/15 23:55:07 - mmengine - INFO - Epoch(train) [321][10/10]  base_lr: 2.415646e-04 lr: 2.415646e-04  eta: 0:03:36  time: 0.213872  data_time: 0.101144  memory: 3109  grad_norm: 0.145634  loss: 0.017862  loss_kpt: 0.017862  acc_pose: 1.000000
2026/09/15 23:55:10 - mmengine - INFO - Exp name: rtmpose-m_lumbar-coco_1stage_20260915_234219
2026/09/15 23:55:10 - mmengine - INFO - Epoch(train) [322][10/10]  base_lr: 2.380279e-04 lr: 2.380279e-04  eta: 0:03:34  time: 0.213935  data_time: 0.100910  memory: 3109  grad_norm: 0.140438  loss: 0.017617  loss_kpt: 0.017617  acc_pose: 1.000000
2026/09/15 23:55:12 - mmengine - INFO - Exp name: rtmpose-m_lumbar-coco_1stage_20260915_234219
2026/09/15 23:55:12 - mmengine - INFO - Epoch(train) [323][10/10]  base_lr: 2.344967e-04 lr: 2.344967e-04  eta: 0:03:32  time: 0.214482  data_time: 0.101354  memory: 3109  grad_norm: 0.140205  loss: 0.017447  loss_kpt: 0.017447  acc_pose: 1.000000
2026/09/15 23:55:14 - mmengine - INFO - Exp name: rtmpose-m_lumbar-coco_1stage_20260915_234219
2026/09/15 23:55:14 - mmengine - INFO - Epoch(train) [324][10/10]  base_lr: 2.309717e-04 lr: 2.309717e-04  eta: 0:03:30  time: 0.214982  data_time: 0.101803  memory: 3109  grad_norm: 0.139047  loss: 0.017179  loss_kpt: 0.017179  acc_pose: 1.000000
2026/09/15 23:55:16 - mmengine - INFO - Exp name: rtmpose-m_lumbar-coco_1stage_20260915_234219
2026/09/15 23:55:16 - mmengine - INFO - Epoch(train) [325][10/10]  base_lr: 2.274538e-04 lr: 2.274538e-04  eta: 0:03:27  time: 0.215448  data_time: 0.102229  memory: 3109  grad_norm: 0.139424  loss: 0.017224  loss_kpt: 0.017224  acc_pose: 1.000000
2026/09/15 23:55:18 - mmengine - INFO - Exp name: rtmpose-m_lumbar-coco_1stage_20260915_234219
2026/09/15 23:55:18 - mmengine - INFO - Epoch(train) [326][10/10]  base_lr: 2.239438e-04 lr: 2.239438e-04  eta: 0:03:25  time: 0.215503  data_time: 0.102581  memory: 3109  grad_norm: 0.139319  loss: 0.017033  loss_kpt: 0.017033  acc_pose: 1.000000
2026/09/15 23:55:20 - mmengine - INFO - Exp name: rtmpose-m_lumbar-coco_1stage_20260915_234219
2026/09/15 23:55:20 - mmengine - INFO - Epoch(train) [327][10/10]  base_lr: 2.204424e-04 lr: 2.204424e-04  eta: 0:03:23  time: 0.215033  data_time: 0.102425  memory: 3109  grad_norm: 0.137273  loss: 0.016957  loss_kpt: 0.016957  acc_pose: 1.000000
2026/09/15 23:55:23 - mmengine - INFO - Exp name: rtmpose-m_lumbar-coco_1stage_20260915_234219
2026/09/15 23:55:23 - mmengine - INFO - Epoch(train) [328][10/10]  base_lr: 2.169504e-04 lr: 2.169504e-04  eta: 0:03:21  time: 0.215626  data_time: 0.102978  memory: 3109  grad_norm: 0.135629  loss: 0.016839  loss_kpt: 0.016839  acc_pose: 1.000000
2026/09/15 23:55:25 - mmengine - INFO - Exp name: rtmpose-m_lumbar-coco_1stage_20260915_234219
2026/09/15 23:55:25 - mmengine - INFO - Epoch(train) [329][10/10]  base_lr: 2.134686e-04 lr: 2.134686e-04  eta: 0:03:19  time: 0.216233  data_time: 0.103617  memory: 3109  grad_norm: 0.131896  loss: 0.016531  loss_kpt: 0.016531  acc_pose: 1.000000
2026/09/15 23:55:27 - mmengine - INFO - Exp name: rtmpose-m_lumbar-coco_1stage_20260915_234219
2026/09/15 23:55:27 - mmengine - INFO - Epoch(train) [330][10/10]  base_lr: 2.099977e-04 lr: 2.099977e-04  eta: 0:03:16  time: 0.215797  data_time: 0.103281  memory: 3109  grad_norm: 0.134422  loss: 0.016364  loss_kpt: 0.016364  acc_pose: 1.000000
2026/09/15 23:55:27 - mmengine - INFO - Saving checkpoint at 330 epochs
2026/09/15 23:55:28 - mmengine - INFO - Evaluating CocoMetric...
2026/09/15 23:55:28 - mmengine - INFO - Evaluating PCKAccuracy (normalized by ``"bbox_size"``)...
2026/09/15 23:55:28 - mmengine - INFO - Epoch(val) [330][3/3]    coco/AP: 0.991089  coco/AP .5: 1.000000  coco/AP .75: 1.000000  coco/AP (M): -1.000000  coco/AP (L): 0.991089  coco/AR: 0.992500  coco/AR .5: 1.000000  coco/AR .75: 1.000000  coco/AR (M): -1.000000  coco/AR (L): 0.992500  PCK: 0.996591  data_time: 0.073773  time: 0.089693
2026/09/15 23:55:30 - mmengine - INFO - Exp name: rtmpose-m_lumbar-coco_1stage_20260915_234219
2026/09/15 23:55:30 - mmengine - INFO - Epoch(train) [331][10/10]  base_lr: 2.065386e-04 lr: 2.065386e-04  eta: 0:03:14  time: 0.215793  data_time: 0.103246  memory: 3109  grad_norm: 0.135597  loss: 0.016330  loss_kpt: 0.016330  acc_pose: 1.000000
2026/09/15 23:55:32 - mmengine - INFO - Exp name: rtmpose-m_lumbar-coco_1stage_20260915_234219
2026/09/15 23:55:32 - mmengine - INFO - Epoch(train) [332][10/10]  base_lr: 2.030921e-04 lr: 2.030921e-04  eta: 0:03:12  time: 0.216329  data_time: 0.103822  memory: 3109  grad_norm: 0.136653  loss: 0.016126  loss_kpt: 0.016126  acc_pose: 0.998580
2026/09/15 23:55:34 - mmengine - INFO - Exp name: rtmpose-m_lumbar-coco_1stage_20260915_234219
2026/09/15 23:55:34 - mmengine - INFO - Epoch(train) [333][10/10]  base_lr: 1.996588e-04 lr: 1.996588e-04  eta: 0:03:10  time: 0.215584  data_time: 0.102976  memory: 3109  grad_norm: 0.138924  loss: 0.016152  loss_kpt: 0.016152  acc_pose: 1.000000
2026/09/15 23:55:36 - mmengine - INFO - Exp name: rtmpose-m_lumbar-coco_1stage_20260915_234219
2026/09/15 23:55:36 - mmengine - INFO - Epoch(train) [334][10/10]  base_lr: 1.962396e-04 lr: 1.962396e-04  eta: 0:03:08  time: 0.214403  data_time: 0.101686  memory: 3109  grad_norm: 0.140775  loss: 0.016313  loss_kpt: 0.016313  acc_pose: 1.000000
2026/09/15 23:55:38 - mmengine - INFO - Exp name: rtmpose-m_lumbar-coco_1stage_20260915_234219
2026/09/15 23:55:38 - mmengine - INFO - Epoch(train) [335][10/10]  base_lr: 1.928352e-04 lr: 1.928352e-04  eta: 0:03:05  time: 0.214090  data_time: 0.101274  memory: 3109  grad_norm: 0.137959  loss: 0.016161  loss_kpt: 0.016161  acc_pose: 1.000000
2026/09/15 23:55:41 - mmengine - INFO - Exp name: rtmpose-m_lumbar-coco_1stage_20260915_234219
2026/09/15 23:55:41 - mmengine - INFO - Epoch(train) [336][10/10]  base_lr: 1.894465e-04 lr: 1.894465e-04  eta: 0:03:03  time: 0.213336  data_time: 0.100549  memory: 3109  grad_norm: 0.138680  loss: 0.016164  loss_kpt: 0.016164  acc_pose: 1.000000
2026/09/15 23:55:43 - mmengine - INFO - Exp name: rtmpose-m_lumbar-coco_1stage_20260915_234219
2026/09/15 23:55:43 - mmengine - INFO - Epoch(train) [337][10/10]  base_lr: 1.860740e-04 lr: 1.860740e-04  eta: 0:03:01  time: 0.214300  data_time: 0.099187  memory: 3109  grad_norm: 0.138626  loss: 0.016083  loss_kpt: 0.016083  acc_pose: 1.000000
2026/09/15 23:55:45 - mmengine - INFO - Exp name: rtmpose-m_lumbar-coco_1stage_20260915_234219
2026/09/15 23:55:45 - mmengine - INFO - Epoch(train) [338][10/10]  base_lr: 1.827187e-04 lr: 1.827187e-04  eta: 0:02:59  time: 0.214667  data_time: 0.099628  memory: 3109  grad_norm: 0.135803  loss: 0.015902  loss_kpt: 0.015902  acc_pose: 1.000000
2026/09/15 23:55:47 - mmengine - INFO - Exp name: rtmpose-m_lumbar-coco_1stage_20260915_234219
2026/09/15 23:55:47 - mmengine - INFO - Epoch(train) [339][10/10]  base_lr: 1.793812e-04 lr: 1.793812e-04  eta: 0:02:57  time: 0.216105  data_time: 0.101113  memory: 3109  grad_norm: 0.135422  loss: 0.015950  loss_kpt: 0.015950  acc_pose: 1.000000
2026/09/15 23:55:49 - mmengine - INFO - Exp name: rtmpose-m_lumbar-coco_1stage_20260915_234219
2026/09/15 23:55:49 - mmengine - INFO - Epoch(train) [340][10/10]  base_lr: 1.760623e-04 lr: 1.760623e-04  eta: 0:02:54  time: 0.216140  data_time: 0.101206  memory: 3109  grad_norm: 0.135060  loss: 0.015934  loss_kpt: 0.015934  acc_pose: 1.000000
2026/09/15 23:55:49 - mmengine - INFO - Saving checkpoint at 340 epochs
2026/09/15 23:55:50 - mmengine - INFO - Evaluating CocoMetric...
2026/09/15 23:55:50 - mmengine - INFO - Evaluating PCKAccuracy (normalized by ``"bbox_size"``)...
2026/09/15 23:55:50 - mmengine - INFO - Epoch(val) [340][3/3]    coco/AP: 0.988119  coco/AP .5: 1.000000  coco/AP .75: 1.000000  coco/AP (M): -1.000000  coco/AP (L): 0.988119  coco/AR: 0.990000  coco/AR .5: 1.000000  coco/AR .75: 1.000000  coco/AR (M): -1.000000  coco/AR (L): 0.990000  PCK: 0.995455  data_time: 0.074264  time: 0.090068
2026/09/15 23:55:52 - mmengine - INFO - Exp name: rtmpose-m_lumbar-coco_1stage_20260915_234219
2026/09/15 23:55:52 - mmengine - INFO - Epoch(train) [341][10/10]  base_lr: 1.727628e-04 lr: 1.727628e-04  eta: 0:02:52  time: 0.217014  data_time: 0.102280  memory: 3109  grad_norm: 0.133843  loss: 0.015616  loss_kpt: 0.015616  acc_pose: 1.000000
2026/09/15 23:55:54 - mmengine - INFO - Exp name: rtmpose-m_lumbar-coco_1stage_20260915_234219
2026/09/15 23:55:54 - mmengine - INFO - Epoch(train) [342][10/10]  base_lr: 1.694834e-04 lr: 1.694834e-04  eta: 0:02:50  time: 0.215736  data_time: 0.103371  memory: 3109  grad_norm: 0.132183  loss: 0.015484  loss_kpt: 0.015484  acc_pose: 1.000000
2026/09/15 23:55:57 - mmengine - INFO - Exp name: rtmpose-m_lumbar-coco_1stage_20260915_234219
2026/09/15 23:55:57 - mmengine - INFO - Epoch(train) [343][10/10]  base_lr: 1.662247e-04 lr: 1.662247e-04  eta: 0:02:48  time: 0.215804  data_time: 0.103572  memory: 3109  grad_norm: 0.131330  loss: 0.015375  loss_kpt: 0.015375  acc_pose: 1.000000
2026/09/15 23:55:59 - mmengine - INFO - Exp name: rtmpose-m_lumbar-coco_1stage_20260915_234219
2026/09/15 23:55:59 - mmengine - INFO - Epoch(train) [344][10/10]  base_lr: 1.629877e-04 lr: 1.629877e-04  eta: 0:02:46  time: 0.215736  data_time: 0.103565  memory: 3109  grad_norm: 0.129972  loss: 0.014992  loss_kpt: 0.014992  acc_pose: 1.000000
2026/09/15 23:56:01 - mmengine - INFO - Exp name: rtmpose-m_lumbar-coco_1stage_20260915_234219
2026/09/15 23:56:01 - mmengine - INFO - Epoch(train) [345][10/10]  base_lr: 1.597728e-04 lr: 1.597728e-04  eta: 0:02:44  time: 0.216544  data_time: 0.104209  memory: 3109  grad_norm: 0.130228  loss: 0.014813  loss_kpt: 0.014813  acc_pose: 1.000000
2026/09/15 23:56:03 - mmengine - INFO - Exp name: rtmpose-m_lumbar-coco_1stage_20260915_234219
2026/09/15 23:56:03 - mmengine - INFO - Epoch(train) [346][10/10]  base_lr: 1.565810e-04 lr: 1.565810e-04  eta: 0:02:41  time: 0.215982  data_time: 0.103589  memory: 3109  grad_norm: 0.126457  loss: 0.014870  loss_kpt: 0.014870  acc_pose: 1.000000
2026/09/15 23:56:05 - mmengine - INFO - Exp name: rtmpose-m_lumbar-coco_1stage_20260915_234219
2026/09/15 23:56:05 - mmengine - INFO - Epoch(train) [347][10/10]  base_lr: 1.534129e-04 lr: 1.534129e-04  eta: 0:02:39  time: 0.216358  data_time: 0.103920  memory: 3109  grad_norm: 0.126350  loss: 0.014781  loss_kpt: 0.014781  acc_pose: 1.000000
2026/09/15 23:56:07 - mmengine - INFO - Exp name: rtmpose-m_lumbar-coco_1stage_20260915_234219
2026/09/15 23:56:07 - mmengine - INFO - Epoch(train) [348][10/10]  base_lr: 1.502692e-04 lr: 1.502692e-04  eta: 0:02:37  time: 0.216318  data_time: 0.103873  memory: 3109  grad_norm: 0.126625  loss: 0.014765  loss_kpt: 0.014765  acc_pose: 1.000000
2026/09/15 23:56:09 - mmengine - INFO - Exp name: rtmpose-m_lumbar-coco_1stage_20260915_234219
2026/09/15 23:56:09 - mmengine - INFO - Epoch(train) [349][10/10]  base_lr: 1.471506e-04 lr: 1.471506e-04  eta: 0:02:35  time: 0.214970  data_time: 0.102630  memory: 3109  grad_norm: 0.124054  loss: 0.014647  loss_kpt: 0.014647  acc_pose: 1.000000
2026/09/15 23:56:12 - mmengine - INFO - Exp name: rtmpose-m_lumbar-coco_1stage_20260915_234219
2026/09/15 23:56:12 - mmengine - INFO - Epoch(train) [350][10/10]  base_lr: 1.440578e-04 lr: 1.440578e-04  eta: 0:02:33  time: 0.214691  data_time: 0.102761  memory: 3109  grad_norm: 0.122008  loss: 0.014531  loss_kpt: 0.014531  acc_pose: 1.000000
2026/09/15 23:56:12 - mmengine - INFO - Saving checkpoint at 350 epochs
2026/09/15 23:56:12 - mmengine - INFO - Evaluating CocoMetric...
2026/09/15 23:56:12 - mmengine - INFO - Evaluating PCKAccuracy (normalized by ``"bbox_size"``)...
2026/09/15 23:56:12 - mmengine - INFO - Epoch(val) [350][3/3]    coco/AP: 0.988119  coco/AP .5: 1.000000  coco/AP .75: 1.000000  coco/AP (M): -1.000000  coco/AP (L): 0.988119  coco/AR: 0.990000  coco/AR .5: 1.000000  coco/AR .75: 1.000000  coco/AR (M): -1.000000  coco/AR (L): 0.990000  PCK: 0.994318  data_time: 0.074117  time: 0.089535
2026/09/15 23:56:15 - mmengine - INFO - Exp name: rtmpose-m_lumbar-coco_1stage_20260915_234219
2026/09/15 23:56:15 - mmengine - INFO - Epoch(train) [351][10/10]  base_lr: 1.409916e-04 lr: 1.409916e-04  eta: 0:02:30  time: 0.215739  data_time: 0.103769  memory: 3109  grad_norm: 0.121676  loss: 0.014300  loss_kpt: 0.014300  acc_pose: 1.000000
2026/09/15 23:56:17 - mmengine - INFO - Exp name: rtmpose-m_lumbar-coco_1stage_20260915_234219
2026/09/15 23:56:17 - mmengine - INFO - Epoch(train) [352][10/10]  base_lr: 1.379525e-04 lr: 1.379525e-04  eta: 0:02:28  time: 0.219831  data_time: 0.106192  memory: 3109  grad_norm: 0.121223  loss: 0.014294  loss_kpt: 0.014294  acc_pose: 1.000000
2026/09/15 23:56:19 - mmengine - INFO - Exp name: rtmpose-m_lumbar-coco_1stage_20260915_234219
2026/09/15 23:56:19 - mmengine - INFO - Epoch(train) [353][10/10]  base_lr: 1.349413e-04 lr: 1.349413e-04  eta: 0:02:26  time: 0.220753  data_time: 0.107152  memory: 3109  grad_norm: 0.121591  loss: 0.014167  loss_kpt: 0.014167  acc_pose: 1.000000
2026/09/15 23:56:21 - mmengine - INFO - Exp name: rtmpose-m_lumbar-coco_1stage_20260915_234219
2026/09/15 23:56:21 - mmengine - INFO - Epoch(train) [354][10/10]  base_lr: 1.319586e-04 lr: 1.319586e-04  eta: 0:02:24  time: 0.221855  data_time: 0.108043  memory: 3109  grad_norm: 0.121786  loss: 0.014055  loss_kpt: 0.014055  acc_pose: 1.000000
2026/09/15 23:56:24 - mmengine - INFO - Exp name: rtmpose-m_lumbar-coco_1stage_20260915_234219
2026/09/15 23:56:24 - mmengine - INFO - Epoch(train) [355][10/10]  base_lr: 1.290052e-04 lr: 1.290052e-04  eta: 0:02:22  time: 0.223227  data_time: 0.109066  memory: 3109  grad_norm: 0.120890  loss: 0.013842  loss_kpt: 0.013842  acc_pose: 1.000000
2026/09/15 23:56:26 - mmengine - INFO - Exp name: rtmpose-m_lumbar-coco_1stage_20260915_234219
2026/09/15 23:56:26 - mmengine - INFO - Epoch(train) [356][10/10]  base_lr: 1.260816e-04 lr: 1.260816e-04  eta: 0:02:19  time: 0.223149  data_time: 0.108990  memory: 3109  grad_norm: 0.122304  loss: 0.013852  loss_kpt: 0.013852  acc_pose: 1.000000
2026/09/15 23:56:28 - mmengine - INFO - Exp name: rtmpose-m_lumbar-coco_1stage_20260915_234219
2026/09/15 23:56:28 - mmengine - INFO - Epoch(train) [357][10/10]  base_lr: 1.231886e-04 lr: 1.231886e-04  eta: 0:02:17  time: 0.219143  data_time: 0.106600  memory: 3109  grad_norm: 0.120420  loss: 0.013608  loss_kpt: 0.013608  acc_pose: 1.000000
2026/09/15 23:56:30 - mmengine - INFO - Exp name: rtmpose-m_lumbar-coco_1stage_20260915_234219
2026/09/15 23:56:30 - mmengine - INFO - Epoch(train) [358][10/10]  base_lr: 1.203267e-04 lr: 1.203267e-04  eta: 0:02:15  time: 0.218226  data_time: 0.105719  memory: 3109  grad_norm: 0.117055  loss: 0.013479  loss_kpt: 0.013479  acc_pose: 1.000000
2026/09/15 23:56:32 - mmengine - INFO - Exp name: rtmpose-m_lumbar-coco_1stage_20260915_234219
2026/09/15 23:56:32 - mmengine - INFO - Epoch(train) [359][10/10]  base_lr: 1.174967e-04 lr: 1.174967e-04  eta: 0:02:13  time: 0.217773  data_time: 0.105500  memory: 3109  grad_norm: 0.115636  loss: 0.013375  loss_kpt: 0.013375  acc_pose: 1.000000
2026/09/15 23:56:34 - mmengine - INFO - Exp name: rtmpose-m_lumbar-coco_1stage_20260915_234219
2026/09/15 23:56:34 - mmengine - INFO - Epoch(train) [360][10/10]  base_lr: 1.146991e-04 lr: 1.146991e-04  eta: 0:02:11  time: 0.216339  data_time: 0.104301  memory: 3109  grad_norm: 0.117226  loss: 0.013431  loss_kpt: 0.013431  acc_pose: 1.000000
2026/09/15 23:56:34 - mmengine - INFO - Saving checkpoint at 360 epochs
2026/09/15 23:56:35 - mmengine - INFO - Evaluating CocoMetric...
2026/09/15 23:56:35 - mmengine - INFO - Evaluating PCKAccuracy (normalized by ``"bbox_size"``)...
2026/09/15 23:56:35 - mmengine - INFO - Epoch(val) [360][3/3]    coco/AP: 0.988119  coco/AP .5: 1.000000  coco/AP .75: 1.000000  coco/AP (M): -1.000000  coco/AP (L): 0.988119  coco/AR: 0.990000  coco/AR .5: 1.000000  coco/AR .75: 1.000000  coco/AR (M): -1.000000  coco/AR (L): 0.990000  PCK: 0.994318  data_time: 0.074153  time: 0.089567
2026/09/15 23:56:37 - mmengine - INFO - Exp name: rtmpose-m_lumbar-coco_1stage_20260915_234219
2026/09/15 23:56:37 - mmengine - INFO - Epoch(train) [361][10/10]  base_lr: 1.119346e-04 lr: 1.119346e-04  eta: 0:02:09  time: 0.215429  data_time: 0.103461  memory: 3109  grad_norm: 0.117567  loss: 0.013349  loss_kpt: 0.013349  acc_pose: 1.000000
2026/09/15 23:56:40 - mmengine - INFO - Exp name: rtmpose-m_lumbar-coco_1stage_20260915_234219
2026/09/15 23:56:40 - mmengine - INFO - Epoch(train) [362][10/10]  base_lr: 1.092038e-04 lr: 1.092038e-04  eta: 0:02:06  time: 0.214287  data_time: 0.102529  memory: 3109  grad_norm: 0.119662  loss: 0.013474  loss_kpt: 0.013474  acc_pose: 1.000000
2026/09/15 23:56:42 - mmengine - INFO - Exp name: rtmpose-m_lumbar-coco_1stage_20260915_234219
2026/09/15 23:56:42 - mmengine - INFO - Epoch(train) [363][10/10]  base_lr: 1.065073e-04 lr: 1.065073e-04  eta: 0:02:04  time: 0.214434  data_time: 0.102752  memory: 3109  grad_norm: 0.120441  loss: 0.013412  loss_kpt: 0.013412  acc_pose: 1.000000
2026/09/15 23:56:44 - mmengine - INFO - Exp name: rtmpose-m_lumbar-coco_1stage_20260915_234219
2026/09/15 23:56:44 - mmengine - INFO - Epoch(train) [364][10/10]  base_lr: 1.038457e-04 lr: 1.038457e-04  eta: 0:02:02  time: 0.214239  data_time: 0.102621  memory: 3109  grad_norm: 0.119930  loss: 0.013424  loss_kpt: 0.013424  acc_pose: 1.000000
2026/09/15 23:56:46 - mmengine - INFO - Exp name: rtmpose-m_lumbar-coco_1stage_20260915_234219
2026/09/15 23:56:46 - mmengine - INFO - Epoch(train) [365][10/10]  base_lr: 1.012196e-04 lr: 1.012196e-04  eta: 0:02:00  time: 0.213811  data_time: 0.102279  memory: 3109  grad_norm: 0.120055  loss: 0.013444  loss_kpt: 0.013444  acc_pose: 1.000000
2026/09/15 23:56:48 - mmengine - INFO - Exp name: rtmpose-m_lumbar-coco_1stage_20260915_234219
2026/09/15 23:56:48 - mmengine - INFO - Epoch(train) [366][10/10]  base_lr: 9.862961e-05 lr: 9.862961e-05  eta: 0:01:58  time: 0.215407  data_time: 0.103873  memory: 3109  grad_norm: 0.122787  loss: 0.013411  loss_kpt: 0.013411  acc_pose: 1.000000
2026/09/15 23:56:50 - mmengine - INFO - Exp name: rtmpose-m_lumbar-coco_1stage_20260915_234219
2026/09/15 23:56:50 - mmengine - INFO - Epoch(train) [367][10/10]  base_lr: 9.607629e-05 lr: 9.607629e-05  eta: 0:01:55  time: 0.216117  data_time: 0.104283  memory: 3109  grad_norm: 0.123509  loss: 0.013485  loss_kpt: 0.013485  acc_pose: 1.000000
2026/09/15 23:56:53 - mmengine - INFO - Exp name: rtmpose-m_lumbar-coco_1stage_20260915_234219
2026/09/15 23:56:53 - mmengine - INFO - Epoch(train) [368][10/10]  base_lr: 9.356021e-05 lr: 9.356021e-05  eta: 0:01:53  time: 0.215361  data_time: 0.103323  memory: 3109  grad_norm: 0.123421  loss: 0.013438  loss_kpt: 0.013438  acc_pose: 1.000000
2026/09/15 23:56:55 - mmengine - INFO - Exp name: rtmpose-m_lumbar-coco_1stage_20260915_234219
2026/09/15 23:56:55 - mmengine - INFO - Epoch(train) [369][10/10]  base_lr: 9.108195e-05 lr: 9.108195e-05  eta: 0:01:51  time: 0.216130  data_time: 0.103557  memory: 3109  grad_norm: 0.125112  loss: 0.013427  loss_kpt: 0.013427  acc_pose: 1.000000
2026/09/15 23:56:57 - mmengine - INFO - Exp name: rtmpose-m_lumbar-coco_1stage_20260915_234219
2026/09/15 23:56:57 - mmengine - INFO - Epoch(train) [370][10/10]  base_lr: 8.864204e-05 lr: 8.864204e-05  eta: 0:01:49  time: 0.215503  data_time: 0.102529  memory: 3109  grad_norm: 0.122272  loss: 0.013384  loss_kpt: 0.013384  acc_pose: 1.000000
2026/09/15 23:56:57 - mmengine - INFO - Saving checkpoint at 370 epochs
2026/09/15 23:56:58 - mmengine - INFO - Evaluating CocoMetric...
2026/09/15 23:56:58 - mmengine - INFO - Evaluating PCKAccuracy (normalized by ``"bbox_size"``)...
2026/09/15 23:56:58 - mmengine - INFO - Epoch(val) [370][3/3]    coco/AP: 0.988119  coco/AP .5: 1.000000  coco/AP .75: 1.000000  coco/AP (M): -1.000000  coco/AP (L): 0.988119  coco/AR: 0.990000  coco/AR .5: 1.000000  coco/AR .75: 1.000000  coco/AR (M): -1.000000  coco/AR (L): 0.990000  PCK: 0.994318  data_time: 0.073703  time: 0.089470
2026/09/15 23:57:00 - mmengine - INFO - Exp name: rtmpose-m_lumbar-coco_1stage_20260915_234219
2026/09/15 23:57:00 - mmengine - INFO - Epoch(train) [371][10/10]  base_lr: 8.624104e-05 lr: 8.624104e-05  eta: 0:01:47  time: 0.214339  data_time: 0.101149  memory: 3109  grad_norm: 0.117769  loss: 0.013350  loss_kpt: 0.013350  acc_pose: 1.000000
2026/09/15 23:57:02 - mmengine - INFO - Exp name: rtmpose-m_lumbar-coco_1stage_20260915_234219
2026/09/15 23:57:02 - mmengine - INFO - Epoch(train) [372][10/10]  base_lr: 8.387949e-05 lr: 8.387949e-05  eta: 0:01:44  time: 0.213927  data_time: 0.100855  memory: 3109  grad_norm: 0.115180  loss: 0.013147  loss_kpt: 0.013147  acc_pose: 1.000000
2026/09/15 23:57:04 - mmengine - INFO - Exp name: rtmpose-m_lumbar-coco_1stage_20260915_234219
2026/09/15 23:57:04 - mmengine - INFO - Epoch(train) [373][10/10]  base_lr: 8.155792e-05 lr: 8.155792e-05  eta: 0:01:42  time: 0.214361  data_time: 0.101001  memory: 3109  grad_norm: 0.114577  loss: 0.013231  loss_kpt: 0.013231  acc_pose: 1.000000
2026/09/15 23:57:06 - mmengine - INFO - Exp name: rtmpose-m_lumbar-coco_1stage_20260915_234219
2026/09/15 23:57:06 - mmengine - INFO - Epoch(train) [374][10/10]  base_lr: 7.927683e-05 lr: 7.927683e-05  eta: 0:01:40  time: 0.214041  data_time: 0.100718  memory: 3109  grad_norm: 0.111727  loss: 0.013160  loss_kpt: 0.013160  acc_pose: 1.000000
2026/09/15 23:57:08 - mmengine - INFO - Exp name: rtmpose-m_lumbar-coco_1stage_20260915_234219
2026/09/15 23:57:08 - mmengine - INFO - Epoch(train) [375][10/10]  base_lr: 7.703676e-05 lr: 7.703676e-05  eta: 0:01:38  time: 0.213760  data_time: 0.100720  memory: 3109  grad_norm: 0.109474  loss: 0.012910  loss_kpt: 0.012910  acc_pose: 1.000000
2026/09/15 23:57:11 - mmengine - INFO - Exp name: rtmpose-m_lumbar-coco_1stage_20260915_234219
2026/09/15 23:57:11 - mmengine - INFO - Epoch(train) [376][10/10]  base_lr: 7.483818e-05 lr: 7.483818e-05  eta: 0:01:36  time: 0.212762  data_time: 0.099831  memory: 3109  grad_norm: 0.107040  loss: 0.012701  loss_kpt: 0.012701  acc_pose: 1.000000
2026/09/15 23:57:13 - mmengine - INFO - Exp name: rtmpose-m_lumbar-coco_1stage_20260915_234219
2026/09/15 23:57:13 - mmengine - INFO - Epoch(train) [377][10/10]  base_lr: 7.268161e-05 lr: 7.268161e-05  eta: 0:01:33  time: 0.213330  data_time: 0.100207  memory: 3109  grad_norm: 0.105590  loss: 0.012574  loss_kpt: 0.012574  acc_pose: 1.000000
2026/09/15 23:57:15 - mmengine - INFO - Exp name: rtmpose-m_lumbar-coco_1stage_20260915_234219
2026/09/15 23:57:15 - mmengine - INFO - Epoch(train) [378][10/10]  base_lr: 7.056752e-05 lr: 7.056752e-05  eta: 0:01:31  time: 0.213762  data_time: 0.100585  memory: 3109  grad_norm: 0.104263  loss: 0.012372  loss_kpt: 0.012372  acc_pose: 1.000000
2026/09/15 23:57:17 - mmengine - INFO - Exp name: rtmpose-m_lumbar-coco_1stage_20260915_234219
2026/09/15 23:57:17 - mmengine - INFO - Epoch(train) [379][10/10]  base_lr: 6.849638e-05 lr: 6.849638e-05  eta: 0:01:29  time: 0.214288  data_time: 0.101104  memory: 3109  grad_norm: 0.107362  loss: 0.012298  loss_kpt: 0.012298  acc_pose: 1.000000
2026/09/15 23:57:19 - mmengine - INFO - Exp name: rtmpose-m_lumbar-coco_1stage_20260915_234219
2026/09/15 23:57:19 - mmengine - INFO - Epoch(train) [380][10/10]  base_lr: 6.646866e-05 lr: 6.646866e-05  eta: 0:01:27  time: 0.214854  data_time: 0.101182  memory: 3109  grad_norm: 0.108688  loss: 0.012350  loss_kpt: 0.012350  acc_pose: 1.000000
2026/09/15 23:57:19 - mmengine - INFO - Saving checkpoint at 380 epochs
2026/09/15 23:57:20 - mmengine - INFO - Evaluating CocoMetric...
2026/09/15 23:57:20 - mmengine - INFO - Evaluating PCKAccuracy (normalized by ``"bbox_size"``)...
2026/09/15 23:57:20 - mmengine - INFO - Epoch(val) [380][3/3]    coco/AP: 0.988119  coco/AP .5: 1.000000  coco/AP .75: 1.000000  coco/AP (M): -1.000000  coco/AP (L): 0.988119  coco/AR: 0.990000  coco/AR .5: 1.000000  coco/AR .75: 1.000000  coco/AR (M): -1.000000  coco/AR (L): 0.990000  PCK: 0.994318  data_time: 0.074050  time: 0.090096
2026/09/15 23:57:22 - mmengine - INFO - Exp name: rtmpose-m_lumbar-coco_1stage_20260915_234219
2026/09/15 23:57:22 - mmengine - INFO - Epoch(train) [381][10/10]  base_lr: 6.448481e-05 lr: 6.448481e-05  eta: 0:01:25  time: 0.214507  data_time: 0.100395  memory: 3109  grad_norm: 0.109304  loss: 0.012469  loss_kpt: 0.012469  acc_pose: 1.000000
2026/09/15 23:57:24 - mmengine - INFO - Exp name: rtmpose-m_lumbar-coco_1stage_20260915_234219
2026/09/15 23:57:24 - mmengine - INFO - Epoch(train) [382][10/10]  base_lr: 6.254527e-05 lr: 6.254527e-05  eta: 0:01:22  time: 0.214542  data_time: 0.100382  memory: 3109  grad_norm: 0.109135  loss: 0.012428  loss_kpt: 0.012428  acc_pose: 0.998580
2026/09/15 23:57:27 - mmengine - INFO - Exp name: rtmpose-m_lumbar-coco_1stage_20260915_234219
2026/09/15 23:57:27 - mmengine - INFO - Epoch(train) [383][10/10]  base_lr: 6.065049e-05 lr: 6.065049e-05  eta: 0:01:20  time: 0.215094  data_time: 0.101076  memory: 3109  grad_norm: 0.108387  loss: 0.012498  loss_kpt: 0.012498  acc_pose: 1.000000
2026/09/15 23:57:29 - mmengine - INFO - Exp name: rtmpose-m_lumbar-coco_1stage_20260915_234219
2026/09/15 23:57:29 - mmengine - INFO - Epoch(train) [384][10/10]  base_lr: 5.880087e-05 lr: 5.880087e-05  eta: 0:01:18  time: 0.214499  data_time: 0.100400  memory: 3109  grad_norm: 0.105047  loss: 0.012561  loss_kpt: 0.012561  acc_pose: 0.997159
2026/09/15 23:57:31 - mmengine - INFO - Exp name: rtmpose-m_lumbar-coco_1stage_20260915_234219
2026/09/15 23:57:31 - mmengine - INFO - Epoch(train) [385][10/10]  base_lr: 5.699685e-05 lr: 5.699685e-05  eta: 0:01:16  time: 0.213345  data_time: 0.099198  memory: 3109  grad_norm: 0.104162  loss: 0.012545  loss_kpt: 0.012545  acc_pose: 0.998580
2026/09/15 23:57:33 - mmengine - INFO - Exp name: rtmpose-m_lumbar-coco_1stage_20260915_234219
2026/09/15 23:57:33 - mmengine - INFO - Epoch(train) [386][10/10]  base_lr: 5.523881e-05 lr: 5.523881e-05  eta: 0:01:14  time: 0.215290  data_time: 0.101154  memory: 3109  grad_norm: 0.104084  loss: 0.012551  loss_kpt: 0.012551  acc_pose: 1.000000
2026/09/15 23:57:35 - mmengine - INFO - Exp name: rtmpose-m_lumbar-coco_1stage_20260915_234219
2026/09/15 23:57:35 - mmengine - INFO - Epoch(train) [387][10/10]  base_lr: 5.352716e-05 lr: 5.352716e-05  eta: 0:01:12  time: 0.214988  data_time: 0.100855  memory: 3109  grad_norm: 0.103361  loss: 0.012531  loss_kpt: 0.012531  acc_pose: 0.998580
2026/09/15 23:57:37 - mmengine - INFO - Exp name: rtmpose-m_lumbar-coco_1stage_20260915_234219
2026/09/15 23:57:37 - mmengine - INFO - Epoch(train) [388][10/10]  base_lr: 5.186228e-05 lr: 5.186228e-05  eta: 0:01:09  time: 0.213000  data_time: 0.098505  memory: 3109  grad_norm: 0.101807  loss: 0.012296  loss_kpt: 0.012296  acc_pose: 0.997159
2026/09/15 23:57:39 - mmengine - INFO - Exp name: rtmpose-m_lumbar-coco_1stage_20260915_234219
2026/09/15 23:57:39 - mmengine - INFO - Epoch(train) [389][10/10]  base_lr: 5.024453e-05 lr: 5.024453e-05  eta: 0:01:07  time: 0.212937  data_time: 0.098467  memory: 3109  grad_norm: 0.102571  loss: 0.012260  loss_kpt: 0.012260  acc_pose: 1.000000
2026/09/15 23:57:42 - mmengine - INFO - Exp name: rtmpose-m_lumbar-coco_1stage_20260915_234219
2026/09/15 23:57:42 - mmengine - INFO - Epoch(train) [390][10/10]  base_lr: 4.867429e-05 lr: 4.867429e-05  eta: 0:01:05  time: 0.215094  data_time: 0.100755  memory: 3109  grad_norm: 0.104165  loss: 0.012274  loss_kpt: 0.012274  acc_pose: 1.000000
2026/09/15 23:57:42 - mmengine - INFO - Saving checkpoint at 390 epochs
2026/09/15 23:57:42 - mmengine - INFO - Evaluating CocoMetric...
2026/09/15 23:57:42 - mmengine - INFO - Evaluating PCKAccuracy (normalized by ``"bbox_size"``)...
2026/09/15 23:57:42 - mmengine - INFO - Epoch(val) [390][3/3]    coco/AP: 0.988119  coco/AP .5: 1.000000  coco/AP .75: 1.000000  coco/AP (M): -1.000000  coco/AP (L): 0.988119  coco/AR: 0.990000  coco/AR .5: 1.000000  coco/AR .75: 1.000000  coco/AR (M): -1.000000  coco/AR (L): 0.990000  PCK: 0.994318  data_time: 0.073356  time: 0.089170
2026/09/15 23:57:45 - mmengine - INFO - Exp name: rtmpose-m_lumbar-coco_1stage_20260915_234219
2026/09/15 23:57:45 - mmengine - INFO - Epoch(train) [391][10/10]  base_lr: 4.715190e-05 lr: 4.715190e-05  eta: 0:01:03  time: 0.213628  data_time: 0.099446  memory: 3109  grad_norm: 0.103615  loss: 0.012190  loss_kpt: 0.012190  acc_pose: 1.000000
2026/09/15 23:57:47 - mmengine - INFO - Exp name: rtmpose-m_lumbar-coco_1stage_20260915_234219
2026/09/15 23:57:47 - mmengine - INFO - Epoch(train) [392][10/10]  base_lr: 4.567771e-05 lr: 4.567771e-05  eta: 0:01:01  time: 0.213647  data_time: 0.099472  memory: 3109  grad_norm: 0.104542  loss: 0.012166  loss_kpt: 0.012166  acc_pose: 1.000000
2026/09/15 23:57:49 - mmengine - INFO - Exp name: rtmpose-m_lumbar-coco_1stage_20260915_234219
2026/09/15 23:57:49 - mmengine - INFO - Epoch(train) [393][10/10]  base_lr: 4.425204e-05 lr: 4.425204e-05  eta: 0:00:58  time: 0.214256  data_time: 0.100317  memory: 3109  grad_norm: 0.105987  loss: 0.012291  loss_kpt: 0.012291  acc_pose: 1.000000
2026/09/15 23:57:51 - mmengine - INFO - Exp name: rtmpose-m_lumbar-coco_1stage_20260915_234219
2026/09/15 23:57:51 - mmengine - INFO - Epoch(train) [394][10/10]  base_lr: 4.287521e-05 lr: 4.287521e-05  eta: 0:00:56  time: 0.213452  data_time: 0.099540  memory: 3109  grad_norm: 0.105222  loss: 0.012120  loss_kpt: 0.012120  acc_pose: 1.000000
2026/09/15 23:57:53 - mmengine - INFO - Exp name: rtmpose-m_lumbar-coco_1stage_20260915_234219
2026/09/15 23:57:53 - mmengine - INFO - Epoch(train) [395][10/10]  base_lr: 4.154754e-05 lr: 4.154754e-05  eta: 0:00:54  time: 0.212642  data_time: 0.098438  memory: 3109  grad_norm: 0.102053  loss: 0.011898  loss_kpt: 0.011898  acc_pose: 1.000000
2026/09/15 23:57:55 - mmengine - INFO - Exp name: rtmpose-m_lumbar-coco_1stage_20260915_234219
2026/09/15 23:57:55 - mmengine - INFO - Epoch(train) [396][10/10]  base_lr: 4.026931e-05 lr: 4.026931e-05  eta: 0:00:52  time: 0.212747  data_time: 0.098488  memory: 3109  grad_norm: 0.101142  loss: 0.011793  loss_kpt: 0.011793  acc_pose: 1.000000
2026/09/15 23:57:57 - mmengine - INFO - Exp name: rtmpose-m_lumbar-coco_1stage_20260915_234219
2026/09/15 23:57:57 - mmengine - INFO - Epoch(train) [397][10/10]  base_lr: 3.904082e-05 lr: 3.904082e-05  eta: 0:00:50  time: 0.213039  data_time: 0.098771  memory: 3109  grad_norm: 0.100949  loss: 0.011738  loss_kpt: 0.011738  acc_pose: 1.000000
2026/09/15 23:58:00 - mmengine - INFO - Exp name: rtmpose-m_lumbar-coco_1stage_20260915_234219
2026/09/15 23:58:00 - mmengine - INFO - Epoch(train) [398][10/10]  base_lr: 3.786233e-05 lr: 3.786233e-05  eta: 0:00:48  time: 0.214701  data_time: 0.100410  memory: 3109  grad_norm: 0.100378  loss: 0.011580  loss_kpt: 0.011580  acc_pose: 1.000000
2026/09/15 23:58:02 - mmengine - INFO - Exp name: rtmpose-m_lumbar-coco_1stage_20260915_234219
2026/09/15 23:58:02 - mmengine - INFO - Epoch(train) [399][10/10]  base_lr: 3.673412e-05 lr: 3.673412e-05  eta: 0:00:45  time: 0.215187  data_time: 0.101014  memory: 3109  grad_norm: 0.100686  loss: 0.011700  loss_kpt: 0.011700  acc_pose: 1.000000
2026/09/15 23:58:04 - mmengine - INFO - Exp name: rtmpose-m_lumbar-coco_1stage_20260915_234219
2026/09/15 23:58:04 - mmengine - INFO - Epoch(train) [400][10/10]  base_lr: 3.565644e-05 lr: 3.565644e-05  eta: 0:00:43  time: 0.215441  data_time: 0.101603  memory: 3109  grad_norm: 0.101354  loss: 0.011786  loss_kpt: 0.011786  acc_pose: 1.000000
2026/09/15 23:58:04 - mmengine - INFO - Saving checkpoint at 400 epochs
2026/09/15 23:58:05 - mmengine - INFO - Evaluating CocoMetric...
2026/09/15 23:58:05 - mmengine - INFO - Evaluating PCKAccuracy (normalized by ``"bbox_size"``)...
2026/09/15 23:58:05 - mmengine - INFO - Epoch(val) [400][3/3]    coco/AP: 0.988119  coco/AP .5: 1.000000  coco/AP .75: 1.000000  coco/AP (M): -1.000000  coco/AP (L): 0.988119  coco/AR: 0.990000  coco/AR .5: 1.000000  coco/AR .75: 1.000000  coco/AR (M): -1.000000  coco/AR (L): 0.990000  PCK: 0.994318  data_time: 0.073245  time: 0.089007
2026/09/15 23:58:07 - mmengine - INFO - Exp name: rtmpose-m_lumbar-coco_1stage_20260915_234219
2026/09/15 23:58:07 - mmengine - INFO - Epoch(train) [401][10/10]  base_lr: 3.462952e-05 lr: 3.462952e-05  eta: 0:00:41  time: 0.215722  data_time: 0.101900  memory: 3109  grad_norm: 0.100916  loss: 0.011669  loss_kpt: 0.011669  acc_pose: 1.000000
2026/09/15 23:58:09 - mmengine - INFO - Exp name: rtmpose-m_lumbar-coco_1stage_20260915_234219
2026/09/15 23:58:09 - mmengine - INFO - Epoch(train) [402][10/10]  base_lr: 3.365360e-05 lr: 3.365360e-05  eta: 0:00:39  time: 0.214943  data_time: 0.101044  memory: 3109  grad_norm: 0.100869  loss: 0.011635  loss_kpt: 0.011635  acc_pose: 1.000000
2026/09/15 23:58:11 - mmengine - INFO - Exp name: rtmpose-m_lumbar-coco_1stage_20260915_234219
2026/09/15 23:58:11 - mmengine - INFO - Epoch(train) [403][10/10]  base_lr: 3.272889e-05 lr: 3.272889e-05  eta: 0:00:37  time: 0.213714  data_time: 0.099860  memory: 3109  grad_norm: 0.100458  loss: 0.011553  loss_kpt: 0.011553  acc_pose: 1.000000
2026/09/15 23:58:13 - mmengine - INFO - Exp name: rtmpose-m_lumbar-coco_1stage_20260915_234219
2026/09/15 23:58:13 - mmengine - INFO - Epoch(train) [404][10/10]  base_lr: 3.185561e-05 lr: 3.185561e-05  eta: 0:00:34  time: 0.213013  data_time: 0.098977  memory: 3109  grad_norm: 0.098743  loss: 0.011367  loss_kpt: 0.011367  acc_pose: 1.000000
2026/09/15 23:58:15 - mmengine - INFO - Exp name: rtmpose-m_lumbar-coco_1stage_20260915_234219
2026/09/15 23:58:15 - mmengine - INFO - Epoch(train) [405][10/10]  base_lr: 3.103394e-05 lr: 3.103394e-05  eta: 0:00:32  time: 0.211746  data_time: 0.097589  memory: 3109  grad_norm: 0.098893  loss: 0.011441  loss_kpt: 0.011441  acc_pose: 1.000000
2026/09/15 23:58:18 - mmengine - INFO - Exp name: rtmpose-m_lumbar-coco_1stage_20260915_234219
2026/09/15 23:58:18 - mmengine - INFO - Epoch(train) [406][10/10]  base_lr: 3.026408e-05 lr: 3.026408e-05  eta: 0:00:30  time: 0.212970  data_time: 0.098858  memory: 3109  grad_norm: 0.098773  loss: 0.011476  loss_kpt: 0.011476  acc_pose: 1.000000
2026/09/15 23:58:20 - mmengine - INFO - Exp name: rtmpose-m_lumbar-coco_1stage_20260915_234219
2026/09/15 23:58:20 - mmengine - INFO - Epoch(train) [407][10/10]  base_lr: 2.954618e-05 lr: 2.954618e-05  eta: 0:00:28  time: 0.213753  data_time: 0.099750  memory: 3109  grad_norm: 0.095929  loss: 0.011384  loss_kpt: 0.011384  acc_pose: 1.000000
2026/09/15 23:58:22 - mmengine - INFO - Exp name: rtmpose-m_lumbar-coco_1stage_20260915_234219
2026/09/15 23:58:22 - mmengine - INFO - Epoch(train) [408][10/10]  base_lr: 2.888043e-05 lr: 2.888043e-05  eta: 0:00:26  time: 0.212975  data_time: 0.098882  memory: 3109  grad_norm: 0.097121  loss: 0.011662  loss_kpt: 0.011662  acc_pose: 1.000000
2026/09/15 23:58:24 - mmengine - INFO - Exp name: rtmpose-m_lumbar-coco_1stage_20260915_234219
2026/09/15 23:58:24 - mmengine - INFO - Epoch(train) [409][10/10]  base_lr: 2.826695e-05 lr: 2.826695e-05  eta: 0:00:23  time: 0.213398  data_time: 0.099396  memory: 3109  grad_norm: 0.097492  loss: 0.011622  loss_kpt: 0.011622  acc_pose: 1.000000
2026/09/15 23:58:26 - mmengine - INFO - Exp name: rtmpose-m_lumbar-coco_1stage_20260915_234219
2026/09/15 23:58:26 - mmengine - INFO - Epoch(train) [410][10/10]  base_lr: 2.770590e-05 lr: 2.770590e-05  eta: 0:00:21  time: 0.214375  data_time: 0.100480  memory: 3109  grad_norm: 0.096699  loss: 0.011437  loss_kpt: 0.011437  acc_pose: 1.000000
2026/09/15 23:58:26 - mmengine - INFO - Saving checkpoint at 410 epochs
2026/09/15 23:58:27 - mmengine - INFO - Evaluating CocoMetric...
2026/09/15 23:58:27 - mmengine - INFO - Evaluating PCKAccuracy (normalized by ``"bbox_size"``)...
2026/09/15 23:58:27 - mmengine - INFO - Epoch(val) [410][3/3]    coco/AP: 0.988119  coco/AP .5: 1.000000  coco/AP .75: 1.000000  coco/AP (M): -1.000000  coco/AP (L): 0.988119  coco/AR: 0.990000  coco/AR .5: 1.000000  coco/AR .75: 1.000000  coco/AR (M): -1.000000  coco/AR (L): 0.990000  PCK: 0.994318  data_time: 0.073443  time: 0.089619
2026/09/15 23:58:29 - mmengine - INFO - Exp name: rtmpose-m_lumbar-coco_1stage_20260915_234219
2026/09/15 23:58:29 - mmengine - INFO - Epoch(train) [411][10/10]  base_lr: 2.719739e-05 lr: 2.719739e-05  eta: 0:00:19  time: 0.214768  data_time: 0.100770  memory: 3109  grad_norm: 0.096757  loss: 0.011495  loss_kpt: 0.011495  acc_pose: 1.000000
2026/09/15 23:58:31 - mmengine - INFO - Exp name: rtmpose-m_lumbar-coco_1stage_20260915_234219
2026/09/15 23:58:31 - mmengine - INFO - Epoch(train) [412][10/10]  base_lr: 2.674154e-05 lr: 2.674154e-05  eta: 0:00:17  time: 0.214346  data_time: 0.100134  memory: 3109  grad_norm: 0.099090  loss: 0.011556  loss_kpt: 0.011556  acc_pose: 1.000000
2026/09/15 23:58:33 - mmengine - INFO - Exp name: rtmpose-m_lumbar-coco_1stage_20260915_234219
2026/09/15 23:58:33 - mmengine - INFO - Epoch(train) [413][10/10]  base_lr: 2.633845e-05 lr: 2.633845e-05  eta: 0:00:15  time: 0.215654  data_time: 0.101391  memory: 3109  grad_norm: 0.098408  loss: 0.011482  loss_kpt: 0.011482  acc_pose: 0.998580
2026/09/15 23:58:36 - mmengine - INFO - Exp name: rtmpose-m_lumbar-coco_1stage_20260915_234219
2026/09/15 23:58:36 - mmengine - INFO - Epoch(train) [414][10/10]  base_lr: 2.598822e-05 lr: 2.598822e-05  eta: 0:00:13  time: 0.216247  data_time: 0.102078  memory: 3109  grad_norm: 0.097922  loss: 0.011374  loss_kpt: 0.011374  acc_pose: 1.000000
2026/09/15 23:58:38 - mmengine - INFO - Exp name: rtmpose-m_lumbar-coco_1stage_20260915_234219
2026/09/15 23:58:38 - mmengine - INFO - Epoch(train) [415][10/10]  base_lr: 2.569091e-05 lr: 2.569091e-05  eta: 0:00:10  time: 0.214961  data_time: 0.100789  memory: 3109  grad_norm: 0.096613  loss: 0.011369  loss_kpt: 0.011369  acc_pose: 1.000000
2026/09/15 23:58:40 - mmengine - INFO - Exp name: rtmpose-m_lumbar-coco_1stage_20260915_234219
2026/09/15 23:58:40 - mmengine - INFO - Epoch(train) [416][10/10]  base_lr: 2.544661e-05 lr: 2.544661e-05  eta: 0:00:08  time: 0.213415  data_time: 0.099417  memory: 3109  grad_norm: 0.097034  loss: 0.011366  loss_kpt: 0.011366  acc_pose: 0.998580
2026/09/15 23:58:42 - mmengine - INFO - Exp name: rtmpose-m_lumbar-coco_1stage_20260915_234219
2026/09/15 23:58:42 - mmengine - INFO - Epoch(train) [417][10/10]  base_lr: 2.525535e-05 lr: 2.525535e-05  eta: 0:00:06  time: 0.214075  data_time: 0.100576  memory: 3109  grad_norm: 0.096030  loss: 0.011303  loss_kpt: 0.011303  acc_pose: 1.000000
2026/09/15 23:58:44 - mmengine - INFO - Exp name: rtmpose-m_lumbar-coco_1stage_20260915_234219
2026/09/15 23:58:44 - mmengine - INFO - Epoch(train) [418][10/10]  base_lr: 2.511719e-05 lr: 2.511719e-05  eta: 0:00:04  time: 0.212165  data_time: 0.099087  memory: 3109  grad_norm: 0.096281  loss: 0.011133  loss_kpt: 0.011133  acc_pose: 1.000000
2026/09/15 23:58:46 - mmengine - INFO - Exp name: rtmpose-m_lumbar-coco_1stage_20260915_234219
2026/09/15 23:58:46 - mmengine - INFO - Epoch(train) [419][10/10]  base_lr: 2.503216e-05 lr: 2.503216e-05  eta: 0:00:02  time: 0.212736  data_time: 0.100056  memory: 3109  grad_norm: 0.096881  loss: 0.011392  loss_kpt: 0.011392  acc_pose: 1.000000
2026/09/15 23:58:48 - mmengine - INFO - Exp name: rtmpose-m_lumbar-coco_1stage_20260915_234219
2026/09/15 23:58:48 - mmengine - INFO - Epoch(train) [420][10/10]  base_lr: 2.500027e-05 lr: 2.500027e-05  eta: 0:00:00  time: 0.214772  data_time: 0.102618  memory: 3109  grad_norm: 0.098015  loss: 0.011471  loss_kpt: 0.011471  acc_pose: 1.000000
2026/09/15 23:58:48 - mmengine - INFO - Saving checkpoint at 420 epochs
2026/09/15 23:58:49 - mmengine - INFO - Evaluating CocoMetric...
2026/09/15 23:58:49 - mmengine - INFO - Evaluating PCKAccuracy (normalized by ``"bbox_size"``)...
2026/09/15 23:58:49 - mmengine - INFO - Epoch(val) [420][3/3]    coco/AP: 0.988119  coco/AP .5: 1.000000  coco/AP .75: 1.000000  coco/AP (M): -1.000000  coco/AP (L): 0.988119  coco/AR: 0.990000  coco/AR .5: 1.000000  coco/AR .75: 1.000000  coco/AR (M): -1.000000  coco/AR (L): 0.990000  PCK: 0.994318  data_time: 0.080848  time: 0.096724
