2026/09/16 15:36:38 - mmengine - INFO - 
------------------------------------------------------------
System environment:
    sys.platform: linux
    Python: 3.10.21 (main, Aug 27 2026, 14:42:07) [GCC 14.3.0]
    CUDA available: True
    MUSA available: False
    numpy_random_seed: 21
    GPU 0: NVIDIA GeForce RTX 5070 Ti
    CUDA_HOME: /home/PavYtr/miniconda3/envs/mmpose
    NVCC: Cuda compilation tools, release 13.0, V13.0.88
    GCC: gcc (GCC) 16.2.1 20260810
    PyTorch: 2.14.0+cu130
    PyTorch compiling details: PyTorch built with:
  - GCC 13.3
  - C++ Version: 202002
  - Intel(R) oneAPI Math Kernel Library Version 2024.2-Product Build 20240605 for Intel(R) 64 architecture applications
  - Intel(R) MKL-DNN v3.12.0 (Git Hash 80afa71049cd69a3df32adcccb623b12cd7baa22)
  - OpenMP 201511 (a.k.a. OpenMP 4.5)
  - LAPACK is enabled (usually provided by MKL)
  - NNPACK is enabled
  - CPU capability usage: AVX2
  - CUDA Runtime 13.0
  - NVCC architecture flags: -gencode;arch=compute_75,code=sm_75;-gencode;arch=compute_80,code=sm_80;-gencode;arch=compute_86,code=sm_86;-gencode;arch=compute_90,code=sm_90;-gencode;arch=compute_100,code=sm_100;-gencode;arch=compute_120,code=sm_120
  - CuDNN 92.4  (built against CUDA 13.3)
  - Magma 2.6.1
  - Build settings: BLAS_INFO=mkl, BUILD_TYPE=Release, COMMIT_SHA=08187d9e0fba026dc8217405802ab5381dc88d90, CUDA_FLAGS= -DLIBCUDACXX_ENABLE_SIMPLIFIED_COMPLEX_OPERATIONS -Xfatbin -compress-all -DONNX_NAMESPACE=onnx_torch -gencode arch=compute_75,code=sm_75 -gencode arch=compute_80,code=sm_80 -gencode arch=compute_86,code=sm_86 -gencode arch=compute_90,code=sm_90 -gencode arch=compute_100,code=sm_100 -gencode arch=compute_120,code=sm_120 -Xcudafe --diag_suppress=cc_clobber_ignored,--diag_suppress=field_without_dll_interface,--diag_suppress=base_class_has_different_dll_interface,--diag_suppress=dll_interface_conflict_none_assumed,--diag_suppress=dll_interface_conflict_dllexport_assumed,--diag_suppress=bad_friend_decl --expt-relaxed-constexpr --expt-extended-lambda -Xfatbin -compress-all --threads 2 -compress-mode=size -Wno-deprecated-gpu-targets --expt-extended-lambda -DCUB_WRAPPED_NAMESPACE=at_cuda_detail -DDISABLE_CUSPARSE_DEPRECATED -DCUDA_HAS_FP16=1 -D__CUDA_NO_HALF_OPERATORS__ -D__CUDA_NO_HALF_CONVERSIONS__ -D__CUDA_NO_HALF2_OPERATORS__ -D__CUDA_NO_BFLOAT16_CONVERSIONS__ -DC10_NODEPRECATED, CUDA_VERSION=13.0, CUDNN_VERSION=9.24.0, CXX_COMPILER=/opt/rh/gcc-toolset-13/root/usr/bin/c++, CXX_FLAGS= -fvisibility-inlines-hidden -DUSE_PTHREADPOOL -DNDEBUG -DUSE_KINETO -DHAS_CUPTI -DUSE_FBGEMM -DUSE_MSLK -DUSE_PYTORCH_QNNPACK -DSYMBOLICATE_MOBILE_DEBUG_HANDLE -O2 -fPIC -DC10_NODEPRECATED -Wall -Wextra -Werror=return-type -Werror=non-virtual-dtor -Werror=range-loop-construct -Werror=bool-operation -Wnarrowing -Wno-missing-field-initializers -Wno-unknown-pragmas -Wno-unused-parameter -Wno-strict-overflow -Wno-strict-aliasing -Wno-stringop-overflow -Wsuggest-override -Wno-psabi -Wno-error=old-style-cast -faligned-new -Wno-maybe-uninitialized -fno-math-errno -fno-trapping-math -Werror=format -Wno-dangling-reference -Wno-error=dangling-reference -Wno-stringop-overflow, LAPACK_INFO=mkl, PERF_WITH_AVX=1, PERF_WITH_AVX2=1, TORCH_VERSION=2.14.0, USE_CUDA=1, USE_CUDNN=ON, USE_CUSPARSELT=1, USE_GFLAGS=OFF, USE_GLOG=OFF, USE_GLOO=ON, USE_HIPSPARSELT=OFF, USE_MKL=ON, USE_MKLDNN=ON, USE_MPI=OFF, USE_NCCL=ON, USE_NNPACK=ON, USE_OPENMP=ON, USE_ROCM=OFF, USE_ROCM_KERNEL_ASSERT=OFF, USE_XCCL=OFF, USE_XPU=OFF, 

    TorchVision: 0.29.0+cu130
    OpenCV: 4.14.0
    MMEngine: 0.10.7

Runtime environment:
    cudnn_benchmark: False
    mp_cfg: {'mp_start_method': 'fork', 'opencv_num_threads': 0}
    dist_cfg: {'backend': 'nccl'}
    seed: 21
    Distributed launcher: none
    Distributed training: False
    GPU number: 1
------------------------------------------------------------

2026/09/16 15:36:38 - mmengine - INFO - Config:
auto_scale_lr = dict(base_batch_size=32)
backend_args = dict(backend='local')
base_lr = 0.0005
codec = dict(
    input_size=(
        256,
        512,
    ),
    normalize=False,
    sigma=(
        6.0,
        9.0,
    ),
    simcc_split_ratio=2.0,
    type='SimCCLabel',
    use_dark=False)
custom_hooks = [
    dict(
        ema_type='ExpMomentumEMA',
        momentum=0.0002,
        priority=49,
        type='EMAHook',
        update_buffers=True),
]
data_mode = 'topdown'
data_root = 'data/LumbarCoco/'
dataset_type = 'CocoDataset'
default_hooks = dict(
    badcase=dict(
        _scope_='mmpose',
        badcase_thr=5,
        enable=False,
        metric_type='loss',
        out_dir='badcase',
        type='BadCaseAnalysisHook'),
    checkpoint=dict(
        _scope_='mmpose',
        interval=10,
        max_keep_ckpts=3,
        rule='greater',
        save_best='PCK',
        type='CheckpointHook'),
    logger=dict(_scope_='mmpose', interval=50, type='LoggerHook'),
    param_scheduler=dict(_scope_='mmpose', type='ParamSchedulerHook'),
    sampler_seed=dict(_scope_='mmpose', type='DistSamplerSeedHook'),
    timer=dict(_scope_='mmpose', type='IterTimerHook'),
    visualization=dict(
        _scope_='mmpose', enable=False, type='PoseVisualizationHook'))
default_scope = 'mmpose'
env_cfg = dict(
    cudnn_benchmark=False,
    dist_cfg=dict(backend='nccl'),
    mp_cfg=dict(mp_start_method='fork', opencv_num_threads=0))
input_size = (
    256,
    512,
)
launcher = 'none'
load_from = None
log_level = 'INFO'
log_processor = dict(
    _scope_='mmpose',
    by_epoch=True,
    num_digits=6,
    type='LogProcessor',
    window_size=50)
max_epochs = 420
metainfo = dict(from_file='configs/_base_/datasets/lumbar_coco.py')
model = dict(
    backbone=dict(
        _scope_='mmdet',
        act_cfg=dict(type='SiLU'),
        arch='P5',
        channel_attention=True,
        deepen_factor=0.67,
        expand_ratio=0.5,
        init_cfg=dict(
            checkpoint=
            'https://download.openmmlab.com/mmpose/v1/projects/rtmposev1/cspnext-m_udp-aic-coco_210e-256x192-f2f7d6f6_20230130.pth',
            prefix='backbone.',
            type='Pretrained'),
        norm_cfg=dict(type='SyncBN'),
        out_indices=(4, ),
        type='CSPNeXt',
        widen_factor=0.75),
    data_preprocessor=dict(
        bgr_to_rgb=True,
        mean=[
            123.675,
            116.28,
            103.53,
        ],
        std=[
            58.395,
            57.12,
            57.375,
        ],
        type='PoseDataPreprocessor'),
    head=dict(
        decoder=dict(
            input_size=(
                256,
                512,
            ),
            normalize=False,
            sigma=(
                6.0,
                9.0,
            ),
            simcc_split_ratio=2.0,
            type='SimCCLabel',
            use_dark=False),
        final_layer_kernel_size=7,
        gau_cfg=dict(
            act_fn='SiLU',
            drop_path=0.0,
            dropout_rate=0.0,
            expansion_factor=2,
            hidden_dims=256,
            pos_enc=False,
            s=128,
            use_rel_bias=False),
        in_channels=768,
        in_featuremap_size=(
            8,
            16,
        ),
        input_size=(
            256,
            512,
        ),
        loss=dict(
            beta=10.0,
            label_softmax=True,
            type='KLDiscretLoss',
            use_target_weight=True),
        out_channels=22,
        simcc_split_ratio=2.0,
        type='RTMCCHead'),
    test_cfg=dict(flip_test=False),
    type='TopdownPoseEstimator')
num_keypoints = 22
optim_wrapper = dict(
    clip_grad=dict(max_norm=35, norm_type=2),
    loss_scale='dynamic',
    optimizer=dict(lr=0.0005, type='AdamW', weight_decay=0.05),
    paramwise_cfg=dict(
        bias_decay_mult=0, bypass_duplicate=True, norm_decay_mult=0),
    type='AmpOptimWrapper')
param_scheduler = [
    dict(
        begin=0, by_epoch=False, end=500, start_factor=1e-05, type='LinearLR'),
    dict(
        T_max=210,
        begin=210,
        by_epoch=True,
        convert_to_iter_based=True,
        end=420,
        eta_min=2.5e-05,
        type='CosineAnnealingLR'),
]
randomness = dict(seed=21)
resume = False
test_cfg = dict()
test_dataloader = dict(
    batch_size=16,
    dataset=dict(
        ann_file='annotations/lumbar_keypoints_test.json',
        data_mode='topdown',
        data_prefix=dict(img='images/'),
        data_root='data/LumbarCoco/',
        metainfo=dict(from_file='configs/_base_/datasets/lumbar_coco.py'),
        pipeline=[
            dict(backend_args=dict(backend='local'), type='LoadImage'),
            dict(padding=1.15, type='GetBBoxCenterScale'),
            dict(input_size=(
                256,
                512,
            ), type='TopdownAffine'),
            dict(type='PackPoseInputs'),
        ],
        test_mode=True,
        type='CocoDataset'),
    drop_last=False,
    num_workers=4,
    persistent_workers=True,
    sampler=dict(round_up=False, shuffle=False, type='DefaultSampler'))
test_evaluator = [
    dict(
        ann_file='data/LumbarCoco/annotations/lumbar_keypoints_test.json',
        type='CocoMetric'),
    dict(norm_item='bbox', thr=0.05, type='PCKAccuracy'),
]
train_cfg = dict(by_epoch=True, max_epochs=420, val_interval=10)
train_dataloader = dict(
    batch_size=32,
    dataset=dict(
        ann_file='annotations/lumbar_keypoints_train.json',
        data_mode='topdown',
        data_prefix=dict(img='images/'),
        data_root='data/LumbarCoco/',
        metainfo=dict(from_file='configs/_base_/datasets/lumbar_coco.py'),
        pipeline=[
            dict(backend_args=dict(backend='local'), type='LoadImage'),
            dict(padding=1.15, type='GetBBoxCenterScale'),
            dict(
                rotate_factor=15,
                scale_factor=[
                    0.85,
                    1.15,
                ],
                shift_factor=0.1,
                type='RandomBBoxTransform'),
            dict(input_size=(
                256,
                512,
            ), type='TopdownAffine'),
            dict(
                encoder=dict(
                    input_size=(
                        256,
                        512,
                    ),
                    normalize=False,
                    sigma=(
                        6.0,
                        9.0,
                    ),
                    simcc_split_ratio=2.0,
                    type='SimCCLabel',
                    use_dark=False),
                type='GenerateTarget'),
            dict(type='PackPoseInputs'),
        ],
        type='CocoDataset'),
    num_workers=4,
    persistent_workers=True,
    sampler=dict(shuffle=True, type='DefaultSampler'))
train_pipeline = [
    dict(backend_args=dict(backend='local'), type='LoadImage'),
    dict(padding=1.15, type='GetBBoxCenterScale'),
    dict(
        rotate_factor=15,
        scale_factor=[
            0.85,
            1.15,
        ],
        shift_factor=0.1,
        type='RandomBBoxTransform'),
    dict(input_size=(
        256,
        512,
    ), type='TopdownAffine'),
    dict(
        encoder=dict(
            input_size=(
                256,
                512,
            ),
            normalize=False,
            sigma=(
                6.0,
                9.0,
            ),
            simcc_split_ratio=2.0,
            type='SimCCLabel',
            use_dark=False),
        type='GenerateTarget'),
    dict(type='PackPoseInputs'),
]
val_cfg = dict()
val_dataloader = dict(
    batch_size=16,
    dataset=dict(
        ann_file='annotations/lumbar_keypoints_val.json',
        data_mode='topdown',
        data_prefix=dict(img='images/'),
        data_root='data/LumbarCoco/',
        metainfo=dict(from_file='configs/_base_/datasets/lumbar_coco.py'),
        pipeline=[
            dict(backend_args=dict(backend='local'), type='LoadImage'),
            dict(padding=1.15, type='GetBBoxCenterScale'),
            dict(input_size=(
                256,
                512,
            ), type='TopdownAffine'),
            dict(type='PackPoseInputs'),
        ],
        test_mode=True,
        type='CocoDataset'),
    drop_last=False,
    num_workers=4,
    persistent_workers=True,
    sampler=dict(round_up=False, shuffle=False, type='DefaultSampler'))
val_evaluator = [
    dict(
        ann_file='data/LumbarCoco/annotations/lumbar_keypoints_val.json',
        type='CocoMetric'),
    dict(norm_item='bbox', thr=0.05, type='PCKAccuracy'),
]
val_pipeline = [
    dict(backend_args=dict(backend='local'), type='LoadImage'),
    dict(padding=1.15, type='GetBBoxCenterScale'),
    dict(input_size=(
        256,
        512,
    ), type='TopdownAffine'),
    dict(type='PackPoseInputs'),
]
vis_backends = [
    dict(_scope_='mmpose', type='LocalVisBackend'),
]
visualizer = dict(
    _scope_='mmpose',
    name='visualizer',
    type='PoseLocalVisualizer',
    vis_backends=[
        dict(type='LocalVisBackend'),
        dict(type='TensorboardVisBackend'),
    ])
work_dir = 'work_dirs/rtmpose-m_lumbar-coco'

2026/09/16 15:36:39 - mmengine - INFO - Distributed training is not used, all SyncBatchNorm (SyncBN) layers in the model will be automatically reverted to BatchNormXd layers if they are used.
2026/09/16 15:36:39 - mmengine - INFO - Hooks will be executed in the following order:
before_run:
(VERY_HIGH   ) RuntimeInfoHook                    
(49          ) EMAHook                            
(BELOW_NORMAL) LoggerHook                         
 -------------------- 
after_load_checkpoint:
(49          ) EMAHook                            
 -------------------- 
before_train:
(VERY_HIGH   ) RuntimeInfoHook                    
(49          ) EMAHook                            
(NORMAL      ) IterTimerHook                      
(VERY_LOW    ) CheckpointHook                     
 -------------------- 
before_train_epoch:
(VERY_HIGH   ) RuntimeInfoHook                    
(NORMAL      ) IterTimerHook                      
(NORMAL      ) DistSamplerSeedHook                
 -------------------- 
before_train_iter:
(VERY_HIGH   ) RuntimeInfoHook                    
(NORMAL      ) IterTimerHook                      
 -------------------- 
after_train_iter:
(VERY_HIGH   ) RuntimeInfoHook                    
(49          ) EMAHook                            
(NORMAL      ) IterTimerHook                      
(BELOW_NORMAL) LoggerHook                         
(LOW         ) ParamSchedulerHook                 
(VERY_LOW    ) CheckpointHook                     
 -------------------- 
after_train_epoch:
(NORMAL      ) IterTimerHook                      
(LOW         ) ParamSchedulerHook                 
(VERY_LOW    ) CheckpointHook                     
 -------------------- 
before_val:
(VERY_HIGH   ) RuntimeInfoHook                    
 -------------------- 
before_val_epoch:
(49          ) EMAHook                            
(NORMAL      ) IterTimerHook                      
 -------------------- 
before_val_iter:
(NORMAL      ) IterTimerHook                      
 -------------------- 
after_val_iter:
(NORMAL      ) IterTimerHook                      
(NORMAL      ) PoseVisualizationHook              
(BELOW_NORMAL) LoggerHook                         
 -------------------- 
after_val_epoch:
(VERY_HIGH   ) RuntimeInfoHook                    
(49          ) EMAHook                            
(NORMAL      ) IterTimerHook                      
(BELOW_NORMAL) LoggerHook                         
(LOW         ) ParamSchedulerHook                 
(VERY_LOW    ) CheckpointHook                     
 -------------------- 
after_val:
(VERY_HIGH   ) RuntimeInfoHook                    
 -------------------- 
before_save_checkpoint:
(49          ) EMAHook                            
 -------------------- 
after_train:
(VERY_HIGH   ) RuntimeInfoHook                    
(VERY_LOW    ) CheckpointHook                     
 -------------------- 
before_test:
(VERY_HIGH   ) RuntimeInfoHook                    
 -------------------- 
before_test_epoch:
(49          ) EMAHook                            
(NORMAL      ) IterTimerHook                      
 -------------------- 
before_test_iter:
(NORMAL      ) IterTimerHook                      
 -------------------- 
after_test_iter:
(NORMAL      ) IterTimerHook                      
(NORMAL      ) PoseVisualizationHook              
(NORMAL      ) BadCaseAnalysisHook                
(BELOW_NORMAL) LoggerHook                         
 -------------------- 
after_test_epoch:
(VERY_HIGH   ) RuntimeInfoHook                    
(49          ) EMAHook                            
(NORMAL      ) IterTimerHook                      
(NORMAL      ) BadCaseAnalysisHook                
(BELOW_NORMAL) LoggerHook                         
 -------------------- 
after_test:
(VERY_HIGH   ) RuntimeInfoHook                    
 -------------------- 
after_run:
(BELOW_NORMAL) LoggerHook                         
 -------------------- 
2026/09/16 15:36:39 - mmengine - INFO - paramwise_options -- backbone.stem.0.bn.weight:weight_decay=0.0
2026/09/16 15:36:39 - mmengine - INFO - paramwise_options -- backbone.stem.0.bn.bias:weight_decay=0.0
2026/09/16 15:36:39 - mmengine - INFO - paramwise_options -- backbone.stem.1.bn.weight:weight_decay=0.0
2026/09/16 15:36:39 - mmengine - INFO - paramwise_options -- backbone.stem.1.bn.bias:weight_decay=0.0
2026/09/16 15:36:39 - mmengine - INFO - paramwise_options -- backbone.stem.2.bn.weight:weight_decay=0.0
2026/09/16 15:36:39 - mmengine - INFO - paramwise_options -- backbone.stem.2.bn.bias:weight_decay=0.0
2026/09/16 15:36:39 - mmengine - INFO - paramwise_options -- backbone.stage1.0.bn.weight:weight_decay=0.0
2026/09/16 15:36:39 - mmengine - INFO - paramwise_options -- backbone.stage1.0.bn.bias:weight_decay=0.0
2026/09/16 15:36:39 - mmengine - INFO - paramwise_options -- backbone.stage1.1.main_conv.bn.weight:weight_decay=0.0
2026/09/16 15:36:39 - mmengine - INFO - paramwise_options -- backbone.stage1.1.main_conv.bn.bias:weight_decay=0.0
2026/09/16 15:36:39 - mmengine - INFO - paramwise_options -- backbone.stage1.1.short_conv.bn.weight:weight_decay=0.0
2026/09/16 15:36:39 - mmengine - INFO - paramwise_options -- backbone.stage1.1.short_conv.bn.bias:weight_decay=0.0
2026/09/16 15:36:39 - mmengine - INFO - paramwise_options -- backbone.stage1.1.final_conv.bn.weight:weight_decay=0.0
2026/09/16 15:36:39 - mmengine - INFO - paramwise_options -- backbone.stage1.1.final_conv.bn.bias:weight_decay=0.0
2026/09/16 15:36:39 - mmengine - INFO - paramwise_options -- backbone.stage1.1.blocks.0.conv1.bn.weight:weight_decay=0.0
2026/09/16 15:36:39 - mmengine - INFO - paramwise_options -- backbone.stage1.1.blocks.0.conv1.bn.bias:weight_decay=0.0
2026/09/16 15:36:39 - mmengine - INFO - paramwise_options -- backbone.stage1.1.blocks.0.conv2.depthwise_conv.bn.weight:weight_decay=0.0
2026/09/16 15:36:39 - mmengine - INFO - paramwise_options -- backbone.stage1.1.blocks.0.conv2.depthwise_conv.bn.bias:weight_decay=0.0
2026/09/16 15:36:39 - mmengine - INFO - paramwise_options -- backbone.stage1.1.blocks.0.conv2.pointwise_conv.bn.weight:weight_decay=0.0
2026/09/16 15:36:39 - mmengine - INFO - paramwise_options -- backbone.stage1.1.blocks.0.conv2.pointwise_conv.bn.bias:weight_decay=0.0
2026/09/16 15:36:39 - mmengine - INFO - paramwise_options -- backbone.stage1.1.blocks.1.conv1.bn.weight:weight_decay=0.0
2026/09/16 15:36:39 - mmengine - INFO - paramwise_options -- backbone.stage1.1.blocks.1.conv1.bn.bias:weight_decay=0.0
2026/09/16 15:36:39 - mmengine - INFO - paramwise_options -- backbone.stage1.1.blocks.1.conv2.depthwise_conv.bn.weight:weight_decay=0.0
2026/09/16 15:36:39 - mmengine - INFO - paramwise_options -- backbone.stage1.1.blocks.1.conv2.depthwise_conv.bn.bias:weight_decay=0.0
2026/09/16 15:36:39 - mmengine - INFO - paramwise_options -- backbone.stage1.1.blocks.1.conv2.pointwise_conv.bn.weight:weight_decay=0.0
2026/09/16 15:36:39 - mmengine - INFO - paramwise_options -- backbone.stage1.1.blocks.1.conv2.pointwise_conv.bn.bias:weight_decay=0.0
2026/09/16 15:36:39 - mmengine - INFO - paramwise_options -- backbone.stage1.1.attention.fc.bias:weight_decay=0.0
2026/09/16 15:36:39 - mmengine - INFO - paramwise_options -- backbone.stage2.0.bn.weight:weight_decay=0.0
2026/09/16 15:36:39 - mmengine - INFO - paramwise_options -- backbone.stage2.0.bn.bias:weight_decay=0.0
2026/09/16 15:36:39 - mmengine - INFO - paramwise_options -- backbone.stage2.1.main_conv.bn.weight:weight_decay=0.0
2026/09/16 15:36:39 - mmengine - INFO - paramwise_options -- backbone.stage2.1.main_conv.bn.bias:weight_decay=0.0
2026/09/16 15:36:39 - mmengine - INFO - paramwise_options -- backbone.stage2.1.short_conv.bn.weight:weight_decay=0.0
2026/09/16 15:36:39 - mmengine - INFO - paramwise_options -- backbone.stage2.1.short_conv.bn.bias:weight_decay=0.0
2026/09/16 15:36:39 - mmengine - INFO - paramwise_options -- backbone.stage2.1.final_conv.bn.weight:weight_decay=0.0
2026/09/16 15:36:39 - mmengine - INFO - paramwise_options -- backbone.stage2.1.final_conv.bn.bias:weight_decay=0.0
2026/09/16 15:36:39 - mmengine - INFO - paramwise_options -- backbone.stage2.1.blocks.0.conv1.bn.weight:weight_decay=0.0
2026/09/16 15:36:39 - mmengine - INFO - paramwise_options -- backbone.stage2.1.blocks.0.conv1.bn.bias:weight_decay=0.0
2026/09/16 15:36:39 - mmengine - INFO - paramwise_options -- backbone.stage2.1.blocks.0.conv2.depthwise_conv.bn.weight:weight_decay=0.0
2026/09/16 15:36:39 - mmengine - INFO - paramwise_options -- backbone.stage2.1.blocks.0.conv2.depthwise_conv.bn.bias:weight_decay=0.0
2026/09/16 15:36:39 - mmengine - INFO - paramwise_options -- backbone.stage2.1.blocks.0.conv2.pointwise_conv.bn.weight:weight_decay=0.0
2026/09/16 15:36:39 - mmengine - INFO - paramwise_options -- backbone.stage2.1.blocks.0.conv2.pointwise_conv.bn.bias:weight_decay=0.0
2026/09/16 15:36:39 - mmengine - INFO - paramwise_options -- backbone.stage2.1.blocks.1.conv1.bn.weight:weight_decay=0.0
2026/09/16 15:36:39 - mmengine - INFO - paramwise_options -- backbone.stage2.1.blocks.1.conv1.bn.bias:weight_decay=0.0
2026/09/16 15:36:39 - mmengine - INFO - paramwise_options -- backbone.stage2.1.blocks.1.conv2.depthwise_conv.bn.weight:weight_decay=0.0
2026/09/16 15:36:39 - mmengine - INFO - paramwise_options -- backbone.stage2.1.blocks.1.conv2.depthwise_conv.bn.bias:weight_decay=0.0
2026/09/16 15:36:39 - mmengine - INFO - paramwise_options -- backbone.stage2.1.blocks.1.conv2.pointwise_conv.bn.weight:weight_decay=0.0
2026/09/16 15:36:39 - mmengine - INFO - paramwise_options -- backbone.stage2.1.blocks.1.conv2.pointwise_conv.bn.bias:weight_decay=0.0
2026/09/16 15:36:39 - mmengine - INFO - paramwise_options -- backbone.stage2.1.blocks.2.conv1.bn.weight:weight_decay=0.0
2026/09/16 15:36:39 - mmengine - INFO - paramwise_options -- backbone.stage2.1.blocks.2.conv1.bn.bias:weight_decay=0.0
2026/09/16 15:36:39 - mmengine - INFO - paramwise_options -- backbone.stage2.1.blocks.2.conv2.depthwise_conv.bn.weight:weight_decay=0.0
2026/09/16 15:36:39 - mmengine - INFO - paramwise_options -- backbone.stage2.1.blocks.2.conv2.depthwise_conv.bn.bias:weight_decay=0.0
2026/09/16 15:36:39 - mmengine - INFO - paramwise_options -- backbone.stage2.1.blocks.2.conv2.pointwise_conv.bn.weight:weight_decay=0.0
2026/09/16 15:36:39 - mmengine - INFO - paramwise_options -- backbone.stage2.1.blocks.2.conv2.pointwise_conv.bn.bias:weight_decay=0.0
2026/09/16 15:36:39 - mmengine - INFO - paramwise_options -- backbone.stage2.1.blocks.3.conv1.bn.weight:weight_decay=0.0
2026/09/16 15:36:39 - mmengine - INFO - paramwise_options -- backbone.stage2.1.blocks.3.conv1.bn.bias:weight_decay=0.0
2026/09/16 15:36:39 - mmengine - INFO - paramwise_options -- backbone.stage2.1.blocks.3.conv2.depthwise_conv.bn.weight:weight_decay=0.0
2026/09/16 15:36:39 - mmengine - INFO - paramwise_options -- backbone.stage2.1.blocks.3.conv2.depthwise_conv.bn.bias:weight_decay=0.0
2026/09/16 15:36:39 - mmengine - INFO - paramwise_options -- backbone.stage2.1.blocks.3.conv2.pointwise_conv.bn.weight:weight_decay=0.0
2026/09/16 15:36:39 - mmengine - INFO - paramwise_options -- backbone.stage2.1.blocks.3.conv2.pointwise_conv.bn.bias:weight_decay=0.0
2026/09/16 15:36:39 - mmengine - INFO - paramwise_options -- backbone.stage2.1.attention.fc.bias:weight_decay=0.0
2026/09/16 15:36:39 - mmengine - INFO - paramwise_options -- backbone.stage3.0.bn.weight:weight_decay=0.0
2026/09/16 15:36:39 - mmengine - INFO - paramwise_options -- backbone.stage3.0.bn.bias:weight_decay=0.0
2026/09/16 15:36:39 - mmengine - INFO - paramwise_options -- backbone.stage3.1.main_conv.bn.weight:weight_decay=0.0
2026/09/16 15:36:39 - mmengine - INFO - paramwise_options -- backbone.stage3.1.main_conv.bn.bias:weight_decay=0.0
2026/09/16 15:36:39 - mmengine - INFO - paramwise_options -- backbone.stage3.1.short_conv.bn.weight:weight_decay=0.0
2026/09/16 15:36:39 - mmengine - INFO - paramwise_options -- backbone.stage3.1.short_conv.bn.bias:weight_decay=0.0
2026/09/16 15:36:39 - mmengine - INFO - paramwise_options -- backbone.stage3.1.final_conv.bn.weight:weight_decay=0.0
2026/09/16 15:36:39 - mmengine - INFO - paramwise_options -- backbone.stage3.1.final_conv.bn.bias:weight_decay=0.0
2026/09/16 15:36:39 - mmengine - INFO - paramwise_options -- backbone.stage3.1.blocks.0.conv1.bn.weight:weight_decay=0.0
2026/09/16 15:36:39 - mmengine - INFO - paramwise_options -- backbone.stage3.1.blocks.0.conv1.bn.bias:weight_decay=0.0
2026/09/16 15:36:39 - mmengine - INFO - paramwise_options -- backbone.stage3.1.blocks.0.conv2.depthwise_conv.bn.weight:weight_decay=0.0
2026/09/16 15:36:39 - mmengine - INFO - paramwise_options -- backbone.stage3.1.blocks.0.conv2.depthwise_conv.bn.bias:weight_decay=0.0
2026/09/16 15:36:39 - mmengine - INFO - paramwise_options -- backbone.stage3.1.blocks.0.conv2.pointwise_conv.bn.weight:weight_decay=0.0
2026/09/16 15:36:39 - mmengine - INFO - paramwise_options -- backbone.stage3.1.blocks.0.conv2.pointwise_conv.bn.bias:weight_decay=0.0
2026/09/16 15:36:39 - mmengine - INFO - paramwise_options -- backbone.stage3.1.blocks.1.conv1.bn.weight:weight_decay=0.0
2026/09/16 15:36:39 - mmengine - INFO - paramwise_options -- backbone.stage3.1.blocks.1.conv1.bn.bias:weight_decay=0.0
2026/09/16 15:36:39 - mmengine - INFO - paramwise_options -- backbone.stage3.1.blocks.1.conv2.depthwise_conv.bn.weight:weight_decay=0.0
2026/09/16 15:36:39 - mmengine - INFO - paramwise_options -- backbone.stage3.1.blocks.1.conv2.depthwise_conv.bn.bias:weight_decay=0.0
2026/09/16 15:36:39 - mmengine - INFO - paramwise_options -- backbone.stage3.1.blocks.1.conv2.pointwise_conv.bn.weight:weight_decay=0.0
2026/09/16 15:36:39 - mmengine - INFO - paramwise_options -- backbone.stage3.1.blocks.1.conv2.pointwise_conv.bn.bias:weight_decay=0.0
2026/09/16 15:36:39 - mmengine - INFO - paramwise_options -- backbone.stage3.1.blocks.2.conv1.bn.weight:weight_decay=0.0
2026/09/16 15:36:39 - mmengine - INFO - paramwise_options -- backbone.stage3.1.blocks.2.conv1.bn.bias:weight_decay=0.0
2026/09/16 15:36:39 - mmengine - INFO - paramwise_options -- backbone.stage3.1.blocks.2.conv2.depthwise_conv.bn.weight:weight_decay=0.0
2026/09/16 15:36:39 - mmengine - INFO - paramwise_options -- backbone.stage3.1.blocks.2.conv2.depthwise_conv.bn.bias:weight_decay=0.0
2026/09/16 15:36:39 - mmengine - INFO - paramwise_options -- backbone.stage3.1.blocks.2.conv2.pointwise_conv.bn.weight:weight_decay=0.0
2026/09/16 15:36:39 - mmengine - INFO - paramwise_options -- backbone.stage3.1.blocks.2.conv2.pointwise_conv.bn.bias:weight_decay=0.0
2026/09/16 15:36:39 - mmengine - INFO - paramwise_options -- backbone.stage3.1.blocks.3.conv1.bn.weight:weight_decay=0.0
2026/09/16 15:36:39 - mmengine - INFO - paramwise_options -- backbone.stage3.1.blocks.3.conv1.bn.bias:weight_decay=0.0
2026/09/16 15:36:39 - mmengine - INFO - paramwise_options -- backbone.stage3.1.blocks.3.conv2.depthwise_conv.bn.weight:weight_decay=0.0
2026/09/16 15:36:39 - mmengine - INFO - paramwise_options -- backbone.stage3.1.blocks.3.conv2.depthwise_conv.bn.bias:weight_decay=0.0
2026/09/16 15:36:39 - mmengine - INFO - paramwise_options -- backbone.stage3.1.blocks.3.conv2.pointwise_conv.bn.weight:weight_decay=0.0
2026/09/16 15:36:39 - mmengine - INFO - paramwise_options -- backbone.stage3.1.blocks.3.conv2.pointwise_conv.bn.bias:weight_decay=0.0
2026/09/16 15:36:39 - mmengine - INFO - paramwise_options -- backbone.stage3.1.attention.fc.bias:weight_decay=0.0
2026/09/16 15:36:39 - mmengine - INFO - paramwise_options -- backbone.stage4.0.bn.weight:weight_decay=0.0
2026/09/16 15:36:39 - mmengine - INFO - paramwise_options -- backbone.stage4.0.bn.bias:weight_decay=0.0
2026/09/16 15:36:39 - mmengine - INFO - paramwise_options -- backbone.stage4.1.conv1.bn.weight:weight_decay=0.0
2026/09/16 15:36:39 - mmengine - INFO - paramwise_options -- backbone.stage4.1.conv1.bn.bias:weight_decay=0.0
2026/09/16 15:36:39 - mmengine - INFO - paramwise_options -- backbone.stage4.1.conv2.bn.weight:weight_decay=0.0
2026/09/16 15:36:39 - mmengine - INFO - paramwise_options -- backbone.stage4.1.conv2.bn.bias:weight_decay=0.0
2026/09/16 15:36:39 - mmengine - INFO - paramwise_options -- backbone.stage4.2.main_conv.bn.weight:weight_decay=0.0
2026/09/16 15:36:39 - mmengine - INFO - paramwise_options -- backbone.stage4.2.main_conv.bn.bias:weight_decay=0.0
2026/09/16 15:36:39 - mmengine - INFO - paramwise_options -- backbone.stage4.2.short_conv.bn.weight:weight_decay=0.0
2026/09/16 15:36:39 - mmengine - INFO - paramwise_options -- backbone.stage4.2.short_conv.bn.bias:weight_decay=0.0
2026/09/16 15:36:39 - mmengine - INFO - paramwise_options -- backbone.stage4.2.final_conv.bn.weight:weight_decay=0.0
2026/09/16 15:36:39 - mmengine - INFO - paramwise_options -- backbone.stage4.2.final_conv.bn.bias:weight_decay=0.0
2026/09/16 15:36:39 - mmengine - INFO - paramwise_options -- backbone.stage4.2.blocks.0.conv1.bn.weight:weight_decay=0.0
2026/09/16 15:36:39 - mmengine - INFO - paramwise_options -- backbone.stage4.2.blocks.0.conv1.bn.bias:weight_decay=0.0
2026/09/16 15:36:39 - mmengine - INFO - paramwise_options -- backbone.stage4.2.blocks.0.conv2.depthwise_conv.bn.weight:weight_decay=0.0
2026/09/16 15:36:39 - mmengine - INFO - paramwise_options -- backbone.stage4.2.blocks.0.conv2.depthwise_conv.bn.bias:weight_decay=0.0
2026/09/16 15:36:39 - mmengine - INFO - paramwise_options -- backbone.stage4.2.blocks.0.conv2.pointwise_conv.bn.weight:weight_decay=0.0
2026/09/16 15:36:39 - mmengine - INFO - paramwise_options -- backbone.stage4.2.blocks.0.conv2.pointwise_conv.bn.bias:weight_decay=0.0
2026/09/16 15:36:39 - mmengine - INFO - paramwise_options -- backbone.stage4.2.blocks.1.conv1.bn.weight:weight_decay=0.0
2026/09/16 15:36:39 - mmengine - INFO - paramwise_options -- backbone.stage4.2.blocks.1.conv1.bn.bias:weight_decay=0.0
2026/09/16 15:36:39 - mmengine - INFO - paramwise_options -- backbone.stage4.2.blocks.1.conv2.depthwise_conv.bn.weight:weight_decay=0.0
2026/09/16 15:36:39 - mmengine - INFO - paramwise_options -- backbone.stage4.2.blocks.1.conv2.depthwise_conv.bn.bias:weight_decay=0.0
2026/09/16 15:36:39 - mmengine - INFO - paramwise_options -- backbone.stage4.2.blocks.1.conv2.pointwise_conv.bn.weight:weight_decay=0.0
2026/09/16 15:36:39 - mmengine - INFO - paramwise_options -- backbone.stage4.2.blocks.1.conv2.pointwise_conv.bn.bias:weight_decay=0.0
2026/09/16 15:36:39 - mmengine - INFO - paramwise_options -- backbone.stage4.2.attention.fc.bias:weight_decay=0.0
2026/09/16 15:36:39 - mmengine - INFO - paramwise_options -- head.final_layer.bias:weight_decay=0.0
2026/09/16 15:36:39 - mmengine - WARNING - The prefix is not set in metric class PCKAccuracy.
2026/09/16 15:36:40 - mmengine - INFO - load backbone. in model from: https://download.openmmlab.com/mmpose/v1/projects/rtmposev1/cspnext-m_udp-aic-coco_210e-256x192-f2f7d6f6_20230130.pth
Name of parameter - Initialization information

backbone.stem.0.conv.weight - torch.Size([24, 3, 3, 3]): 
PretrainedInit: load from https://download.openmmlab.com/mmpose/v1/projects/rtmposev1/cspnext-m_udp-aic-coco_210e-256x192-f2f7d6f6_20230130.pth 

backbone.stem.0.bn.weight - torch.Size([24]): 
PretrainedInit: load from https://download.openmmlab.com/mmpose/v1/projects/rtmposev1/cspnext-m_udp-aic-coco_210e-256x192-f2f7d6f6_20230130.pth 

backbone.stem.0.bn.bias - torch.Size([24]): 
PretrainedInit: load from https://download.openmmlab.com/mmpose/v1/projects/rtmposev1/cspnext-m_udp-aic-coco_210e-256x192-f2f7d6f6_20230130.pth 

backbone.stem.1.conv.weight - torch.Size([24, 24, 3, 3]): 
PretrainedInit: load from https://download.openmmlab.com/mmpose/v1/projects/rtmposev1/cspnext-m_udp-aic-coco_210e-256x192-f2f7d6f6_20230130.pth 

backbone.stem.1.bn.weight - torch.Size([24]): 
PretrainedInit: load from https://download.openmmlab.com/mmpose/v1/projects/rtmposev1/cspnext-m_udp-aic-coco_210e-256x192-f2f7d6f6_20230130.pth 

backbone.stem.1.bn.bias - torch.Size([24]): 
PretrainedInit: load from https://download.openmmlab.com/mmpose/v1/projects/rtmposev1/cspnext-m_udp-aic-coco_210e-256x192-f2f7d6f6_20230130.pth 

backbone.stem.2.conv.weight - torch.Size([48, 24, 3, 3]): 
PretrainedInit: load from https://download.openmmlab.com/mmpose/v1/projects/rtmposev1/cspnext-m_udp-aic-coco_210e-256x192-f2f7d6f6_20230130.pth 

backbone.stem.2.bn.weight - torch.Size([48]): 
PretrainedInit: load from https://download.openmmlab.com/mmpose/v1/projects/rtmposev1/cspnext-m_udp-aic-coco_210e-256x192-f2f7d6f6_20230130.pth 

backbone.stem.2.bn.bias - torch.Size([48]): 
PretrainedInit: load from https://download.openmmlab.com/mmpose/v1/projects/rtmposev1/cspnext-m_udp-aic-coco_210e-256x192-f2f7d6f6_20230130.pth 

backbone.stage1.0.conv.weight - torch.Size([96, 48, 3, 3]): 
PretrainedInit: load from https://download.openmmlab.com/mmpose/v1/projects/rtmposev1/cspnext-m_udp-aic-coco_210e-256x192-f2f7d6f6_20230130.pth 

backbone.stage1.0.bn.weight - torch.Size([96]): 
PretrainedInit: load from https://download.openmmlab.com/mmpose/v1/projects/rtmposev1/cspnext-m_udp-aic-coco_210e-256x192-f2f7d6f6_20230130.pth 

backbone.stage1.0.bn.bias - torch.Size([96]): 
PretrainedInit: load from https://download.openmmlab.com/mmpose/v1/projects/rtmposev1/cspnext-m_udp-aic-coco_210e-256x192-f2f7d6f6_20230130.pth 

backbone.stage1.1.main_conv.conv.weight - torch.Size([48, 96, 1, 1]): 
PretrainedInit: load from https://download.openmmlab.com/mmpose/v1/projects/rtmposev1/cspnext-m_udp-aic-coco_210e-256x192-f2f7d6f6_20230130.pth 

backbone.stage1.1.main_conv.bn.weight - torch.Size([48]): 
PretrainedInit: load from https://download.openmmlab.com/mmpose/v1/projects/rtmposev1/cspnext-m_udp-aic-coco_210e-256x192-f2f7d6f6_20230130.pth 

backbone.stage1.1.main_conv.bn.bias - torch.Size([48]): 
PretrainedInit: load from https://download.openmmlab.com/mmpose/v1/projects/rtmposev1/cspnext-m_udp-aic-coco_210e-256x192-f2f7d6f6_20230130.pth 

backbone.stage1.1.short_conv.conv.weight - torch.Size([48, 96, 1, 1]): 
PretrainedInit: load from https://download.openmmlab.com/mmpose/v1/projects/rtmposev1/cspnext-m_udp-aic-coco_210e-256x192-f2f7d6f6_20230130.pth 

backbone.stage1.1.short_conv.bn.weight - torch.Size([48]): 
PretrainedInit: load from https://download.openmmlab.com/mmpose/v1/projects/rtmposev1/cspnext-m_udp-aic-coco_210e-256x192-f2f7d6f6_20230130.pth 

backbone.stage1.1.short_conv.bn.bias - torch.Size([48]): 
PretrainedInit: load from https://download.openmmlab.com/mmpose/v1/projects/rtmposev1/cspnext-m_udp-aic-coco_210e-256x192-f2f7d6f6_20230130.pth 

backbone.stage1.1.final_conv.conv.weight - torch.Size([96, 96, 1, 1]): 
PretrainedInit: load from https://download.openmmlab.com/mmpose/v1/projects/rtmposev1/cspnext-m_udp-aic-coco_210e-256x192-f2f7d6f6_20230130.pth 

backbone.stage1.1.final_conv.bn.weight - torch.Size([96]): 
PretrainedInit: load from https://download.openmmlab.com/mmpose/v1/projects/rtmposev1/cspnext-m_udp-aic-coco_210e-256x192-f2f7d6f6_20230130.pth 

backbone.stage1.1.final_conv.bn.bias - torch.Size([96]): 
PretrainedInit: load from https://download.openmmlab.com/mmpose/v1/projects/rtmposev1/cspnext-m_udp-aic-coco_210e-256x192-f2f7d6f6_20230130.pth 

backbone.stage1.1.blocks.0.conv1.conv.weight - torch.Size([48, 48, 3, 3]): 
PretrainedInit: load from https://download.openmmlab.com/mmpose/v1/projects/rtmposev1/cspnext-m_udp-aic-coco_210e-256x192-f2f7d6f6_20230130.pth 

backbone.stage1.1.blocks.0.conv1.bn.weight - torch.Size([48]): 
PretrainedInit: load from https://download.openmmlab.com/mmpose/v1/projects/rtmposev1/cspnext-m_udp-aic-coco_210e-256x192-f2f7d6f6_20230130.pth 

backbone.stage1.1.blocks.0.conv1.bn.bias - torch.Size([48]): 
PretrainedInit: load from https://download.openmmlab.com/mmpose/v1/projects/rtmposev1/cspnext-m_udp-aic-coco_210e-256x192-f2f7d6f6_20230130.pth 

backbone.stage1.1.blocks.0.conv2.depthwise_conv.conv.weight - torch.Size([48, 1, 5, 5]): 
PretrainedInit: load from https://download.openmmlab.com/mmpose/v1/projects/rtmposev1/cspnext-m_udp-aic-coco_210e-256x192-f2f7d6f6_20230130.pth 

backbone.stage1.1.blocks.0.conv2.depthwise_conv.bn.weight - torch.Size([48]): 
PretrainedInit: load from https://download.openmmlab.com/mmpose/v1/projects/rtmposev1/cspnext-m_udp-aic-coco_210e-256x192-f2f7d6f6_20230130.pth 

backbone.stage1.1.blocks.0.conv2.depthwise_conv.bn.bias - torch.Size([48]): 
PretrainedInit: load from https://download.openmmlab.com/mmpose/v1/projects/rtmposev1/cspnext-m_udp-aic-coco_210e-256x192-f2f7d6f6_20230130.pth 

backbone.stage1.1.blocks.0.conv2.pointwise_conv.conv.weight - torch.Size([48, 48, 1, 1]): 
PretrainedInit: load from https://download.openmmlab.com/mmpose/v1/projects/rtmposev1/cspnext-m_udp-aic-coco_210e-256x192-f2f7d6f6_20230130.pth 

backbone.stage1.1.blocks.0.conv2.pointwise_conv.bn.weight - torch.Size([48]): 
PretrainedInit: load from https://download.openmmlab.com/mmpose/v1/projects/rtmposev1/cspnext-m_udp-aic-coco_210e-256x192-f2f7d6f6_20230130.pth 

backbone.stage1.1.blocks.0.conv2.pointwise_conv.bn.bias - torch.Size([48]): 
PretrainedInit: load from https://download.openmmlab.com/mmpose/v1/projects/rtmposev1/cspnext-m_udp-aic-coco_210e-256x192-f2f7d6f6_20230130.pth 

backbone.stage1.1.blocks.1.conv1.conv.weight - torch.Size([48, 48, 3, 3]): 
PretrainedInit: load from https://download.openmmlab.com/mmpose/v1/projects/rtmposev1/cspnext-m_udp-aic-coco_210e-256x192-f2f7d6f6_20230130.pth 

backbone.stage1.1.blocks.1.conv1.bn.weight - torch.Size([48]): 
PretrainedInit: load from https://download.openmmlab.com/mmpose/v1/projects/rtmposev1/cspnext-m_udp-aic-coco_210e-256x192-f2f7d6f6_20230130.pth 

backbone.stage1.1.blocks.1.conv1.bn.bias - torch.Size([48]): 
PretrainedInit: load from https://download.openmmlab.com/mmpose/v1/projects/rtmposev1/cspnext-m_udp-aic-coco_210e-256x192-f2f7d6f6_20230130.pth 

backbone.stage1.1.blocks.1.conv2.depthwise_conv.conv.weight - torch.Size([48, 1, 5, 5]): 
PretrainedInit: load from https://download.openmmlab.com/mmpose/v1/projects/rtmposev1/cspnext-m_udp-aic-coco_210e-256x192-f2f7d6f6_20230130.pth 

backbone.stage1.1.blocks.1.conv2.depthwise_conv.bn.weight - torch.Size([48]): 
PretrainedInit: load from https://download.openmmlab.com/mmpose/v1/projects/rtmposev1/cspnext-m_udp-aic-coco_210e-256x192-f2f7d6f6_20230130.pth 

backbone.stage1.1.blocks.1.conv2.depthwise_conv.bn.bias - torch.Size([48]): 
PretrainedInit: load from https://download.openmmlab.com/mmpose/v1/projects/rtmposev1/cspnext-m_udp-aic-coco_210e-256x192-f2f7d6f6_20230130.pth 

backbone.stage1.1.blocks.1.conv2.pointwise_conv.conv.weight - torch.Size([48, 48, 1, 1]): 
PretrainedInit: load from https://download.openmmlab.com/mmpose/v1/projects/rtmposev1/cspnext-m_udp-aic-coco_210e-256x192-f2f7d6f6_20230130.pth 

backbone.stage1.1.blocks.1.conv2.pointwise_conv.bn.weight - torch.Size([48]): 
PretrainedInit: load from https://download.openmmlab.com/mmpose/v1/projects/rtmposev1/cspnext-m_udp-aic-coco_210e-256x192-f2f7d6f6_20230130.pth 

backbone.stage1.1.blocks.1.conv2.pointwise_conv.bn.bias - torch.Size([48]): 
PretrainedInit: load from https://download.openmmlab.com/mmpose/v1/projects/rtmposev1/cspnext-m_udp-aic-coco_210e-256x192-f2f7d6f6_20230130.pth 

backbone.stage1.1.attention.fc.weight - torch.Size([96, 96, 1, 1]): 
PretrainedInit: load from https://download.openmmlab.com/mmpose/v1/projects/rtmposev1/cspnext-m_udp-aic-coco_210e-256x192-f2f7d6f6_20230130.pth 

backbone.stage1.1.attention.fc.bias - torch.Size([96]): 
PretrainedInit: load from https://download.openmmlab.com/mmpose/v1/projects/rtmposev1/cspnext-m_udp-aic-coco_210e-256x192-f2f7d6f6_20230130.pth 

backbone.stage2.0.conv.weight - torch.Size([192, 96, 3, 3]): 
PretrainedInit: load from https://download.openmmlab.com/mmpose/v1/projects/rtmposev1/cspnext-m_udp-aic-coco_210e-256x192-f2f7d6f6_20230130.pth 

backbone.stage2.0.bn.weight - torch.Size([192]): 
PretrainedInit: load from https://download.openmmlab.com/mmpose/v1/projects/rtmposev1/cspnext-m_udp-aic-coco_210e-256x192-f2f7d6f6_20230130.pth 

backbone.stage2.0.bn.bias - torch.Size([192]): 
PretrainedInit: load from https://download.openmmlab.com/mmpose/v1/projects/rtmposev1/cspnext-m_udp-aic-coco_210e-256x192-f2f7d6f6_20230130.pth 

backbone.stage2.1.main_conv.conv.weight - torch.Size([96, 192, 1, 1]): 
PretrainedInit: load from https://download.openmmlab.com/mmpose/v1/projects/rtmposev1/cspnext-m_udp-aic-coco_210e-256x192-f2f7d6f6_20230130.pth 

backbone.stage2.1.main_conv.bn.weight - torch.Size([96]): 
PretrainedInit: load from https://download.openmmlab.com/mmpose/v1/projects/rtmposev1/cspnext-m_udp-aic-coco_210e-256x192-f2f7d6f6_20230130.pth 

backbone.stage2.1.main_conv.bn.bias - torch.Size([96]): 
PretrainedInit: load from https://download.openmmlab.com/mmpose/v1/projects/rtmposev1/cspnext-m_udp-aic-coco_210e-256x192-f2f7d6f6_20230130.pth 

backbone.stage2.1.short_conv.conv.weight - torch.Size([96, 192, 1, 1]): 
PretrainedInit: load from https://download.openmmlab.com/mmpose/v1/projects/rtmposev1/cspnext-m_udp-aic-coco_210e-256x192-f2f7d6f6_20230130.pth 

backbone.stage2.1.short_conv.bn.weight - torch.Size([96]): 
PretrainedInit: load from https://download.openmmlab.com/mmpose/v1/projects/rtmposev1/cspnext-m_udp-aic-coco_210e-256x192-f2f7d6f6_20230130.pth 

backbone.stage2.1.short_conv.bn.bias - torch.Size([96]): 
PretrainedInit: load from https://download.openmmlab.com/mmpose/v1/projects/rtmposev1/cspnext-m_udp-aic-coco_210e-256x192-f2f7d6f6_20230130.pth 

backbone.stage2.1.final_conv.conv.weight - torch.Size([192, 192, 1, 1]): 
PretrainedInit: load from https://download.openmmlab.com/mmpose/v1/projects/rtmposev1/cspnext-m_udp-aic-coco_210e-256x192-f2f7d6f6_20230130.pth 

backbone.stage2.1.final_conv.bn.weight - torch.Size([192]): 
PretrainedInit: load from https://download.openmmlab.com/mmpose/v1/projects/rtmposev1/cspnext-m_udp-aic-coco_210e-256x192-f2f7d6f6_20230130.pth 

backbone.stage2.1.final_conv.bn.bias - torch.Size([192]): 
PretrainedInit: load from https://download.openmmlab.com/mmpose/v1/projects/rtmposev1/cspnext-m_udp-aic-coco_210e-256x192-f2f7d6f6_20230130.pth 

backbone.stage2.1.blocks.0.conv1.conv.weight - torch.Size([96, 96, 3, 3]): 
PretrainedInit: load from https://download.openmmlab.com/mmpose/v1/projects/rtmposev1/cspnext-m_udp-aic-coco_210e-256x192-f2f7d6f6_20230130.pth 

backbone.stage2.1.blocks.0.conv1.bn.weight - torch.Size([96]): 
PretrainedInit: load from https://download.openmmlab.com/mmpose/v1/projects/rtmposev1/cspnext-m_udp-aic-coco_210e-256x192-f2f7d6f6_20230130.pth 

backbone.stage2.1.blocks.0.conv1.bn.bias - torch.Size([96]): 
PretrainedInit: load from https://download.openmmlab.com/mmpose/v1/projects/rtmposev1/cspnext-m_udp-aic-coco_210e-256x192-f2f7d6f6_20230130.pth 

backbone.stage2.1.blocks.0.conv2.depthwise_conv.conv.weight - torch.Size([96, 1, 5, 5]): 
PretrainedInit: load from https://download.openmmlab.com/mmpose/v1/projects/rtmposev1/cspnext-m_udp-aic-coco_210e-256x192-f2f7d6f6_20230130.pth 

backbone.stage2.1.blocks.0.conv2.depthwise_conv.bn.weight - torch.Size([96]): 
PretrainedInit: load from https://download.openmmlab.com/mmpose/v1/projects/rtmposev1/cspnext-m_udp-aic-coco_210e-256x192-f2f7d6f6_20230130.pth 

backbone.stage2.1.blocks.0.conv2.depthwise_conv.bn.bias - torch.Size([96]): 
PretrainedInit: load from https://download.openmmlab.com/mmpose/v1/projects/rtmposev1/cspnext-m_udp-aic-coco_210e-256x192-f2f7d6f6_20230130.pth 

backbone.stage2.1.blocks.0.conv2.pointwise_conv.conv.weight - torch.Size([96, 96, 1, 1]): 
PretrainedInit: load from https://download.openmmlab.com/mmpose/v1/projects/rtmposev1/cspnext-m_udp-aic-coco_210e-256x192-f2f7d6f6_20230130.pth 

backbone.stage2.1.blocks.0.conv2.pointwise_conv.bn.weight - torch.Size([96]): 
PretrainedInit: load from https://download.openmmlab.com/mmpose/v1/projects/rtmposev1/cspnext-m_udp-aic-coco_210e-256x192-f2f7d6f6_20230130.pth 

backbone.stage2.1.blocks.0.conv2.pointwise_conv.bn.bias - torch.Size([96]): 
PretrainedInit: load from https://download.openmmlab.com/mmpose/v1/projects/rtmposev1/cspnext-m_udp-aic-coco_210e-256x192-f2f7d6f6_20230130.pth 

backbone.stage2.1.blocks.1.conv1.conv.weight - torch.Size([96, 96, 3, 3]): 
PretrainedInit: load from https://download.openmmlab.com/mmpose/v1/projects/rtmposev1/cspnext-m_udp-aic-coco_210e-256x192-f2f7d6f6_20230130.pth 

backbone.stage2.1.blocks.1.conv1.bn.weight - torch.Size([96]): 
PretrainedInit: load from https://download.openmmlab.com/mmpose/v1/projects/rtmposev1/cspnext-m_udp-aic-coco_210e-256x192-f2f7d6f6_20230130.pth 

backbone.stage2.1.blocks.1.conv1.bn.bias - torch.Size([96]): 
PretrainedInit: load from https://download.openmmlab.com/mmpose/v1/projects/rtmposev1/cspnext-m_udp-aic-coco_210e-256x192-f2f7d6f6_20230130.pth 

backbone.stage2.1.blocks.1.conv2.depthwise_conv.conv.weight - torch.Size([96, 1, 5, 5]): 
PretrainedInit: load from https://download.openmmlab.com/mmpose/v1/projects/rtmposev1/cspnext-m_udp-aic-coco_210e-256x192-f2f7d6f6_20230130.pth 

backbone.stage2.1.blocks.1.conv2.depthwise_conv.bn.weight - torch.Size([96]): 
PretrainedInit: load from https://download.openmmlab.com/mmpose/v1/projects/rtmposev1/cspnext-m_udp-aic-coco_210e-256x192-f2f7d6f6_20230130.pth 

backbone.stage2.1.blocks.1.conv2.depthwise_conv.bn.bias - torch.Size([96]): 
PretrainedInit: load from https://download.openmmlab.com/mmpose/v1/projects/rtmposev1/cspnext-m_udp-aic-coco_210e-256x192-f2f7d6f6_20230130.pth 

backbone.stage2.1.blocks.1.conv2.pointwise_conv.conv.weight - torch.Size([96, 96, 1, 1]): 
PretrainedInit: load from https://download.openmmlab.com/mmpose/v1/projects/rtmposev1/cspnext-m_udp-aic-coco_210e-256x192-f2f7d6f6_20230130.pth 

backbone.stage2.1.blocks.1.conv2.pointwise_conv.bn.weight - torch.Size([96]): 
PretrainedInit: load from https://download.openmmlab.com/mmpose/v1/projects/rtmposev1/cspnext-m_udp-aic-coco_210e-256x192-f2f7d6f6_20230130.pth 

backbone.stage2.1.blocks.1.conv2.pointwise_conv.bn.bias - torch.Size([96]): 
PretrainedInit: load from https://download.openmmlab.com/mmpose/v1/projects/rtmposev1/cspnext-m_udp-aic-coco_210e-256x192-f2f7d6f6_20230130.pth 

backbone.stage2.1.blocks.2.conv1.conv.weight - torch.Size([96, 96, 3, 3]): 
PretrainedInit: load from https://download.openmmlab.com/mmpose/v1/projects/rtmposev1/cspnext-m_udp-aic-coco_210e-256x192-f2f7d6f6_20230130.pth 

backbone.stage2.1.blocks.2.conv1.bn.weight - torch.Size([96]): 
PretrainedInit: load from https://download.openmmlab.com/mmpose/v1/projects/rtmposev1/cspnext-m_udp-aic-coco_210e-256x192-f2f7d6f6_20230130.pth 

backbone.stage2.1.blocks.2.conv1.bn.bias - torch.Size([96]): 
PretrainedInit: load from https://download.openmmlab.com/mmpose/v1/projects/rtmposev1/cspnext-m_udp-aic-coco_210e-256x192-f2f7d6f6_20230130.pth 

backbone.stage2.1.blocks.2.conv2.depthwise_conv.conv.weight - torch.Size([96, 1, 5, 5]): 
PretrainedInit: load from https://download.openmmlab.com/mmpose/v1/projects/rtmposev1/cspnext-m_udp-aic-coco_210e-256x192-f2f7d6f6_20230130.pth 

backbone.stage2.1.blocks.2.conv2.depthwise_conv.bn.weight - torch.Size([96]): 
PretrainedInit: load from https://download.openmmlab.com/mmpose/v1/projects/rtmposev1/cspnext-m_udp-aic-coco_210e-256x192-f2f7d6f6_20230130.pth 

backbone.stage2.1.blocks.2.conv2.depthwise_conv.bn.bias - torch.Size([96]): 
PretrainedInit: load from https://download.openmmlab.com/mmpose/v1/projects/rtmposev1/cspnext-m_udp-aic-coco_210e-256x192-f2f7d6f6_20230130.pth 

backbone.stage2.1.blocks.2.conv2.pointwise_conv.conv.weight - torch.Size([96, 96, 1, 1]): 
PretrainedInit: load from https://download.openmmlab.com/mmpose/v1/projects/rtmposev1/cspnext-m_udp-aic-coco_210e-256x192-f2f7d6f6_20230130.pth 

backbone.stage2.1.blocks.2.conv2.pointwise_conv.bn.weight - torch.Size([96]): 
PretrainedInit: load from https://download.openmmlab.com/mmpose/v1/projects/rtmposev1/cspnext-m_udp-aic-coco_210e-256x192-f2f7d6f6_20230130.pth 

backbone.stage2.1.blocks.2.conv2.pointwise_conv.bn.bias - torch.Size([96]): 
PretrainedInit: load from https://download.openmmlab.com/mmpose/v1/projects/rtmposev1/cspnext-m_udp-aic-coco_210e-256x192-f2f7d6f6_20230130.pth 

backbone.stage2.1.blocks.3.conv1.conv.weight - torch.Size([96, 96, 3, 3]): 
PretrainedInit: load from https://download.openmmlab.com/mmpose/v1/projects/rtmposev1/cspnext-m_udp-aic-coco_210e-256x192-f2f7d6f6_20230130.pth 

backbone.stage2.1.blocks.3.conv1.bn.weight - torch.Size([96]): 
PretrainedInit: load from https://download.openmmlab.com/mmpose/v1/projects/rtmposev1/cspnext-m_udp-aic-coco_210e-256x192-f2f7d6f6_20230130.pth 

backbone.stage2.1.blocks.3.conv1.bn.bias - torch.Size([96]): 
PretrainedInit: load from https://download.openmmlab.com/mmpose/v1/projects/rtmposev1/cspnext-m_udp-aic-coco_210e-256x192-f2f7d6f6_20230130.pth 

backbone.stage2.1.blocks.3.conv2.depthwise_conv.conv.weight - torch.Size([96, 1, 5, 5]): 
PretrainedInit: load from https://download.openmmlab.com/mmpose/v1/projects/rtmposev1/cspnext-m_udp-aic-coco_210e-256x192-f2f7d6f6_20230130.pth 

backbone.stage2.1.blocks.3.conv2.depthwise_conv.bn.weight - torch.Size([96]): 
PretrainedInit: load from https://download.openmmlab.com/mmpose/v1/projects/rtmposev1/cspnext-m_udp-aic-coco_210e-256x192-f2f7d6f6_20230130.pth 

backbone.stage2.1.blocks.3.conv2.depthwise_conv.bn.bias - torch.Size([96]): 
PretrainedInit: load from https://download.openmmlab.com/mmpose/v1/projects/rtmposev1/cspnext-m_udp-aic-coco_210e-256x192-f2f7d6f6_20230130.pth 

backbone.stage2.1.blocks.3.conv2.pointwise_conv.conv.weight - torch.Size([96, 96, 1, 1]): 
PretrainedInit: load from https://download.openmmlab.com/mmpose/v1/projects/rtmposev1/cspnext-m_udp-aic-coco_210e-256x192-f2f7d6f6_20230130.pth 

backbone.stage2.1.blocks.3.conv2.pointwise_conv.bn.weight - torch.Size([96]): 
PretrainedInit: load from https://download.openmmlab.com/mmpose/v1/projects/rtmposev1/cspnext-m_udp-aic-coco_210e-256x192-f2f7d6f6_20230130.pth 

backbone.stage2.1.blocks.3.conv2.pointwise_conv.bn.bias - torch.Size([96]): 
PretrainedInit: load from https://download.openmmlab.com/mmpose/v1/projects/rtmposev1/cspnext-m_udp-aic-coco_210e-256x192-f2f7d6f6_20230130.pth 

backbone.stage2.1.attention.fc.weight - torch.Size([192, 192, 1, 1]): 
PretrainedInit: load from https://download.openmmlab.com/mmpose/v1/projects/rtmposev1/cspnext-m_udp-aic-coco_210e-256x192-f2f7d6f6_20230130.pth 

backbone.stage2.1.attention.fc.bias - torch.Size([192]): 
PretrainedInit: load from https://download.openmmlab.com/mmpose/v1/projects/rtmposev1/cspnext-m_udp-aic-coco_210e-256x192-f2f7d6f6_20230130.pth 

backbone.stage3.0.conv.weight - torch.Size([384, 192, 3, 3]): 
PretrainedInit: load from https://download.openmmlab.com/mmpose/v1/projects/rtmposev1/cspnext-m_udp-aic-coco_210e-256x192-f2f7d6f6_20230130.pth 

backbone.stage3.0.bn.weight - torch.Size([384]): 
PretrainedInit: load from https://download.openmmlab.com/mmpose/v1/projects/rtmposev1/cspnext-m_udp-aic-coco_210e-256x192-f2f7d6f6_20230130.pth 

backbone.stage3.0.bn.bias - torch.Size([384]): 
PretrainedInit: load from https://download.openmmlab.com/mmpose/v1/projects/rtmposev1/cspnext-m_udp-aic-coco_210e-256x192-f2f7d6f6_20230130.pth 

backbone.stage3.1.main_conv.conv.weight - torch.Size([192, 384, 1, 1]): 
PretrainedInit: load from https://download.openmmlab.com/mmpose/v1/projects/rtmposev1/cspnext-m_udp-aic-coco_210e-256x192-f2f7d6f6_20230130.pth 

backbone.stage3.1.main_conv.bn.weight - torch.Size([192]): 
PretrainedInit: load from https://download.openmmlab.com/mmpose/v1/projects/rtmposev1/cspnext-m_udp-aic-coco_210e-256x192-f2f7d6f6_20230130.pth 

backbone.stage3.1.main_conv.bn.bias - torch.Size([192]): 
PretrainedInit: load from https://download.openmmlab.com/mmpose/v1/projects/rtmposev1/cspnext-m_udp-aic-coco_210e-256x192-f2f7d6f6_20230130.pth 

backbone.stage3.1.short_conv.conv.weight - torch.Size([192, 384, 1, 1]): 
PretrainedInit: load from https://download.openmmlab.com/mmpose/v1/projects/rtmposev1/cspnext-m_udp-aic-coco_210e-256x192-f2f7d6f6_20230130.pth 

backbone.stage3.1.short_conv.bn.weight - torch.Size([192]): 
PretrainedInit: load from https://download.openmmlab.com/mmpose/v1/projects/rtmposev1/cspnext-m_udp-aic-coco_210e-256x192-f2f7d6f6_20230130.pth 

backbone.stage3.1.short_conv.bn.bias - torch.Size([192]): 
PretrainedInit: load from https://download.openmmlab.com/mmpose/v1/projects/rtmposev1/cspnext-m_udp-aic-coco_210e-256x192-f2f7d6f6_20230130.pth 

backbone.stage3.1.final_conv.conv.weight - torch.Size([384, 384, 1, 1]): 
PretrainedInit: load from https://download.openmmlab.com/mmpose/v1/projects/rtmposev1/cspnext-m_udp-aic-coco_210e-256x192-f2f7d6f6_20230130.pth 

backbone.stage3.1.final_conv.bn.weight - torch.Size([384]): 
PretrainedInit: load from https://download.openmmlab.com/mmpose/v1/projects/rtmposev1/cspnext-m_udp-aic-coco_210e-256x192-f2f7d6f6_20230130.pth 

backbone.stage3.1.final_conv.bn.bias - torch.Size([384]): 
PretrainedInit: load from https://download.openmmlab.com/mmpose/v1/projects/rtmposev1/cspnext-m_udp-aic-coco_210e-256x192-f2f7d6f6_20230130.pth 

backbone.stage3.1.blocks.0.conv1.conv.weight - torch.Size([192, 192, 3, 3]): 
PretrainedInit: load from https://download.openmmlab.com/mmpose/v1/projects/rtmposev1/cspnext-m_udp-aic-coco_210e-256x192-f2f7d6f6_20230130.pth 

backbone.stage3.1.blocks.0.conv1.bn.weight - torch.Size([192]): 
PretrainedInit: load from https://download.openmmlab.com/mmpose/v1/projects/rtmposev1/cspnext-m_udp-aic-coco_210e-256x192-f2f7d6f6_20230130.pth 

backbone.stage3.1.blocks.0.conv1.bn.bias - torch.Size([192]): 
PretrainedInit: load from https://download.openmmlab.com/mmpose/v1/projects/rtmposev1/cspnext-m_udp-aic-coco_210e-256x192-f2f7d6f6_20230130.pth 

backbone.stage3.1.blocks.0.conv2.depthwise_conv.conv.weight - torch.Size([192, 1, 5, 5]): 
PretrainedInit: load from https://download.openmmlab.com/mmpose/v1/projects/rtmposev1/cspnext-m_udp-aic-coco_210e-256x192-f2f7d6f6_20230130.pth 

backbone.stage3.1.blocks.0.conv2.depthwise_conv.bn.weight - torch.Size([192]): 
PretrainedInit: load from https://download.openmmlab.com/mmpose/v1/projects/rtmposev1/cspnext-m_udp-aic-coco_210e-256x192-f2f7d6f6_20230130.pth 

backbone.stage3.1.blocks.0.conv2.depthwise_conv.bn.bias - torch.Size([192]): 
PretrainedInit: load from https://download.openmmlab.com/mmpose/v1/projects/rtmposev1/cspnext-m_udp-aic-coco_210e-256x192-f2f7d6f6_20230130.pth 

backbone.stage3.1.blocks.0.conv2.pointwise_conv.conv.weight - torch.Size([192, 192, 1, 1]): 
PretrainedInit: load from https://download.openmmlab.com/mmpose/v1/projects/rtmposev1/cspnext-m_udp-aic-coco_210e-256x192-f2f7d6f6_20230130.pth 

backbone.stage3.1.blocks.0.conv2.pointwise_conv.bn.weight - torch.Size([192]): 
PretrainedInit: load from https://download.openmmlab.com/mmpose/v1/projects/rtmposev1/cspnext-m_udp-aic-coco_210e-256x192-f2f7d6f6_20230130.pth 

backbone.stage3.1.blocks.0.conv2.pointwise_conv.bn.bias - torch.Size([192]): 
PretrainedInit: load from https://download.openmmlab.com/mmpose/v1/projects/rtmposev1/cspnext-m_udp-aic-coco_210e-256x192-f2f7d6f6_20230130.pth 

backbone.stage3.1.blocks.1.conv1.conv.weight - torch.Size([192, 192, 3, 3]): 
PretrainedInit: load from https://download.openmmlab.com/mmpose/v1/projects/rtmposev1/cspnext-m_udp-aic-coco_210e-256x192-f2f7d6f6_20230130.pth 

backbone.stage3.1.blocks.1.conv1.bn.weight - torch.Size([192]): 
PretrainedInit: load from https://download.openmmlab.com/mmpose/v1/projects/rtmposev1/cspnext-m_udp-aic-coco_210e-256x192-f2f7d6f6_20230130.pth 

backbone.stage3.1.blocks.1.conv1.bn.bias - torch.Size([192]): 
PretrainedInit: load from https://download.openmmlab.com/mmpose/v1/projects/rtmposev1/cspnext-m_udp-aic-coco_210e-256x192-f2f7d6f6_20230130.pth 

backbone.stage3.1.blocks.1.conv2.depthwise_conv.conv.weight - torch.Size([192, 1, 5, 5]): 
PretrainedInit: load from https://download.openmmlab.com/mmpose/v1/projects/rtmposev1/cspnext-m_udp-aic-coco_210e-256x192-f2f7d6f6_20230130.pth 

backbone.stage3.1.blocks.1.conv2.depthwise_conv.bn.weight - torch.Size([192]): 
PretrainedInit: load from https://download.openmmlab.com/mmpose/v1/projects/rtmposev1/cspnext-m_udp-aic-coco_210e-256x192-f2f7d6f6_20230130.pth 

backbone.stage3.1.blocks.1.conv2.depthwise_conv.bn.bias - torch.Size([192]): 
PretrainedInit: load from https://download.openmmlab.com/mmpose/v1/projects/rtmposev1/cspnext-m_udp-aic-coco_210e-256x192-f2f7d6f6_20230130.pth 

backbone.stage3.1.blocks.1.conv2.pointwise_conv.conv.weight - torch.Size([192, 192, 1, 1]): 
PretrainedInit: load from https://download.openmmlab.com/mmpose/v1/projects/rtmposev1/cspnext-m_udp-aic-coco_210e-256x192-f2f7d6f6_20230130.pth 

backbone.stage3.1.blocks.1.conv2.pointwise_conv.bn.weight - torch.Size([192]): 
PretrainedInit: load from https://download.openmmlab.com/mmpose/v1/projects/rtmposev1/cspnext-m_udp-aic-coco_210e-256x192-f2f7d6f6_20230130.pth 

backbone.stage3.1.blocks.1.conv2.pointwise_conv.bn.bias - torch.Size([192]): 
PretrainedInit: load from https://download.openmmlab.com/mmpose/v1/projects/rtmposev1/cspnext-m_udp-aic-coco_210e-256x192-f2f7d6f6_20230130.pth 

backbone.stage3.1.blocks.2.conv1.conv.weight - torch.Size([192, 192, 3, 3]): 
PretrainedInit: load from https://download.openmmlab.com/mmpose/v1/projects/rtmposev1/cspnext-m_udp-aic-coco_210e-256x192-f2f7d6f6_20230130.pth 

backbone.stage3.1.blocks.2.conv1.bn.weight - torch.Size([192]): 
PretrainedInit: load from https://download.openmmlab.com/mmpose/v1/projects/rtmposev1/cspnext-m_udp-aic-coco_210e-256x192-f2f7d6f6_20230130.pth 

backbone.stage3.1.blocks.2.conv1.bn.bias - torch.Size([192]): 
PretrainedInit: load from https://download.openmmlab.com/mmpose/v1/projects/rtmposev1/cspnext-m_udp-aic-coco_210e-256x192-f2f7d6f6_20230130.pth 

backbone.stage3.1.blocks.2.conv2.depthwise_conv.conv.weight - torch.Size([192, 1, 5, 5]): 
PretrainedInit: load from https://download.openmmlab.com/mmpose/v1/projects/rtmposev1/cspnext-m_udp-aic-coco_210e-256x192-f2f7d6f6_20230130.pth 

backbone.stage3.1.blocks.2.conv2.depthwise_conv.bn.weight - torch.Size([192]): 
PretrainedInit: load from https://download.openmmlab.com/mmpose/v1/projects/rtmposev1/cspnext-m_udp-aic-coco_210e-256x192-f2f7d6f6_20230130.pth 

backbone.stage3.1.blocks.2.conv2.depthwise_conv.bn.bias - torch.Size([192]): 
PretrainedInit: load from https://download.openmmlab.com/mmpose/v1/projects/rtmposev1/cspnext-m_udp-aic-coco_210e-256x192-f2f7d6f6_20230130.pth 

backbone.stage3.1.blocks.2.conv2.pointwise_conv.conv.weight - torch.Size([192, 192, 1, 1]): 
PretrainedInit: load from https://download.openmmlab.com/mmpose/v1/projects/rtmposev1/cspnext-m_udp-aic-coco_210e-256x192-f2f7d6f6_20230130.pth 

backbone.stage3.1.blocks.2.conv2.pointwise_conv.bn.weight - torch.Size([192]): 
PretrainedInit: load from https://download.openmmlab.com/mmpose/v1/projects/rtmposev1/cspnext-m_udp-aic-coco_210e-256x192-f2f7d6f6_20230130.pth 

backbone.stage3.1.blocks.2.conv2.pointwise_conv.bn.bias - torch.Size([192]): 
PretrainedInit: load from https://download.openmmlab.com/mmpose/v1/projects/rtmposev1/cspnext-m_udp-aic-coco_210e-256x192-f2f7d6f6_20230130.pth 

backbone.stage3.1.blocks.3.conv1.conv.weight - torch.Size([192, 192, 3, 3]): 
PretrainedInit: load from https://download.openmmlab.com/mmpose/v1/projects/rtmposev1/cspnext-m_udp-aic-coco_210e-256x192-f2f7d6f6_20230130.pth 

backbone.stage3.1.blocks.3.conv1.bn.weight - torch.Size([192]): 
PretrainedInit: load from https://download.openmmlab.com/mmpose/v1/projects/rtmposev1/cspnext-m_udp-aic-coco_210e-256x192-f2f7d6f6_20230130.pth 

backbone.stage3.1.blocks.3.conv1.bn.bias - torch.Size([192]): 
PretrainedInit: load from https://download.openmmlab.com/mmpose/v1/projects/rtmposev1/cspnext-m_udp-aic-coco_210e-256x192-f2f7d6f6_20230130.pth 

backbone.stage3.1.blocks.3.conv2.depthwise_conv.conv.weight - torch.Size([192, 1, 5, 5]): 
PretrainedInit: load from https://download.openmmlab.com/mmpose/v1/projects/rtmposev1/cspnext-m_udp-aic-coco_210e-256x192-f2f7d6f6_20230130.pth 

backbone.stage3.1.blocks.3.conv2.depthwise_conv.bn.weight - torch.Size([192]): 
PretrainedInit: load from https://download.openmmlab.com/mmpose/v1/projects/rtmposev1/cspnext-m_udp-aic-coco_210e-256x192-f2f7d6f6_20230130.pth 

backbone.stage3.1.blocks.3.conv2.depthwise_conv.bn.bias - torch.Size([192]): 
PretrainedInit: load from https://download.openmmlab.com/mmpose/v1/projects/rtmposev1/cspnext-m_udp-aic-coco_210e-256x192-f2f7d6f6_20230130.pth 

backbone.stage3.1.blocks.3.conv2.pointwise_conv.conv.weight - torch.Size([192, 192, 1, 1]): 
PretrainedInit: load from https://download.openmmlab.com/mmpose/v1/projects/rtmposev1/cspnext-m_udp-aic-coco_210e-256x192-f2f7d6f6_20230130.pth 

backbone.stage3.1.blocks.3.conv2.pointwise_conv.bn.weight - torch.Size([192]): 
PretrainedInit: load from https://download.openmmlab.com/mmpose/v1/projects/rtmposev1/cspnext-m_udp-aic-coco_210e-256x192-f2f7d6f6_20230130.pth 

backbone.stage3.1.blocks.3.conv2.pointwise_conv.bn.bias - torch.Size([192]): 
PretrainedInit: load from https://download.openmmlab.com/mmpose/v1/projects/rtmposev1/cspnext-m_udp-aic-coco_210e-256x192-f2f7d6f6_20230130.pth 

backbone.stage3.1.attention.fc.weight - torch.Size([384, 384, 1, 1]): 
PretrainedInit: load from https://download.openmmlab.com/mmpose/v1/projects/rtmposev1/cspnext-m_udp-aic-coco_210e-256x192-f2f7d6f6_20230130.pth 

backbone.stage3.1.attention.fc.bias - torch.Size([384]): 
PretrainedInit: load from https://download.openmmlab.com/mmpose/v1/projects/rtmposev1/cspnext-m_udp-aic-coco_210e-256x192-f2f7d6f6_20230130.pth 

backbone.stage4.0.conv.weight - torch.Size([768, 384, 3, 3]): 
PretrainedInit: load from https://download.openmmlab.com/mmpose/v1/projects/rtmposev1/cspnext-m_udp-aic-coco_210e-256x192-f2f7d6f6_20230130.pth 

backbone.stage4.0.bn.weight - torch.Size([768]): 
PretrainedInit: load from https://download.openmmlab.com/mmpose/v1/projects/rtmposev1/cspnext-m_udp-aic-coco_210e-256x192-f2f7d6f6_20230130.pth 

backbone.stage4.0.bn.bias - torch.Size([768]): 
PretrainedInit: load from https://download.openmmlab.com/mmpose/v1/projects/rtmposev1/cspnext-m_udp-aic-coco_210e-256x192-f2f7d6f6_20230130.pth 

backbone.stage4.1.conv1.conv.weight - torch.Size([384, 768, 1, 1]): 
PretrainedInit: load from https://download.openmmlab.com/mmpose/v1/projects/rtmposev1/cspnext-m_udp-aic-coco_210e-256x192-f2f7d6f6_20230130.pth 

backbone.stage4.1.conv1.bn.weight - torch.Size([384]): 
PretrainedInit: load from https://download.openmmlab.com/mmpose/v1/projects/rtmposev1/cspnext-m_udp-aic-coco_210e-256x192-f2f7d6f6_20230130.pth 

backbone.stage4.1.conv1.bn.bias - torch.Size([384]): 
PretrainedInit: load from https://download.openmmlab.com/mmpose/v1/projects/rtmposev1/cspnext-m_udp-aic-coco_210e-256x192-f2f7d6f6_20230130.pth 

backbone.stage4.1.conv2.conv.weight - torch.Size([768, 1536, 1, 1]): 
PretrainedInit: load from https://download.openmmlab.com/mmpose/v1/projects/rtmposev1/cspnext-m_udp-aic-coco_210e-256x192-f2f7d6f6_20230130.pth 

backbone.stage4.1.conv2.bn.weight - torch.Size([768]): 
PretrainedInit: load from https://download.openmmlab.com/mmpose/v1/projects/rtmposev1/cspnext-m_udp-aic-coco_210e-256x192-f2f7d6f6_20230130.pth 

backbone.stage4.1.conv2.bn.bias - torch.Size([768]): 
PretrainedInit: load from https://download.openmmlab.com/mmpose/v1/projects/rtmposev1/cspnext-m_udp-aic-coco_210e-256x192-f2f7d6f6_20230130.pth 

backbone.stage4.2.main_conv.conv.weight - torch.Size([384, 768, 1, 1]): 
PretrainedInit: load from https://download.openmmlab.com/mmpose/v1/projects/rtmposev1/cspnext-m_udp-aic-coco_210e-256x192-f2f7d6f6_20230130.pth 

backbone.stage4.2.main_conv.bn.weight - torch.Size([384]): 
PretrainedInit: load from https://download.openmmlab.com/mmpose/v1/projects/rtmposev1/cspnext-m_udp-aic-coco_210e-256x192-f2f7d6f6_20230130.pth 

backbone.stage4.2.main_conv.bn.bias - torch.Size([384]): 
PretrainedInit: load from https://download.openmmlab.com/mmpose/v1/projects/rtmposev1/cspnext-m_udp-aic-coco_210e-256x192-f2f7d6f6_20230130.pth 

backbone.stage4.2.short_conv.conv.weight - torch.Size([384, 768, 1, 1]): 
PretrainedInit: load from https://download.openmmlab.com/mmpose/v1/projects/rtmposev1/cspnext-m_udp-aic-coco_210e-256x192-f2f7d6f6_20230130.pth 

backbone.stage4.2.short_conv.bn.weight - torch.Size([384]): 
PretrainedInit: load from https://download.openmmlab.com/mmpose/v1/projects/rtmposev1/cspnext-m_udp-aic-coco_210e-256x192-f2f7d6f6_20230130.pth 

backbone.stage4.2.short_conv.bn.bias - torch.Size([384]): 
PretrainedInit: load from https://download.openmmlab.com/mmpose/v1/projects/rtmposev1/cspnext-m_udp-aic-coco_210e-256x192-f2f7d6f6_20230130.pth 

backbone.stage4.2.final_conv.conv.weight - torch.Size([768, 768, 1, 1]): 
PretrainedInit: load from https://download.openmmlab.com/mmpose/v1/projects/rtmposev1/cspnext-m_udp-aic-coco_210e-256x192-f2f7d6f6_20230130.pth 

backbone.stage4.2.final_conv.bn.weight - torch.Size([768]): 
PretrainedInit: load from https://download.openmmlab.com/mmpose/v1/projects/rtmposev1/cspnext-m_udp-aic-coco_210e-256x192-f2f7d6f6_20230130.pth 

backbone.stage4.2.final_conv.bn.bias - torch.Size([768]): 
PretrainedInit: load from https://download.openmmlab.com/mmpose/v1/projects/rtmposev1/cspnext-m_udp-aic-coco_210e-256x192-f2f7d6f6_20230130.pth 

backbone.stage4.2.blocks.0.conv1.conv.weight - torch.Size([384, 384, 3, 3]): 
PretrainedInit: load from https://download.openmmlab.com/mmpose/v1/projects/rtmposev1/cspnext-m_udp-aic-coco_210e-256x192-f2f7d6f6_20230130.pth 

backbone.stage4.2.blocks.0.conv1.bn.weight - torch.Size([384]): 
PretrainedInit: load from https://download.openmmlab.com/mmpose/v1/projects/rtmposev1/cspnext-m_udp-aic-coco_210e-256x192-f2f7d6f6_20230130.pth 

backbone.stage4.2.blocks.0.conv1.bn.bias - torch.Size([384]): 
PretrainedInit: load from https://download.openmmlab.com/mmpose/v1/projects/rtmposev1/cspnext-m_udp-aic-coco_210e-256x192-f2f7d6f6_20230130.pth 

backbone.stage4.2.blocks.0.conv2.depthwise_conv.conv.weight - torch.Size([384, 1, 5, 5]): 
PretrainedInit: load from https://download.openmmlab.com/mmpose/v1/projects/rtmposev1/cspnext-m_udp-aic-coco_210e-256x192-f2f7d6f6_20230130.pth 

backbone.stage4.2.blocks.0.conv2.depthwise_conv.bn.weight - torch.Size([384]): 
PretrainedInit: load from https://download.openmmlab.com/mmpose/v1/projects/rtmposev1/cspnext-m_udp-aic-coco_210e-256x192-f2f7d6f6_20230130.pth 

backbone.stage4.2.blocks.0.conv2.depthwise_conv.bn.bias - torch.Size([384]): 
PretrainedInit: load from https://download.openmmlab.com/mmpose/v1/projects/rtmposev1/cspnext-m_udp-aic-coco_210e-256x192-f2f7d6f6_20230130.pth 

backbone.stage4.2.blocks.0.conv2.pointwise_conv.conv.weight - torch.Size([384, 384, 1, 1]): 
PretrainedInit: load from https://download.openmmlab.com/mmpose/v1/projects/rtmposev1/cspnext-m_udp-aic-coco_210e-256x192-f2f7d6f6_20230130.pth 

backbone.stage4.2.blocks.0.conv2.pointwise_conv.bn.weight - torch.Size([384]): 
PretrainedInit: load from https://download.openmmlab.com/mmpose/v1/projects/rtmposev1/cspnext-m_udp-aic-coco_210e-256x192-f2f7d6f6_20230130.pth 

backbone.stage4.2.blocks.0.conv2.pointwise_conv.bn.bias - torch.Size([384]): 
PretrainedInit: load from https://download.openmmlab.com/mmpose/v1/projects/rtmposev1/cspnext-m_udp-aic-coco_210e-256x192-f2f7d6f6_20230130.pth 

backbone.stage4.2.blocks.1.conv1.conv.weight - torch.Size([384, 384, 3, 3]): 
PretrainedInit: load from https://download.openmmlab.com/mmpose/v1/projects/rtmposev1/cspnext-m_udp-aic-coco_210e-256x192-f2f7d6f6_20230130.pth 

backbone.stage4.2.blocks.1.conv1.bn.weight - torch.Size([384]): 
PretrainedInit: load from https://download.openmmlab.com/mmpose/v1/projects/rtmposev1/cspnext-m_udp-aic-coco_210e-256x192-f2f7d6f6_20230130.pth 

backbone.stage4.2.blocks.1.conv1.bn.bias - torch.Size([384]): 
PretrainedInit: load from https://download.openmmlab.com/mmpose/v1/projects/rtmposev1/cspnext-m_udp-aic-coco_210e-256x192-f2f7d6f6_20230130.pth 

backbone.stage4.2.blocks.1.conv2.depthwise_conv.conv.weight - torch.Size([384, 1, 5, 5]): 
PretrainedInit: load from https://download.openmmlab.com/mmpose/v1/projects/rtmposev1/cspnext-m_udp-aic-coco_210e-256x192-f2f7d6f6_20230130.pth 

backbone.stage4.2.blocks.1.conv2.depthwise_conv.bn.weight - torch.Size([384]): 
PretrainedInit: load from https://download.openmmlab.com/mmpose/v1/projects/rtmposev1/cspnext-m_udp-aic-coco_210e-256x192-f2f7d6f6_20230130.pth 

backbone.stage4.2.blocks.1.conv2.depthwise_conv.bn.bias - torch.Size([384]): 
PretrainedInit: load from https://download.openmmlab.com/mmpose/v1/projects/rtmposev1/cspnext-m_udp-aic-coco_210e-256x192-f2f7d6f6_20230130.pth 

backbone.stage4.2.blocks.1.conv2.pointwise_conv.conv.weight - torch.Size([384, 384, 1, 1]): 
PretrainedInit: load from https://download.openmmlab.com/mmpose/v1/projects/rtmposev1/cspnext-m_udp-aic-coco_210e-256x192-f2f7d6f6_20230130.pth 

backbone.stage4.2.blocks.1.conv2.pointwise_conv.bn.weight - torch.Size([384]): 
PretrainedInit: load from https://download.openmmlab.com/mmpose/v1/projects/rtmposev1/cspnext-m_udp-aic-coco_210e-256x192-f2f7d6f6_20230130.pth 

backbone.stage4.2.blocks.1.conv2.pointwise_conv.bn.bias - torch.Size([384]): 
PretrainedInit: load from https://download.openmmlab.com/mmpose/v1/projects/rtmposev1/cspnext-m_udp-aic-coco_210e-256x192-f2f7d6f6_20230130.pth 

backbone.stage4.2.attention.fc.weight - torch.Size([768, 768, 1, 1]): 
PretrainedInit: load from https://download.openmmlab.com/mmpose/v1/projects/rtmposev1/cspnext-m_udp-aic-coco_210e-256x192-f2f7d6f6_20230130.pth 

backbone.stage4.2.attention.fc.bias - torch.Size([768]): 
PretrainedInit: load from https://download.openmmlab.com/mmpose/v1/projects/rtmposev1/cspnext-m_udp-aic-coco_210e-256x192-f2f7d6f6_20230130.pth 

head.final_layer.weight - torch.Size([22, 768, 7, 7]): 
NormalInit: mean=0, std=0.001, bias=0 

head.final_layer.bias - torch.Size([22]): 
NormalInit: mean=0, std=0.001, bias=0 

head.mlp.0.g - torch.Size([1]): 
The value is the same before and after calling `init_weights` of TopdownPoseEstimator  

head.mlp.1.weight - torch.Size([256, 128]): 
NormalInit: mean=0, std=0.01, bias=0 

head.gau.gamma - torch.Size([2, 128]): 
The value is the same before and after calling `init_weights` of TopdownPoseEstimator  

head.gau.beta - torch.Size([2, 128]): 
The value is the same before and after calling `init_weights` of TopdownPoseEstimator  

head.gau.o.weight - torch.Size([256, 512]): 
NormalInit: mean=0, std=0.01, bias=0 

head.gau.uv.weight - torch.Size([1152, 256]): 
NormalInit: mean=0, std=0.01, bias=0 

head.gau.ln.g - torch.Size([1]): 
The value is the same before and after calling `init_weights` of TopdownPoseEstimator  

head.gau.res_scale.scale - torch.Size([256]): 
The value is the same before and after calling `init_weights` of TopdownPoseEstimator  

head.cls_x.weight - torch.Size([512, 256]): 
NormalInit: mean=0, std=0.01, bias=0 

head.cls_y.weight - torch.Size([1024, 256]): 
NormalInit: mean=0, std=0.01, bias=0 
2026/09/16 15:36:40 - mmengine - WARNING - "FileClient" will be deprecated in future. Please use io functions in https://mmengine.readthedocs.io/en/latest/api/fileio.html#file-io
2026/09/16 15:36:40 - mmengine - WARNING - "HardDiskBackend" is the alias of "LocalBackend" and the former will be deprecated in future.
2026/09/16 15:36:40 - mmengine - INFO - Checkpoints will be saved to /home/PavYtr/Projects/cv/work_dirs/rtmpose-m_lumbar-coco.
2026/09/16 15:36:45 - mmengine - INFO - Exp name: rtmpose-m_lumbar-coco_1stage_20260916_153635
2026/09/16 15:36:45 - mmengine - INFO - Epoch(train)   [1][10/10]  base_lr: 9.022946e-06 lr: 9.022946e-06  eta: 0:36:53  time: 0.528209  data_time: 0.110597  memory: 3109  grad_norm: 0.269051  loss: 0.386174  loss_kpt: 0.386174  acc_pose: 0.008523
2026/09/16 15:36:47 - mmengine - INFO - Exp name: rtmpose-m_lumbar-coco_1stage_20260916_153635
2026/09/16 15:36:47 - mmengine - INFO - Epoch(train)   [2][10/10]  base_lr: 1.904289e-05 lr: 1.904289e-05  eta: 0:25:58  time: 0.372904  data_time: 0.105161  memory: 3109  grad_norm: 0.231219  loss: 0.385136  loss_kpt: 0.385136  acc_pose: 0.012830
2026/09/16 15:36:50 - mmengine - INFO - Exp name: rtmpose-m_lumbar-coco_1stage_20260916_153635
2026/09/16 15:36:50 - mmengine - INFO - Epoch(train)   [3][10/10]  base_lr: 2.906283e-05 lr: 2.906283e-05  eta: 0:22:25  time: 0.322689  data_time: 0.104065  memory: 3109  grad_norm: 0.205220  loss: 0.383405  loss_kpt: 0.383405  acc_pose: 0.028547
2026/09/16 15:36:52 - mmengine - INFO - Exp name: rtmpose-m_lumbar-coco_1stage_20260916_153635
2026/09/16 15:36:52 - mmengine - INFO - Epoch(train)   [4][10/10]  base_lr: 3.908277e-05 lr: 3.908277e-05  eta: 0:20:30  time: 0.295859  data_time: 0.102970  memory: 3109  grad_norm: 0.207273  loss: 0.379656  loss_kpt: 0.379656  acc_pose: 0.075376
2026/09/16 15:36:54 - mmengine - INFO - Exp name: rtmpose-m_lumbar-coco_1stage_20260916_153635
2026/09/16 15:36:54 - mmengine - INFO - Epoch(train)   [5][10/10]  base_lr: 4.910271e-05 lr: 4.910271e-05  eta: 0:19:19  time: 0.279455  data_time: 0.102167  memory: 3109  grad_norm: 0.232425  loss: 0.372915  loss_kpt: 0.372915  acc_pose: 0.136409
2026/09/16 15:36:56 - mmengine - INFO - Exp name: rtmpose-m_lumbar-coco_1stage_20260916_153635
2026/09/16 15:36:56 - mmengine - INFO - Epoch(train)   [6][10/10]  base_lr: 5.912265e-05 lr: 5.912265e-05  eta: 0:18:33  time: 0.217154  data_time: 0.100479  memory: 3109  grad_norm: 0.273876  loss: 0.359397  loss_kpt: 0.359397  acc_pose: 0.218750
2026/09/16 15:36:58 - mmengine - INFO - Exp name: rtmpose-m_lumbar-coco_1stage_20260916_153635
2026/09/16 15:36:58 - mmengine - INFO - Epoch(train)   [7][10/10]  base_lr: 6.914259e-05 lr: 6.914259e-05  eta: 0:18:01  time: 0.217411  data_time: 0.099095  memory: 3109  grad_norm: 0.367379  loss: 0.341681  loss_kpt: 0.341681  acc_pose: 0.278504
2026/09/16 15:37:01 - mmengine - INFO - Exp name: rtmpose-m_lumbar-coco_1stage_20260916_153635
2026/09/16 15:37:01 - mmengine - INFO - Epoch(train)   [8][10/10]  base_lr: 7.916253e-05 lr: 7.916253e-05  eta: 0:17:35  time: 0.216378  data_time: 0.099375  memory: 3109  grad_norm: 0.461434  loss: 0.320842  loss_kpt: 0.320842  acc_pose: 0.368723
2026/09/16 15:37:03 - mmengine - INFO - Exp name: rtmpose-m_lumbar-coco_1stage_20260916_153635
2026/09/16 15:37:03 - mmengine - INFO - Epoch(train)   [9][10/10]  base_lr: 8.918246e-05 lr: 8.918246e-05  eta: 0:17:13  time: 0.215974  data_time: 0.099190  memory: 3109  grad_norm: 0.543087  loss: 0.298553  loss_kpt: 0.298553  acc_pose: 0.426915
2026/09/16 15:37:05 - mmengine - INFO - Exp name: rtmpose-m_lumbar-coco_1stage_20260916_153635
2026/09/16 15:37:05 - mmengine - INFO - Epoch(train)  [10][10/10]  base_lr: 9.920240e-05 lr: 9.920240e-05  eta: 0:16:55  time: 0.215726  data_time: 0.099086  memory: 3109  grad_norm: 0.593090  loss: 0.277387  loss_kpt: 0.277387  acc_pose: 0.453372
2026/09/16 15:37:05 - mmengine - INFO - Saving checkpoint at 10 epochs
2026/09/16 15:37:06 - mmengine - INFO - Evaluating CocoMetric...
2026/09/16 15:37:06 - mmengine - INFO - Evaluating PCKAccuracy (normalized by ``"bbox_size"``)...
2026/09/16 15:37:06 - mmengine - INFO - Epoch(val) [10][3/3]    coco/AP: 0.614324  coco/AP .5: 1.000000  coco/AP .75: 0.633285  coco/AP (M): -1.000000  coco/AP (L): 0.614324  coco/AR: 0.642500  coco/AR .5: 1.000000  coco/AR .75: 0.700000  coco/AR (M): -1.000000  coco/AR (L): 0.642500  PCK: 0.781818  data_time: 0.141036  time: 0.226331
2026/09/16 15:37:06 - mmengine - INFO - The best checkpoint with 0.7818 PCK at 10 epoch is saved to best_PCK_epoch_10.pth.
2026/09/16 15:37:10 - mmengine - INFO - Exp name: rtmpose-m_lumbar-coco_1stage_20260916_153635
2026/09/16 15:37:10 - mmengine - INFO - Epoch(train)  [11][10/10]  base_lr: 1.092223e-04 lr: 1.092223e-04  eta: 0:16:41  time: 0.215746  data_time: 0.099385  memory: 3109  grad_norm: 0.619435  loss: 0.259345  loss_kpt: 0.259345  acc_pose: 0.423329
2026/09/16 15:37:12 - mmengine - INFO - Exp name: rtmpose-m_lumbar-coco_1stage_20260916_153635
2026/09/16 15:37:12 - mmengine - INFO - Epoch(train)  [12][10/10]  base_lr: 1.192423e-04 lr: 1.192423e-04  eta: 0:16:28  time: 0.214960  data_time: 0.101241  memory: 3109  grad_norm: 0.600512  loss: 0.243476  loss_kpt: 0.243476  acc_pose: 0.515258
2026/09/16 15:37:14 - mmengine - INFO - Exp name: rtmpose-m_lumbar-coco_1stage_20260916_153635
2026/09/16 15:37:14 - mmengine - INFO - Epoch(train)  [13][10/10]  base_lr: 1.292622e-04 lr: 1.292622e-04  eta: 0:16:17  time: 0.214546  data_time: 0.100922  memory: 3109  grad_norm: 0.591899  loss: 0.230827  loss_kpt: 0.230827  acc_pose: 0.483902
2026/09/16 15:37:16 - mmengine - INFO - Exp name: rtmpose-m_lumbar-coco_1stage_20260916_153635
2026/09/16 15:37:16 - mmengine - INFO - Epoch(train)  [14][10/10]  base_lr: 1.392822e-04 lr: 1.392822e-04  eta: 0:16:08  time: 0.215005  data_time: 0.101480  memory: 3109  grad_norm: 0.587431  loss: 0.220849  loss_kpt: 0.220849  acc_pose: 0.490136
2026/09/16 15:37:18 - mmengine - INFO - Exp name: rtmpose-m_lumbar-coco_1stage_20260916_153635
2026/09/16 15:37:18 - mmengine - INFO - Epoch(train)  [15][10/10]  base_lr: 1.493021e-04 lr: 1.493021e-04  eta: 0:15:58  time: 0.214947  data_time: 0.101716  memory: 3109  grad_norm: 0.594294  loss: 0.211748  loss_kpt: 0.211748  acc_pose: 0.660511
2026/09/16 15:37:20 - mmengine - INFO - Exp name: rtmpose-m_lumbar-coco_1stage_20260916_153635
2026/09/16 15:37:20 - mmengine - INFO - Epoch(train)  [16][10/10]  base_lr: 1.593220e-04 lr: 1.593220e-04  eta: 0:15:51  time: 0.215300  data_time: 0.102106  memory: 3109  grad_norm: 0.595165  loss: 0.204111  loss_kpt: 0.204111  acc_pose: 0.652438
2026/09/16 15:37:23 - mmengine - INFO - Exp name: rtmpose-m_lumbar-coco_1stage_20260916_153635
2026/09/16 15:37:23 - mmengine - INFO - Epoch(train)  [17][10/10]  base_lr: 1.693420e-04 lr: 1.693420e-04  eta: 0:15:45  time: 0.216178  data_time: 0.102633  memory: 3109  grad_norm: 0.606387  loss: 0.198669  loss_kpt: 0.198669  acc_pose: 0.660305
2026/09/16 15:37:26 - mmengine - INFO - Exp name: rtmpose-m_lumbar-coco_1stage_20260916_153635
2026/09/16 15:37:26 - mmengine - INFO - Epoch(train)  [18][10/10]  base_lr: 1.793619e-04 lr: 1.793619e-04  eta: 0:15:38  time: 0.216005  data_time: 0.102507  memory: 3109  grad_norm: 0.605513  loss: 0.192067  loss_kpt: 0.192067  acc_pose: 0.724432
2026/09/16 15:37:28 - mmengine - INFO - Exp name: rtmpose-m_lumbar-coco_1stage_20260916_153635
2026/09/16 15:37:28 - mmengine - INFO - Epoch(train)  [19][10/10]  base_lr: 1.893819e-04 lr: 1.893819e-04  eta: 0:15:33  time: 0.217167  data_time: 0.104180  memory: 3109  grad_norm: 0.609227  loss: 0.186079  loss_kpt: 0.186079  acc_pose: 0.788185
2026/09/16 15:37:30 - mmengine - INFO - Exp name: rtmpose-m_lumbar-coco_1stage_20260916_153635
2026/09/16 15:37:30 - mmengine - INFO - Epoch(train)  [20][10/10]  base_lr: 1.994018e-04 lr: 1.994018e-04  eta: 0:15:26  time: 0.216110  data_time: 0.103042  memory: 3109  grad_norm: 0.602689  loss: 0.181205  loss_kpt: 0.181205  acc_pose: 0.821817
2026/09/16 15:37:30 - mmengine - INFO - Saving checkpoint at 20 epochs
2026/09/16 15:37:31 - mmengine - INFO - Evaluating CocoMetric...
2026/09/16 15:37:31 - mmengine - INFO - Evaluating PCKAccuracy (normalized by ``"bbox_size"``)...
2026/09/16 15:37:31 - mmengine - INFO - Epoch(val) [20][3/3]    coco/AP: 0.896184  coco/AP .5: 1.000000  coco/AP .75: 1.000000  coco/AP (M): -1.000000  coco/AP (L): 0.896184  coco/AR: 0.912500  coco/AR .5: 1.000000  coco/AR .75: 1.000000  coco/AR (M): -1.000000  coco/AR (L): 0.912500  PCK: 0.963636  data_time: 0.077212  time: 0.096959
2026/09/16 15:37:31 - mmengine - INFO - The previous best checkpoint /home/PavYtr/Projects/cv/work_dirs/rtmpose-m_lumbar-coco/best_PCK_epoch_10.pth is removed
2026/09/16 15:37:31 - mmengine - INFO - The best checkpoint with 0.9636 PCK at 20 epoch is saved to best_PCK_epoch_20.pth.
2026/09/16 15:37:34 - mmengine - INFO - Exp name: rtmpose-m_lumbar-coco_1stage_20260916_153635
2026/09/16 15:37:34 - mmengine - INFO - Epoch(train)  [21][10/10]  base_lr: 2.094217e-04 lr: 2.094217e-04  eta: 0:15:20  time: 0.214592  data_time: 0.101417  memory: 3109  grad_norm: 0.593195  loss: 0.176718  loss_kpt: 0.176718  acc_pose: 0.827209
2026/09/16 15:37:36 - mmengine - INFO - Exp name: rtmpose-m_lumbar-coco_1stage_20260916_153635
2026/09/16 15:37:36 - mmengine - INFO - Epoch(train)  [22][10/10]  base_lr: 2.194417e-04 lr: 2.194417e-04  eta: 0:15:14  time: 0.213675  data_time: 0.101069  memory: 3109  grad_norm: 0.578635  loss: 0.171118  loss_kpt: 0.171118  acc_pose: 0.829955
2026/09/16 15:37:39 - mmengine - INFO - Exp name: rtmpose-m_lumbar-coco_1stage_20260916_153635
2026/09/16 15:37:39 - mmengine - INFO - Epoch(train)  [23][10/10]  base_lr: 2.294616e-04 lr: 2.294616e-04  eta: 0:15:09  time: 0.213482  data_time: 0.101141  memory: 3109  grad_norm: 0.569254  loss: 0.167029  loss_kpt: 0.167029  acc_pose: 0.898485
2026/09/16 15:37:41 - mmengine - INFO - Exp name: rtmpose-m_lumbar-coco_1stage_20260916_153635
2026/09/16 15:37:41 - mmengine - INFO - Epoch(train)  [24][10/10]  base_lr: 2.394816e-04 lr: 2.394816e-04  eta: 0:15:04  time: 0.211474  data_time: 0.099044  memory: 3109  grad_norm: 0.556086  loss: 0.162310  loss_kpt: 0.162310  acc_pose: 0.815831
2026/09/16 15:37:43 - mmengine - INFO - Exp name: rtmpose-m_lumbar-coco_1stage_20260916_153635
2026/09/16 15:37:43 - mmengine - INFO - Epoch(train)  [25][10/10]  base_lr: 2.495015e-04 lr: 2.495015e-04  eta: 0:14:58  time: 0.211297  data_time: 0.099011  memory: 3109  grad_norm: 0.548103  loss: 0.158512  loss_kpt: 0.158512  acc_pose: 0.921875
2026/09/16 15:37:45 - mmengine - INFO - Exp name: rtmpose-m_lumbar-coco_1stage_20260916_153635
2026/09/16 15:37:45 - mmengine - INFO - Epoch(train)  [26][10/10]  base_lr: 2.595214e-04 lr: 2.595214e-04  eta: 0:14:54  time: 0.211947  data_time: 0.099786  memory: 3109  grad_norm: 0.539537  loss: 0.154517  loss_kpt: 0.154517  acc_pose: 0.929802
2026/09/16 15:37:47 - mmengine - INFO - Exp name: rtmpose-m_lumbar-coco_1stage_20260916_153635
2026/09/16 15:37:47 - mmengine - INFO - Epoch(train)  [27][10/10]  base_lr: 2.695414e-04 lr: 2.695414e-04  eta: 0:14:50  time: 0.211629  data_time: 0.099422  memory: 3109  grad_norm: 0.533336  loss: 0.151059  loss_kpt: 0.151059  acc_pose: 0.891841
2026/09/16 15:37:49 - mmengine - INFO - Exp name: rtmpose-m_lumbar-coco_1stage_20260916_153635
2026/09/16 15:37:49 - mmengine - INFO - Epoch(train)  [28][10/10]  base_lr: 2.795613e-04 lr: 2.795613e-04  eta: 0:14:46  time: 0.212021  data_time: 0.099833  memory: 3109  grad_norm: 0.529790  loss: 0.147576  loss_kpt: 0.147576  acc_pose: 0.940817
2026/09/16 15:37:51 - mmengine - INFO - Exp name: rtmpose-m_lumbar-coco_1stage_20260916_153635
2026/09/16 15:37:51 - mmengine - INFO - Epoch(train)  [29][10/10]  base_lr: 2.895813e-04 lr: 2.895813e-04  eta: 0:14:42  time: 0.212954  data_time: 0.100569  memory: 3109  grad_norm: 0.517938  loss: 0.144378  loss_kpt: 0.144378  acc_pose: 0.920082
2026/09/16 15:37:53 - mmengine - INFO - Exp name: rtmpose-m_lumbar-coco_1stage_20260916_153635
2026/09/16 15:37:53 - mmengine - INFO - Epoch(train)  [30][10/10]  base_lr: 2.996012e-04 lr: 2.996012e-04  eta: 0:14:38  time: 0.214117  data_time: 0.101518  memory: 3109  grad_norm: 0.507023  loss: 0.141514  loss_kpt: 0.141514  acc_pose: 0.921188
2026/09/16 15:37:53 - mmengine - INFO - Saving checkpoint at 30 epochs
2026/09/16 15:37:54 - mmengine - INFO - Evaluating CocoMetric...
2026/09/16 15:37:54 - mmengine - INFO - Evaluating PCKAccuracy (normalized by ``"bbox_size"``)...
2026/09/16 15:37:54 - mmengine - INFO - Epoch(val) [30][3/3]    coco/AP: 0.972716  coco/AP .5: 1.000000  coco/AP .75: 1.000000  coco/AP (M): -1.000000  coco/AP (L): 0.972716  coco/AR: 0.977500  coco/AR .5: 1.000000  coco/AR .75: 1.000000  coco/AR (M): -1.000000  coco/AR (L): 0.977500  PCK: 0.995455  data_time: 0.076998  time: 0.093495
2026/09/16 15:37:54 - mmengine - INFO - The previous best checkpoint /home/PavYtr/Projects/cv/work_dirs/rtmpose-m_lumbar-coco/best_PCK_epoch_20.pth is removed
2026/09/16 15:37:55 - mmengine - INFO - The best checkpoint with 0.9955 PCK at 30 epoch is saved to best_PCK_epoch_30.pth.
2026/09/16 15:37:58 - mmengine - INFO - Exp name: rtmpose-m_lumbar-coco_1stage_20260916_153635
2026/09/16 15:37:58 - mmengine - INFO - Epoch(train)  [31][10/10]  base_lr: 3.096211e-04 lr: 3.096211e-04  eta: 0:14:35  time: 0.214439  data_time: 0.101621  memory: 3109  grad_norm: 0.498755  loss: 0.138217  loss_kpt: 0.138217  acc_pose: 0.949597
2026/09/16 15:38:00 - mmengine - INFO - Exp name: rtmpose-m_lumbar-coco_1stage_20260916_153635
2026/09/16 15:38:00 - mmengine - INFO - Epoch(train)  [32][10/10]  base_lr: 3.196411e-04 lr: 3.196411e-04  eta: 0:14:31  time: 0.214988  data_time: 0.101274  memory: 3109  grad_norm: 0.488643  loss: 0.135611  loss_kpt: 0.135611  acc_pose: 0.968613
2026/09/16 15:38:02 - mmengine - INFO - Exp name: rtmpose-m_lumbar-coco_1stage_20260916_153635
2026/09/16 15:38:02 - mmengine - INFO - Epoch(train)  [33][10/10]  base_lr: 3.296610e-04 lr: 3.296610e-04  eta: 0:14:28  time: 0.215463  data_time: 0.101503  memory: 3109  grad_norm: 0.476069  loss: 0.133094  loss_kpt: 0.133094  acc_pose: 0.975284
2026/09/16 15:38:04 - mmengine - INFO - Exp name: rtmpose-m_lumbar-coco_1stage_20260916_153635
2026/09/16 15:38:04 - mmengine - INFO - Epoch(train)  [34][10/10]  base_lr: 3.396810e-04 lr: 3.396810e-04  eta: 0:14:26  time: 0.216450  data_time: 0.102649  memory: 3109  grad_norm: 0.464651  loss: 0.130804  loss_kpt: 0.130804  acc_pose: 0.946802
2026/09/16 15:38:06 - mmengine - INFO - Exp name: rtmpose-m_lumbar-coco_1stage_20260916_153635
2026/09/16 15:38:06 - mmengine - INFO - Epoch(train)  [35][10/10]  base_lr: 3.497009e-04 lr: 3.497009e-04  eta: 0:14:23  time: 0.217756  data_time: 0.104246  memory: 3109  grad_norm: 0.458418  loss: 0.127703  loss_kpt: 0.127703  acc_pose: 0.971591
2026/09/16 15:38:09 - mmengine - INFO - Exp name: rtmpose-m_lumbar-coco_1stage_20260916_153635
2026/09/16 15:38:09 - mmengine - INFO - Epoch(train)  [36][10/10]  base_lr: 3.597208e-04 lr: 3.597208e-04  eta: 0:14:20  time: 0.218084  data_time: 0.104886  memory: 3109  grad_norm: 0.450831  loss: 0.125676  loss_kpt: 0.125676  acc_pose: 0.972828
2026/09/16 15:38:11 - mmengine - INFO - Exp name: rtmpose-m_lumbar-coco_1stage_20260916_153635
2026/09/16 15:38:11 - mmengine - INFO - Epoch(train)  [37][10/10]  base_lr: 3.697408e-04 lr: 3.697408e-04  eta: 0:14:17  time: 0.219012  data_time: 0.106637  memory: 3109  grad_norm: 0.446283  loss: 0.123739  loss_kpt: 0.123739  acc_pose: 0.964991
2026/09/16 15:38:13 - mmengine - INFO - Exp name: rtmpose-m_lumbar-coco_1stage_20260916_153635
2026/09/16 15:38:13 - mmengine - INFO - Epoch(train)  [38][10/10]  base_lr: 3.797607e-04 lr: 3.797607e-04  eta: 0:14:14  time: 0.218324  data_time: 0.106059  memory: 3109  grad_norm: 0.438685  loss: 0.121591  loss_kpt: 0.121591  acc_pose: 0.980114
2026/09/16 15:38:15 - mmengine - INFO - Exp name: rtmpose-m_lumbar-coco_1stage_20260916_153635
2026/09/16 15:38:15 - mmengine - INFO - Epoch(train)  [39][10/10]  base_lr: 3.897807e-04 lr: 3.897807e-04  eta: 0:14:11  time: 0.218094  data_time: 0.105745  memory: 3109  grad_norm: 0.435498  loss: 0.120220  loss_kpt: 0.120220  acc_pose: 0.945418
2026/09/16 15:38:17 - mmengine - INFO - Exp name: rtmpose-m_lumbar-coco_1stage_20260916_153635
2026/09/16 15:38:17 - mmengine - INFO - Epoch(train)  [40][10/10]  base_lr: 3.998006e-04 lr: 3.998006e-04  eta: 0:14:08  time: 0.217531  data_time: 0.105065  memory: 3109  grad_norm: 0.434042  loss: 0.119702  loss_kpt: 0.119702  acc_pose: 0.981442
2026/09/16 15:38:17 - mmengine - INFO - Saving checkpoint at 40 epochs
2026/09/16 15:38:18 - mmengine - INFO - Evaluating CocoMetric...
2026/09/16 15:38:18 - mmengine - INFO - Evaluating PCKAccuracy (normalized by ``"bbox_size"``)...
2026/09/16 15:38:18 - mmengine - INFO - Epoch(val) [40][3/3]    coco/AP: 0.982000  coco/AP .5: 1.000000  coco/AP .75: 1.000000  coco/AP (M): -1.000000  coco/AP (L): 0.982000  coco/AR: 0.985000  coco/AR .5: 1.000000  coco/AR .75: 1.000000  coco/AR (M): -1.000000  coco/AR (L): 0.985000  PCK: 0.994318  data_time: 0.077097  time: 0.093176
2026/09/16 15:38:20 - mmengine - INFO - Exp name: rtmpose-m_lumbar-coco_1stage_20260916_153635
2026/09/16 15:38:20 - mmengine - INFO - Epoch(train)  [41][10/10]  base_lr: 4.098205e-04 lr: 4.098205e-04  eta: 0:14:05  time: 0.216676  data_time: 0.104363  memory: 3109  grad_norm: 0.422673  loss: 0.118284  loss_kpt: 0.118284  acc_pose: 0.964634
2026/09/16 15:38:22 - mmengine - INFO - Exp name: rtmpose-m_lumbar-coco_1stage_20260916_153635
2026/09/16 15:38:22 - mmengine - INFO - Epoch(train)  [42][10/10]  base_lr: 4.198405e-04 lr: 4.198405e-04  eta: 0:14:02  time: 0.214722  data_time: 0.102576  memory: 3109  grad_norm: 0.409699  loss: 0.116644  loss_kpt: 0.116644  acc_pose: 0.980022
2026/09/16 15:38:25 - mmengine - INFO - Exp name: rtmpose-m_lumbar-coco_1stage_20260916_153635
2026/09/16 15:38:25 - mmengine - INFO - Epoch(train)  [43][10/10]  base_lr: 4.298604e-04 lr: 4.298604e-04  eta: 0:13:59  time: 0.215059  data_time: 0.103024  memory: 3109  grad_norm: 0.415526  loss: 0.116252  loss_kpt: 0.116252  acc_pose: 0.982680
2026/09/16 15:38:27 - mmengine - INFO - Exp name: rtmpose-m_lumbar-coco_1stage_20260916_153635
2026/09/16 15:38:27 - mmengine - INFO - Epoch(train)  [44][10/10]  base_lr: 4.398804e-04 lr: 4.398804e-04  eta: 0:13:56  time: 0.213782  data_time: 0.101715  memory: 3109  grad_norm: 0.408706  loss: 0.114520  loss_kpt: 0.114520  acc_pose: 0.979297
2026/09/16 15:38:29 - mmengine - INFO - Exp name: rtmpose-m_lumbar-coco_1stage_20260916_153635
2026/09/16 15:38:29 - mmengine - INFO - Epoch(train)  [45][10/10]  base_lr: 4.499003e-04 lr: 4.499003e-04  eta: 0:13:53  time: 0.212913  data_time: 0.101032  memory: 3109  grad_norm: 0.392276  loss: 0.112694  loss_kpt: 0.112694  acc_pose: 0.971362
2026/09/16 15:38:31 - mmengine - INFO - Exp name: rtmpose-m_lumbar-coco_1stage_20260916_153635
2026/09/16 15:38:31 - mmengine - INFO - Epoch(train)  [46][10/10]  base_lr: 4.599202e-04 lr: 4.599202e-04  eta: 0:13:50  time: 0.212902  data_time: 0.100989  memory: 3109  grad_norm: 0.391840  loss: 0.111375  loss_kpt: 0.111375  acc_pose: 0.997113
2026/09/16 15:38:33 - mmengine - INFO - Exp name: rtmpose-m_lumbar-coco_1stage_20260916_153635
2026/09/16 15:38:33 - mmengine - INFO - Epoch(train)  [47][10/10]  base_lr: 4.699402e-04 lr: 4.699402e-04  eta: 0:13:47  time: 0.214214  data_time: 0.101839  memory: 3109  grad_norm: 0.393005  loss: 0.109985  loss_kpt: 0.109985  acc_pose: 0.982725
2026/09/16 15:38:35 - mmengine - INFO - Exp name: rtmpose-m_lumbar-coco_1stage_20260916_153635
2026/09/16 15:38:35 - mmengine - INFO - Epoch(train)  [48][10/10]  base_lr: 4.799601e-04 lr: 4.799601e-04  eta: 0:13:45  time: 0.214231  data_time: 0.101472  memory: 3109  grad_norm: 0.376255  loss: 0.107596  loss_kpt: 0.107596  acc_pose: 0.963763
2026/09/16 15:38:38 - mmengine - INFO - Exp name: rtmpose-m_lumbar-coco_1stage_20260916_153635
2026/09/16 15:38:38 - mmengine - INFO - Epoch(train)  [49][10/10]  base_lr: 4.899801e-04 lr: 4.899801e-04  eta: 0:13:42  time: 0.214358  data_time: 0.101432  memory: 3109  grad_norm: 0.365121  loss: 0.105549  loss_kpt: 0.105549  acc_pose: 0.985371
2026/09/16 15:38:40 - mmengine - INFO - Exp name: rtmpose-m_lumbar-coco_1stage_20260916_153635
2026/09/16 15:38:40 - mmengine - INFO - Epoch(train)  [50][10/10]  base_lr: 5.000000e-04 lr: 5.000000e-04  eta: 0:13:39  time: 0.214636  data_time: 0.101405  memory: 3109  grad_norm: 0.363806  loss: 0.104041  loss_kpt: 0.104041  acc_pose: 0.982817
2026/09/16 15:38:40 - mmengine - INFO - Saving checkpoint at 50 epochs
2026/09/16 15:38:40 - mmengine - INFO - Evaluating CocoMetric...
2026/09/16 15:38:40 - mmengine - INFO - Evaluating PCKAccuracy (normalized by ``"bbox_size"``)...
2026/09/16 15:38:41 - mmengine - INFO - Epoch(val) [50][3/3]    coco/AP: 0.991089  coco/AP .5: 1.000000  coco/AP .75: 1.000000  coco/AP (M): -1.000000  coco/AP (L): 0.991089  coco/AR: 0.992500  coco/AR .5: 1.000000  coco/AR .75: 1.000000  coco/AR (M): -1.000000  coco/AR (L): 0.992500  PCK: 0.996591  data_time: 0.077813  time: 0.094016
2026/09/16 15:38:41 - mmengine - INFO - The previous best checkpoint /home/PavYtr/Projects/cv/work_dirs/rtmpose-m_lumbar-coco/best_PCK_epoch_30.pth is removed
2026/09/16 15:38:41 - mmengine - INFO - The best checkpoint with 0.9966 PCK at 50 epoch is saved to best_PCK_epoch_50.pth.
2026/09/16 15:38:44 - mmengine - INFO - Exp name: rtmpose-m_lumbar-coco_1stage_20260916_153635
2026/09/16 15:38:44 - mmengine - INFO - Epoch(train)  [51][10/10]  base_lr: 5.000000e-04 lr: 5.000000e-04  eta: 0:13:36  time: 0.215183  data_time: 0.101613  memory: 3109  grad_norm: 0.361803  loss: 0.102947  loss_kpt: 0.102947  acc_pose: 0.990057
2026/09/16 15:38:46 - mmengine - INFO - Exp name: rtmpose-m_lumbar-coco_1stage_20260916_153635
2026/09/16 15:38:46 - mmengine - INFO - Epoch(train)  [52][10/10]  base_lr: 5.000000e-04 lr: 5.000000e-04  eta: 0:13:34  time: 0.215118  data_time: 0.101564  memory: 3109  grad_norm: 0.351792  loss: 0.102211  loss_kpt: 0.102211  acc_pose: 0.998580
2026/09/16 15:38:48 - mmengine - INFO - Exp name: rtmpose-m_lumbar-coco_1stage_20260916_153635
2026/09/16 15:38:48 - mmengine - INFO - Epoch(train)  [53][10/10]  base_lr: 5.000000e-04 lr: 5.000000e-04  eta: 0:13:31  time: 0.214114  data_time: 0.100586  memory: 3109  grad_norm: 0.352617  loss: 0.101114  loss_kpt: 0.101114  acc_pose: 0.988636
2026/09/16 15:38:50 - mmengine - INFO - Exp name: rtmpose-m_lumbar-coco_1stage_20260916_153635
2026/09/16 15:38:50 - mmengine - INFO - Epoch(train)  [54][10/10]  base_lr: 5.000000e-04 lr: 5.000000e-04  eta: 0:13:28  time: 0.213292  data_time: 0.099644  memory: 3109  grad_norm: 0.351942  loss: 0.100253  loss_kpt: 0.100253  acc_pose: 0.981253
2026/09/16 15:38:52 - mmengine - INFO - Exp name: rtmpose-m_lumbar-coco_1stage_20260916_153635
2026/09/16 15:38:52 - mmengine - INFO - Epoch(train)  [55][10/10]  base_lr: 5.000000e-04 lr: 5.000000e-04  eta: 0:13:25  time: 0.213185  data_time: 0.099407  memory: 3109  grad_norm: 0.345027  loss: 0.098551  loss_kpt: 0.098551  acc_pose: 0.985658
2026/09/16 15:38:55 - mmengine - INFO - Exp name: rtmpose-m_lumbar-coco_1stage_20260916_153635
2026/09/16 15:38:55 - mmengine - INFO - Epoch(train)  [56][10/10]  base_lr: 5.000000e-04 lr: 5.000000e-04  eta: 0:13:22  time: 0.212524  data_time: 0.098678  memory: 3109  grad_norm: 0.333579  loss: 0.096737  loss_kpt: 0.096737  acc_pose: 0.997113
2026/09/16 15:38:57 - mmengine - INFO - Exp name: rtmpose-m_lumbar-coco_1stage_20260916_153635
2026/09/16 15:38:57 - mmengine - INFO - Epoch(train)  [57][10/10]  base_lr: 5.000000e-04 lr: 5.000000e-04  eta: 0:13:19  time: 0.211100  data_time: 0.097269  memory: 3109  grad_norm: 0.328915  loss: 0.094625  loss_kpt: 0.094625  acc_pose: 0.990057
2026/09/16 15:38:59 - mmengine - INFO - Exp name: rtmpose-m_lumbar-coco_1stage_20260916_153635
2026/09/16 15:38:59 - mmengine - INFO - Epoch(train)  [58][10/10]  base_lr: 5.000000e-04 lr: 5.000000e-04  eta: 0:13:17  time: 0.212207  data_time: 0.096310  memory: 3109  grad_norm: 0.321296  loss: 0.092683  loss_kpt: 0.092683  acc_pose: 0.994132
2026/09/16 15:39:01 - mmengine - INFO - Exp name: rtmpose-m_lumbar-coco_1stage_20260916_153635
2026/09/16 15:39:01 - mmengine - INFO - Epoch(train)  [59][10/10]  base_lr: 5.000000e-04 lr: 5.000000e-04  eta: 0:13:15  time: 0.213818  data_time: 0.098091  memory: 3109  grad_norm: 0.318231  loss: 0.091040  loss_kpt: 0.091040  acc_pose: 0.997064
2026/09/16 15:39:03 - mmengine - INFO - Exp name: rtmpose-m_lumbar-coco_1stage_20260916_153635
2026/09/16 15:39:03 - mmengine - INFO - Epoch(train)  [60][10/10]  base_lr: 5.000000e-04 lr: 5.000000e-04  eta: 0:13:12  time: 0.214625  data_time: 0.099053  memory: 3109  grad_norm: 0.314831  loss: 0.089595  loss_kpt: 0.089595  acc_pose: 0.997159
2026/09/16 15:39:03 - mmengine - INFO - Saving checkpoint at 60 epochs
2026/09/16 15:39:04 - mmengine - INFO - Evaluating CocoMetric...
2026/09/16 15:39:04 - mmengine - INFO - Evaluating PCKAccuracy (normalized by ``"bbox_size"``)...
2026/09/16 15:39:04 - mmengine - INFO - Epoch(val) [60][3/3]    coco/AP: 0.991015  coco/AP .5: 1.000000  coco/AP .75: 1.000000  coco/AP (M): -1.000000  coco/AP (L): 0.991015  coco/AR: 0.992500  coco/AR .5: 1.000000  coco/AR .75: 1.000000  coco/AR (M): -1.000000  coco/AR (L): 0.992500  PCK: 0.997727  data_time: 0.083050  time: 0.098962
2026/09/16 15:39:04 - mmengine - INFO - The previous best checkpoint /home/PavYtr/Projects/cv/work_dirs/rtmpose-m_lumbar-coco/best_PCK_epoch_50.pth is removed
2026/09/16 15:39:04 - mmengine - INFO - The best checkpoint with 0.9977 PCK at 60 epoch is saved to best_PCK_epoch_60.pth.
2026/09/16 15:39:08 - mmengine - INFO - Exp name: rtmpose-m_lumbar-coco_1stage_20260916_153635
2026/09/16 15:39:08 - mmengine - INFO - Epoch(train)  [61][10/10]  base_lr: 5.000000e-04 lr: 5.000000e-04  eta: 0:13:10  time: 0.214702  data_time: 0.099413  memory: 3109  grad_norm: 0.314436  loss: 0.088185  loss_kpt: 0.088185  acc_pose: 0.997012
2026/09/16 15:39:10 - mmengine - INFO - Exp name: rtmpose-m_lumbar-coco_1stage_20260916_153635
2026/09/16 15:39:10 - mmengine - INFO - Epoch(train)  [62][10/10]  base_lr: 5.000000e-04 lr: 5.000000e-04  eta: 0:13:07  time: 0.215445  data_time: 0.100469  memory: 3109  grad_norm: 0.312906  loss: 0.087289  loss_kpt: 0.087289  acc_pose: 0.995647
2026/09/16 15:39:12 - mmengine - INFO - Exp name: rtmpose-m_lumbar-coco_1stage_20260916_153635
2026/09/16 15:39:12 - mmengine - INFO - Epoch(train)  [63][10/10]  base_lr: 5.000000e-04 lr: 5.000000e-04  eta: 0:13:04  time: 0.215004  data_time: 0.102258  memory: 3109  grad_norm: 0.314419  loss: 0.086023  loss_kpt: 0.086023  acc_pose: 0.998580
2026/09/16 15:39:14 - mmengine - INFO - Exp name: rtmpose-m_lumbar-coco_1stage_20260916_153635
2026/09/16 15:39:14 - mmengine - INFO - Epoch(train)  [64][10/10]  base_lr: 5.000000e-04 lr: 5.000000e-04  eta: 0:13:02  time: 0.213308  data_time: 0.100601  memory: 3109  grad_norm: 0.316855  loss: 0.085026  loss_kpt: 0.085026  acc_pose: 0.997159
2026/09/16 15:39:16 - mmengine - INFO - Exp name: rtmpose-m_lumbar-coco_1stage_20260916_153635
2026/09/16 15:39:16 - mmengine - INFO - Epoch(train)  [65][10/10]  base_lr: 5.000000e-04 lr: 5.000000e-04  eta: 0:12:59  time: 0.211952  data_time: 0.099350  memory: 3109  grad_norm: 0.316733  loss: 0.084555  loss_kpt: 0.084555  acc_pose: 0.998580
2026/09/16 15:39:18 - mmengine - INFO - Exp name: rtmpose-m_lumbar-coco_1stage_20260916_153635
2026/09/16 15:39:18 - mmengine - INFO - Epoch(train)  [66][10/10]  base_lr: 5.000000e-04 lr: 5.000000e-04  eta: 0:12:56  time: 0.212179  data_time: 0.099726  memory: 3109  grad_norm: 0.314702  loss: 0.083901  loss_kpt: 0.083901  acc_pose: 0.997113
2026/09/16 15:39:20 - mmengine - INFO - Exp name: rtmpose-m_lumbar-coco_1stage_20260916_153635
2026/09/16 15:39:20 - mmengine - INFO - Epoch(train)  [67][10/10]  base_lr: 5.000000e-04 lr: 5.000000e-04  eta: 0:12:54  time: 0.212776  data_time: 0.100207  memory: 3109  grad_norm: 0.312034  loss: 0.082777  loss_kpt: 0.082777  acc_pose: 0.998580
2026/09/16 15:39:23 - mmengine - INFO - Exp name: rtmpose-m_lumbar-coco_1stage_20260916_153635
2026/09/16 15:39:23 - mmengine - INFO - Epoch(train)  [68][10/10]  base_lr: 5.000000e-04 lr: 5.000000e-04  eta: 0:12:52  time: 0.213824  data_time: 0.100688  memory: 3109  grad_norm: 0.309167  loss: 0.082473  loss_kpt: 0.082473  acc_pose: 0.987124
2026/09/16 15:39:25 - mmengine - INFO - Exp name: rtmpose-m_lumbar-coco_1stage_20260916_153635
2026/09/16 15:39:25 - mmengine - INFO - Epoch(train)  [69][10/10]  base_lr: 5.000000e-04 lr: 5.000000e-04  eta: 0:12:50  time: 0.215192  data_time: 0.102101  memory: 3109  grad_norm: 0.304815  loss: 0.082283  loss_kpt: 0.082283  acc_pose: 0.995739
2026/09/16 15:39:27 - mmengine - INFO - Exp name: rtmpose-m_lumbar-coco_1stage_20260916_153635
2026/09/16 15:39:27 - mmengine - INFO - Epoch(train)  [70][10/10]  base_lr: 5.000000e-04 lr: 5.000000e-04  eta: 0:12:47  time: 0.215520  data_time: 0.102453  memory: 3109  grad_norm: 0.304636  loss: 0.081301  loss_kpt: 0.081301  acc_pose: 0.989962
2026/09/16 15:39:27 - mmengine - INFO - Saving checkpoint at 70 epochs
2026/09/16 15:39:28 - mmengine - INFO - Evaluating CocoMetric...
2026/09/16 15:39:28 - mmengine - INFO - Evaluating PCKAccuracy (normalized by ``"bbox_size"``)...
2026/09/16 15:39:28 - mmengine - INFO - Epoch(val) [70][3/3]    coco/AP: 0.984673  coco/AP .5: 1.000000  coco/AP .75: 1.000000  coco/AP (M): -1.000000  coco/AP (L): 0.984673  coco/AR: 0.987500  coco/AR .5: 1.000000  coco/AR .75: 1.000000  coco/AR (M): -1.000000  coco/AR (L): 0.987500  PCK: 0.995455  data_time: 0.078822  time: 0.095144
2026/09/16 15:39:30 - mmengine - INFO - Exp name: rtmpose-m_lumbar-coco_1stage_20260916_153635
2026/09/16 15:39:30 - mmengine - INFO - Epoch(train)  [71][10/10]  base_lr: 5.000000e-04 lr: 5.000000e-04  eta: 0:12:45  time: 0.215942  data_time: 0.102661  memory: 3109  grad_norm: 0.307459  loss: 0.080745  loss_kpt: 0.080745  acc_pose: 0.991285
2026/09/16 15:39:32 - mmengine - INFO - Exp name: rtmpose-m_lumbar-coco_1stage_20260916_153635
2026/09/16 15:39:32 - mmengine - INFO - Epoch(train)  [72][10/10]  base_lr: 5.000000e-04 lr: 5.000000e-04  eta: 0:12:42  time: 0.215474  data_time: 0.102110  memory: 3109  grad_norm: 0.315105  loss: 0.079904  loss_kpt: 0.079904  acc_pose: 0.991288
2026/09/16 15:39:34 - mmengine - INFO - Exp name: rtmpose-m_lumbar-coco_1stage_20260916_153635
2026/09/16 15:39:34 - mmengine - INFO - Epoch(train)  [73][10/10]  base_lr: 5.000000e-04 lr: 5.000000e-04  eta: 0:12:40  time: 0.215947  data_time: 0.103181  memory: 3109  grad_norm: 0.313812  loss: 0.079169  loss_kpt: 0.079169  acc_pose: 0.995592
2026/09/16 15:39:36 - mmengine - INFO - Exp name: rtmpose-m_lumbar-coco_1stage_20260916_153635
2026/09/16 15:39:36 - mmengine - INFO - Epoch(train)  [74][10/10]  base_lr: 5.000000e-04 lr: 5.000000e-04  eta: 0:12:38  time: 0.215416  data_time: 0.102649  memory: 3109  grad_norm: 0.314288  loss: 0.078133  loss_kpt: 0.078133  acc_pose: 1.000000
2026/09/16 15:39:38 - mmengine - INFO - Exp name: rtmpose-m_lumbar-coco_1stage_20260916_153635
2026/09/16 15:39:38 - mmengine - INFO - Epoch(train)  [75][10/10]  base_lr: 5.000000e-04 lr: 5.000000e-04  eta: 0:12:35  time: 0.216369  data_time: 0.103384  memory: 3109  grad_norm: 0.311193  loss: 0.077460  loss_kpt: 0.077460  acc_pose: 0.998580
2026/09/16 15:39:41 - mmengine - INFO - Exp name: rtmpose-m_lumbar-coco_1stage_20260916_153635
2026/09/16 15:39:41 - mmengine - INFO - Epoch(train)  [76][10/10]  base_lr: 5.000000e-04 lr: 5.000000e-04  eta: 0:12:33  time: 0.215908  data_time: 0.103095  memory: 3109  grad_norm: 0.312577  loss: 0.076670  loss_kpt: 0.076670  acc_pose: 1.000000
2026/09/16 15:39:43 - mmengine - INFO - Exp name: rtmpose-m_lumbar-coco_1stage_20260916_153635
2026/09/16 15:39:43 - mmengine - INFO - Epoch(train)  [77][10/10]  base_lr: 5.000000e-04 lr: 5.000000e-04  eta: 0:12:30  time: 0.215891  data_time: 0.103495  memory: 3109  grad_norm: 0.305229  loss: 0.075998  loss_kpt: 0.075998  acc_pose: 1.000000
2026/09/16 15:39:46 - mmengine - INFO - Exp name: rtmpose-m_lumbar-coco_1stage_20260916_153635
2026/09/16 15:39:46 - mmengine - INFO - Epoch(train)  [78][10/10]  base_lr: 5.000000e-04 lr: 5.000000e-04  eta: 0:12:28  time: 0.213788  data_time: 0.099105  memory: 3109  grad_norm: 0.302234  loss: 0.075475  loss_kpt: 0.075475  acc_pose: 0.998534
2026/09/16 15:39:48 - mmengine - INFO - Exp name: rtmpose-m_lumbar-coco_1stage_20260916_153635
2026/09/16 15:39:48 - mmengine - INFO - Epoch(train)  [79][10/10]  base_lr: 5.000000e-04 lr: 5.000000e-04  eta: 0:12:25  time: 0.212965  data_time: 0.098276  memory: 3109  grad_norm: 0.307794  loss: 0.075319  loss_kpt: 0.075319  acc_pose: 0.991477
2026/09/16 15:39:50 - mmengine - INFO - Exp name: rtmpose-m_lumbar-coco_1stage_20260916_153635
2026/09/16 15:39:50 - mmengine - INFO - Epoch(train)  [80][10/10]  base_lr: 5.000000e-04 lr: 5.000000e-04  eta: 0:12:23  time: 0.212783  data_time: 0.097787  memory: 3109  grad_norm: 0.313770  loss: 0.074999  loss_kpt: 0.074999  acc_pose: 1.000000
2026/09/16 15:39:50 - mmengine - INFO - Saving checkpoint at 80 epochs
2026/09/16 15:39:51 - mmengine - INFO - Evaluating CocoMetric...
2026/09/16 15:39:51 - mmengine - INFO - Evaluating PCKAccuracy (normalized by ``"bbox_size"``)...
2026/09/16 15:39:51 - mmengine - INFO - Epoch(val) [80][3/3]    coco/AP: 0.994059  coco/AP .5: 1.000000  coco/AP .75: 1.000000  coco/AP (M): -1.000000  coco/AP (L): 0.994059  coco/AR: 0.995000  coco/AR .5: 1.000000  coco/AR .75: 1.000000  coco/AR (M): -1.000000  coco/AR (L): 0.995000  PCK: 0.997727  data_time: 0.077084  time: 0.093639
2026/09/16 15:39:51 - mmengine - INFO - The previous best checkpoint /home/PavYtr/Projects/cv/work_dirs/rtmpose-m_lumbar-coco/best_PCK_epoch_60.pth is removed
2026/09/16 15:39:52 - mmengine - INFO - The best checkpoint with 0.9977 PCK at 80 epoch is saved to best_PCK_epoch_80.pth.
2026/09/16 15:39:55 - mmengine - INFO - Exp name: rtmpose-m_lumbar-coco_1stage_20260916_153635
2026/09/16 15:39:55 - mmengine - INFO - Epoch(train)  [81][10/10]  base_lr: 5.000000e-04 lr: 5.000000e-04  eta: 0:12:21  time: 0.213280  data_time: 0.097802  memory: 3109  grad_norm: 0.304538  loss: 0.074560  loss_kpt: 0.074560  acc_pose: 0.997159
2026/09/16 15:39:57 - mmengine - INFO - Exp name: rtmpose-m_lumbar-coco_1stage_20260916_153635
2026/09/16 15:39:57 - mmengine - INFO - Epoch(train)  [82][10/10]  base_lr: 5.000000e-04 lr: 5.000000e-04  eta: 0:12:18  time: 0.213629  data_time: 0.097484  memory: 3109  grad_norm: 0.303724  loss: 0.074512  loss_kpt: 0.074512  acc_pose: 0.997159
2026/09/16 15:39:59 - mmengine - INFO - Exp name: rtmpose-m_lumbar-coco_1stage_20260916_153635
2026/09/16 15:39:59 - mmengine - INFO - Epoch(train)  [83][10/10]  base_lr: 5.000000e-04 lr: 5.000000e-04  eta: 0:12:16  time: 0.214038  data_time: 0.100426  memory: 3109  grad_norm: 0.298350  loss: 0.073868  loss_kpt: 0.073868  acc_pose: 0.994171
2026/09/16 15:40:01 - mmengine - INFO - Exp name: rtmpose-m_lumbar-coco_1stage_20260916_153635
2026/09/16 15:40:01 - mmengine - INFO - Epoch(train)  [84][10/10]  base_lr: 5.000000e-04 lr: 5.000000e-04  eta: 0:12:14  time: 0.214464  data_time: 0.100928  memory: 3109  grad_norm: 0.289135  loss: 0.072590  loss_kpt: 0.072590  acc_pose: 0.998580
2026/09/16 15:40:03 - mmengine - INFO - Exp name: rtmpose-m_lumbar-coco_1stage_20260916_153635
2026/09/16 15:40:03 - mmengine - INFO - Epoch(train)  [85][10/10]  base_lr: 5.000000e-04 lr: 5.000000e-04  eta: 0:12:11  time: 0.214362  data_time: 0.101437  memory: 3109  grad_norm: 0.286589  loss: 0.071830  loss_kpt: 0.071830  acc_pose: 1.000000
2026/09/16 15:40:05 - mmengine - INFO - Exp name: rtmpose-m_lumbar-coco_1stage_20260916_153635
2026/09/16 15:40:05 - mmengine - INFO - Epoch(train)  [86][10/10]  base_lr: 5.000000e-04 lr: 5.000000e-04  eta: 0:12:09  time: 0.213578  data_time: 0.101211  memory: 3109  grad_norm: 0.288213  loss: 0.071282  loss_kpt: 0.071282  acc_pose: 0.992852
2026/09/16 15:40:08 - mmengine - INFO - Exp name: rtmpose-m_lumbar-coco_1stage_20260916_153635
2026/09/16 15:40:08 - mmengine - INFO - Epoch(train)  [87][10/10]  base_lr: 5.000000e-04 lr: 5.000000e-04  eta: 0:12:07  time: 0.216302  data_time: 0.104544  memory: 3109  grad_norm: 0.287287  loss: 0.070475  loss_kpt: 0.070475  acc_pose: 0.998485
2026/09/16 15:40:10 - mmengine - INFO - Exp name: rtmpose-m_lumbar-coco_1stage_20260916_153635
2026/09/16 15:40:10 - mmengine - INFO - Epoch(train)  [88][10/10]  base_lr: 5.000000e-04 lr: 5.000000e-04  eta: 0:12:05  time: 0.217976  data_time: 0.106087  memory: 3109  grad_norm: 0.289847  loss: 0.070022  loss_kpt: 0.070022  acc_pose: 0.995693
2026/09/16 15:40:12 - mmengine - INFO - Exp name: rtmpose-m_lumbar-coco_1stage_20260916_153635
2026/09/16 15:40:12 - mmengine - INFO - Epoch(train)  [89][10/10]  base_lr: 5.000000e-04 lr: 5.000000e-04  eta: 0:12:03  time: 0.219126  data_time: 0.107490  memory: 3109  grad_norm: 0.295140  loss: 0.070138  loss_kpt: 0.070138  acc_pose: 0.995739
2026/09/16 15:40:14 - mmengine - INFO - Exp name: rtmpose-m_lumbar-coco_1stage_20260916_153635
2026/09/16 15:40:14 - mmengine - INFO - Epoch(train)  [90][10/10]  base_lr: 5.000000e-04 lr: 5.000000e-04  eta: 0:12:00  time: 0.219391  data_time: 0.107857  memory: 3109  grad_norm: 0.285136  loss: 0.069472  loss_kpt: 0.069472  acc_pose: 1.000000
2026/09/16 15:40:14 - mmengine - INFO - Saving checkpoint at 90 epochs
2026/09/16 15:40:15 - mmengine - INFO - Evaluating CocoMetric...
2026/09/16 15:40:15 - mmengine - INFO - Evaluating PCKAccuracy (normalized by ``"bbox_size"``)...
2026/09/16 15:40:15 - mmengine - INFO - Epoch(val) [90][3/3]    coco/AP: 0.994059  coco/AP .5: 1.000000  coco/AP .75: 1.000000  coco/AP (M): -1.000000  coco/AP (L): 0.994059  coco/AR: 0.995000  coco/AR .5: 1.000000  coco/AR .75: 1.000000  coco/AR (M): -1.000000  coco/AR (L): 0.995000  PCK: 0.997727  data_time: 0.080007  time: 0.096137
2026/09/16 15:40:17 - mmengine - INFO - Exp name: rtmpose-m_lumbar-coco_1stage_20260916_153635
2026/09/16 15:40:17 - mmengine - INFO - Epoch(train)  [91][10/10]  base_lr: 5.000000e-04 lr: 5.000000e-04  eta: 0:11:58  time: 0.218445  data_time: 0.106495  memory: 3109  grad_norm: 0.281358  loss: 0.068851  loss_kpt: 0.068851  acc_pose: 1.000000
2026/09/16 15:40:19 - mmengine - INFO - Exp name: rtmpose-m_lumbar-coco_1stage_20260916_153635
2026/09/16 15:40:19 - mmengine - INFO - Epoch(train)  [92][10/10]  base_lr: 5.000000e-04 lr: 5.000000e-04  eta: 0:11:55  time: 0.214885  data_time: 0.102808  memory: 3109  grad_norm: 0.278459  loss: 0.068445  loss_kpt: 0.068445  acc_pose: 0.998580
2026/09/16 15:40:21 - mmengine - INFO - Exp name: rtmpose-m_lumbar-coco_1stage_20260916_153635
2026/09/16 15:40:21 - mmengine - INFO - Epoch(train)  [93][10/10]  base_lr: 5.000000e-04 lr: 5.000000e-04  eta: 0:11:53  time: 0.212187  data_time: 0.100043  memory: 3109  grad_norm: 0.277363  loss: 0.067550  loss_kpt: 0.067550  acc_pose: 1.000000
2026/09/16 15:40:23 - mmengine - INFO - Exp name: rtmpose-m_lumbar-coco_1stage_20260916_153635
2026/09/16 15:40:23 - mmengine - INFO - Epoch(train)  [94][10/10]  base_lr: 5.000000e-04 lr: 5.000000e-04  eta: 0:11:50  time: 0.210557  data_time: 0.098230  memory: 3109  grad_norm: 0.267894  loss: 0.066524  loss_kpt: 0.066524  acc_pose: 0.998580
2026/09/16 15:40:26 - mmengine - INFO - Exp name: rtmpose-m_lumbar-coco_1stage_20260916_153635
2026/09/16 15:40:26 - mmengine - INFO - Epoch(train)  [95][10/10]  base_lr: 5.000000e-04 lr: 5.000000e-04  eta: 0:11:48  time: 0.210167  data_time: 0.097857  memory: 3109  grad_norm: 0.272260  loss: 0.066055  loss_kpt: 0.066055  acc_pose: 0.995536
2026/09/16 15:40:28 - mmengine - INFO - Exp name: rtmpose-m_lumbar-coco_1stage_20260916_153635
2026/09/16 15:40:28 - mmengine - INFO - Epoch(train)  [96][10/10]  base_lr: 5.000000e-04 lr: 5.000000e-04  eta: 0:11:45  time: 0.209351  data_time: 0.097392  memory: 3109  grad_norm: 0.274770  loss: 0.065561  loss_kpt: 0.065561  acc_pose: 0.998534
2026/09/16 15:40:30 - mmengine - INFO - Exp name: rtmpose-m_lumbar-coco_1stage_20260916_153635
2026/09/16 15:40:30 - mmengine - INFO - Epoch(train)  [97][10/10]  base_lr: 5.000000e-04 lr: 5.000000e-04  eta: 0:11:43  time: 0.208836  data_time: 0.096937  memory: 3109  grad_norm: 0.277759  loss: 0.064917  loss_kpt: 0.064917  acc_pose: 1.000000
2026/09/16 15:40:33 - mmengine - INFO - Exp name: rtmpose-m_lumbar-coco_1stage_20260916_153635
2026/09/16 15:40:33 - mmengine - INFO - Epoch(train)  [98][10/10]  base_lr: 5.000000e-04 lr: 5.000000e-04  eta: 0:11:41  time: 0.209914  data_time: 0.098294  memory: 3109  grad_norm: 0.282804  loss: 0.065427  loss_kpt: 0.065427  acc_pose: 1.000000
2026/09/16 15:40:35 - mmengine - INFO - Exp name: rtmpose-m_lumbar-coco_1stage_20260916_153635
2026/09/16 15:40:35 - mmengine - INFO - Epoch(train)  [99][10/10]  base_lr: 5.000000e-04 lr: 5.000000e-04  eta: 0:11:38  time: 0.210956  data_time: 0.098884  memory: 3109  grad_norm: 0.287809  loss: 0.065220  loss_kpt: 0.065220  acc_pose: 1.000000
2026/09/16 15:40:37 - mmengine - INFO - Exp name: rtmpose-m_lumbar-coco_1stage_20260916_153635
2026/09/16 15:40:37 - mmengine - INFO - Epoch(train) [100][10/10]  base_lr: 5.000000e-04 lr: 5.000000e-04  eta: 0:11:36  time: 0.211595  data_time: 0.098861  memory: 3109  grad_norm: 0.289562  loss: 0.065027  loss_kpt: 0.065027  acc_pose: 0.998534
2026/09/16 15:40:37 - mmengine - INFO - Saving checkpoint at 100 epochs
2026/09/16 15:40:38 - mmengine - INFO - Evaluating CocoMetric...
2026/09/16 15:40:38 - mmengine - INFO - Evaluating PCKAccuracy (normalized by ``"bbox_size"``)...
2026/09/16 15:40:38 - mmengine - INFO - Epoch(val) [100][3/3]    coco/AP: 0.996906  coco/AP .5: 1.000000  coco/AP .75: 1.000000  coco/AP (M): -1.000000  coco/AP (L): 0.996906  coco/AR: 0.997500  coco/AR .5: 1.000000  coco/AR .75: 1.000000  coco/AR (M): -1.000000  coco/AR (L): 0.997500  PCK: 0.998864  data_time: 0.077279  time: 0.093783
2026/09/16 15:40:38 - mmengine - INFO - The previous best checkpoint /home/PavYtr/Projects/cv/work_dirs/rtmpose-m_lumbar-coco/best_PCK_epoch_80.pth is removed
2026/09/16 15:40:38 - mmengine - INFO - The best checkpoint with 0.9989 PCK at 100 epoch is saved to best_PCK_epoch_100.pth.
2026/09/16 15:40:41 - mmengine - INFO - Exp name: rtmpose-m_lumbar-coco_1stage_20260916_153635
2026/09/16 15:40:41 - mmengine - INFO - Epoch(train) [101][10/10]  base_lr: 5.000000e-04 lr: 5.000000e-04  eta: 0:11:34  time: 0.213365  data_time: 0.100196  memory: 3109  grad_norm: 0.286553  loss: 0.064882  loss_kpt: 0.064882  acc_pose: 1.000000
2026/09/16 15:40:43 - mmengine - INFO - Exp name: rtmpose-m_lumbar-coco_1stage_20260916_153635
2026/09/16 15:40:43 - mmengine - INFO - Epoch(train) [102][10/10]  base_lr: 5.000000e-04 lr: 5.000000e-04  eta: 0:11:31  time: 0.213640  data_time: 0.100474  memory: 3109  grad_norm: 0.286751  loss: 0.064565  loss_kpt: 0.064565  acc_pose: 0.998580
2026/09/16 15:40:45 - mmengine - INFO - Exp name: rtmpose-m_lumbar-coco_1stage_20260916_153635
2026/09/16 15:40:45 - mmengine - INFO - Epoch(train) [103][10/10]  base_lr: 5.000000e-04 lr: 5.000000e-04  eta: 0:11:29  time: 0.213747  data_time: 0.100264  memory: 3109  grad_norm: 0.278026  loss: 0.063609  loss_kpt: 0.063609  acc_pose: 0.998534
2026/09/16 15:40:48 - mmengine - INFO - Exp name: rtmpose-m_lumbar-coco_1stage_20260916_153635
2026/09/16 15:40:48 - mmengine - INFO - Epoch(train) [104][10/10]  base_lr: 5.000000e-04 lr: 5.000000e-04  eta: 0:11:27  time: 0.214027  data_time: 0.101044  memory: 3109  grad_norm: 0.271892  loss: 0.063286  loss_kpt: 0.063286  acc_pose: 0.992852
2026/09/16 15:40:50 - mmengine - INFO - Exp name: rtmpose-m_lumbar-coco_1stage_20260916_153635
2026/09/16 15:40:50 - mmengine - INFO - Epoch(train) [105][10/10]  base_lr: 5.000000e-04 lr: 5.000000e-04  eta: 0:11:25  time: 0.213127  data_time: 0.100271  memory: 3109  grad_norm: 0.264095  loss: 0.062476  loss_kpt: 0.062476  acc_pose: 0.998485
2026/09/16 15:40:52 - mmengine - INFO - Exp name: rtmpose-m_lumbar-coco_1stage_20260916_153635
2026/09/16 15:40:52 - mmengine - INFO - Epoch(train) [106][10/10]  base_lr: 5.000000e-04 lr: 5.000000e-04  eta: 0:11:22  time: 0.212693  data_time: 0.099844  memory: 3109  grad_norm: 0.263591  loss: 0.061893  loss_kpt: 0.061893  acc_pose: 0.997159
2026/09/16 15:40:54 - mmengine - INFO - Exp name: rtmpose-m_lumbar-coco_1stage_20260916_153635
2026/09/16 15:40:54 - mmengine - INFO - Epoch(train) [107][10/10]  base_lr: 5.000000e-04 lr: 5.000000e-04  eta: 0:11:20  time: 0.212858  data_time: 0.099453  memory: 3109  grad_norm: 0.263073  loss: 0.061538  loss_kpt: 0.061538  acc_pose: 0.997159
2026/09/16 15:40:56 - mmengine - INFO - Exp name: rtmpose-m_lumbar-coco_1stage_20260916_153635
2026/09/16 15:40:56 - mmengine - INFO - Epoch(train) [108][10/10]  base_lr: 5.000000e-04 lr: 5.000000e-04  eta: 0:11:18  time: 0.212260  data_time: 0.098115  memory: 3109  grad_norm: 0.263009  loss: 0.060769  loss_kpt: 0.060769  acc_pose: 0.998580
2026/09/16 15:40:58 - mmengine - INFO - Exp name: rtmpose-m_lumbar-coco_1stage_20260916_153635
2026/09/16 15:40:58 - mmengine - INFO - Epoch(train) [109][10/10]  base_lr: 5.000000e-04 lr: 5.000000e-04  eta: 0:11:15  time: 0.211710  data_time: 0.097775  memory: 3109  grad_norm: 0.264683  loss: 0.059953  loss_kpt: 0.059953  acc_pose: 0.998534
2026/09/16 15:41:00 - mmengine - INFO - Exp name: rtmpose-m_lumbar-coco_1stage_20260916_153635
2026/09/16 15:41:00 - mmengine - INFO - Epoch(train) [110][10/10]  base_lr: 5.000000e-04 lr: 5.000000e-04  eta: 0:11:13  time: 0.211081  data_time: 0.097613  memory: 3109  grad_norm: 0.267282  loss: 0.060061  loss_kpt: 0.060061  acc_pose: 0.998580
2026/09/16 15:41:00 - mmengine - INFO - Saving checkpoint at 110 epochs
2026/09/16 15:41:01 - mmengine - INFO - Evaluating CocoMetric...
2026/09/16 15:41:01 - mmengine - INFO - Evaluating PCKAccuracy (normalized by ``"bbox_size"``)...
2026/09/16 15:41:01 - mmengine - INFO - Epoch(val) [110][3/3]    coco/AP: 0.996906  coco/AP .5: 1.000000  coco/AP .75: 1.000000  coco/AP (M): -1.000000  coco/AP (L): 0.996906  coco/AR: 0.997500  coco/AR .5: 1.000000  coco/AR .75: 1.000000  coco/AR (M): -1.000000  coco/AR (L): 0.997500  PCK: 1.000000  data_time: 0.075837  time: 0.091699
2026/09/16 15:41:01 - mmengine - INFO - The previous best checkpoint /home/PavYtr/Projects/cv/work_dirs/rtmpose-m_lumbar-coco/best_PCK_epoch_100.pth is removed
2026/09/16 15:41:02 - mmengine - INFO - The best checkpoint with 1.0000 PCK at 110 epoch is saved to best_PCK_epoch_110.pth.
2026/09/16 15:41:05 - mmengine - INFO - Exp name: rtmpose-m_lumbar-coco_1stage_20260916_153635
2026/09/16 15:41:05 - mmengine - INFO - Epoch(train) [111][10/10]  base_lr: 5.000000e-04 lr: 5.000000e-04  eta: 0:11:11  time: 0.212223  data_time: 0.099089  memory: 3109  grad_norm: 0.268087  loss: 0.059603  loss_kpt: 0.059603  acc_pose: 0.992806
2026/09/16 15:41:07 - mmengine - INFO - Exp name: rtmpose-m_lumbar-coco_1stage_20260916_153635
2026/09/16 15:41:07 - mmengine - INFO - Epoch(train) [112][10/10]  base_lr: 5.000000e-04 lr: 5.000000e-04  eta: 0:11:09  time: 0.213664  data_time: 0.101182  memory: 3109  grad_norm: 0.259344  loss: 0.059068  loss_kpt: 0.059068  acc_pose: 1.000000
2026/09/16 15:41:09 - mmengine - INFO - Exp name: rtmpose-m_lumbar-coco_1stage_20260916_153635
2026/09/16 15:41:09 - mmengine - INFO - Epoch(train) [113][10/10]  base_lr: 5.000000e-04 lr: 5.000000e-04  eta: 0:11:06  time: 0.213421  data_time: 0.101822  memory: 3109  grad_norm: 0.255471  loss: 0.058421  loss_kpt: 0.058421  acc_pose: 0.997159
2026/09/16 15:41:11 - mmengine - INFO - Exp name: rtmpose-m_lumbar-coco_1stage_20260916_153635
2026/09/16 15:41:11 - mmengine - INFO - Epoch(train) [114][10/10]  base_lr: 5.000000e-04 lr: 5.000000e-04  eta: 0:11:04  time: 0.213042  data_time: 0.101303  memory: 3109  grad_norm: 0.254213  loss: 0.058091  loss_kpt: 0.058091  acc_pose: 1.000000
2026/09/16 15:41:13 - mmengine - INFO - Exp name: rtmpose-m_lumbar-coco_1stage_20260916_153635
2026/09/16 15:41:13 - mmengine - INFO - Epoch(train) [115][10/10]  base_lr: 5.000000e-04 lr: 5.000000e-04  eta: 0:11:02  time: 0.214734  data_time: 0.101465  memory: 3109  grad_norm: 0.254936  loss: 0.057593  loss_kpt: 0.057593  acc_pose: 0.998534
2026/09/16 15:41:15 - mmengine - INFO - Exp name: rtmpose-m_lumbar-coco_1stage_20260916_153635
2026/09/16 15:41:15 - mmengine - INFO - Epoch(train) [116][10/10]  base_lr: 5.000000e-04 lr: 5.000000e-04  eta: 0:10:59  time: 0.213511  data_time: 0.100337  memory: 3109  grad_norm: 0.253249  loss: 0.056804  loss_kpt: 0.056804  acc_pose: 0.997012
2026/09/16 15:41:17 - mmengine - INFO - Exp name: rtmpose-m_lumbar-coco_1stage_20260916_153635
2026/09/16 15:41:17 - mmengine - INFO - Epoch(train) [117][10/10]  base_lr: 5.000000e-04 lr: 5.000000e-04  eta: 0:10:57  time: 0.212205  data_time: 0.098950  memory: 3109  grad_norm: 0.259302  loss: 0.056564  loss_kpt: 0.056564  acc_pose: 0.998377
2026/09/16 15:41:20 - mmengine - INFO - Exp name: rtmpose-m_lumbar-coco_1stage_20260916_153635
2026/09/16 15:41:20 - mmengine - INFO - Epoch(train) [118][10/10]  base_lr: 5.000000e-04 lr: 5.000000e-04  eta: 0:10:55  time: 0.212816  data_time: 0.099715  memory: 3109  grad_norm: 0.259483  loss: 0.056276  loss_kpt: 0.056276  acc_pose: 0.998485
2026/09/16 15:41:22 - mmengine - INFO - Exp name: rtmpose-m_lumbar-coco_1stage_20260916_153635
2026/09/16 15:41:22 - mmengine - INFO - Epoch(train) [119][10/10]  base_lr: 5.000000e-04 lr: 5.000000e-04  eta: 0:10:52  time: 0.212858  data_time: 0.099865  memory: 3109  grad_norm: 0.257047  loss: 0.055963  loss_kpt: 0.055963  acc_pose: 0.998534
2026/09/16 15:41:24 - mmengine - INFO - Exp name: rtmpose-m_lumbar-coco_1stage_20260916_153635
2026/09/16 15:41:24 - mmengine - INFO - Epoch(train) [120][10/10]  base_lr: 5.000000e-04 lr: 5.000000e-04  eta: 0:10:50  time: 0.211818  data_time: 0.100246  memory: 3109  grad_norm: 0.254870  loss: 0.055295  loss_kpt: 0.055295  acc_pose: 0.998534
2026/09/16 15:41:24 - mmengine - INFO - Saving checkpoint at 120 epochs
2026/09/16 15:41:26 - mmengine - INFO - Evaluating CocoMetric...
2026/09/16 15:41:26 - mmengine - INFO - Evaluating PCKAccuracy (normalized by ``"bbox_size"``)...
2026/09/16 15:41:26 - mmengine - INFO - Epoch(val) [120][3/3]    coco/AP: 0.990864  coco/AP .5: 1.000000  coco/AP .75: 1.000000  coco/AP (M): -1.000000  coco/AP (L): 0.990864  coco/AR: 0.992500  coco/AR .5: 1.000000  coco/AR .75: 1.000000  coco/AR (M): -1.000000  coco/AR (L): 0.992500  PCK: 0.997727  data_time: 0.075810  time: 0.091832
2026/09/16 15:41:28 - mmengine - INFO - Exp name: rtmpose-m_lumbar-coco_1stage_20260916_153635
2026/09/16 15:41:28 - mmengine - INFO - Epoch(train) [121][10/10]  base_lr: 5.000000e-04 lr: 5.000000e-04  eta: 0:10:48  time: 0.212618  data_time: 0.101147  memory: 3109  grad_norm: 0.249862  loss: 0.054819  loss_kpt: 0.054819  acc_pose: 0.998534
2026/09/16 15:41:30 - mmengine - INFO - Exp name: rtmpose-m_lumbar-coco_1stage_20260916_153635
2026/09/16 15:41:30 - mmengine - INFO - Epoch(train) [122][10/10]  base_lr: 5.000000e-04 lr: 5.000000e-04  eta: 0:10:46  time: 0.213438  data_time: 0.102009  memory: 3109  grad_norm: 0.246614  loss: 0.054639  loss_kpt: 0.054639  acc_pose: 0.998534
2026/09/16 15:41:32 - mmengine - INFO - Exp name: rtmpose-m_lumbar-coco_1stage_20260916_153635
2026/09/16 15:41:32 - mmengine - INFO - Epoch(train) [123][10/10]  base_lr: 5.000000e-04 lr: 5.000000e-04  eta: 0:10:43  time: 0.212380  data_time: 0.100907  memory: 3109  grad_norm: 0.247149  loss: 0.054783  loss_kpt: 0.054783  acc_pose: 1.000000
2026/09/16 15:41:34 - mmengine - INFO - Exp name: rtmpose-m_lumbar-coco_1stage_20260916_153635
2026/09/16 15:41:34 - mmengine - INFO - Epoch(train) [124][10/10]  base_lr: 5.000000e-04 lr: 5.000000e-04  eta: 0:10:41  time: 0.213184  data_time: 0.101757  memory: 3109  grad_norm: 0.247892  loss: 0.054757  loss_kpt: 0.054757  acc_pose: 0.998580
2026/09/16 15:41:36 - mmengine - INFO - Exp name: rtmpose-m_lumbar-coco_1stage_20260916_153635
2026/09/16 15:41:36 - mmengine - INFO - Epoch(train) [125][10/10]  base_lr: 5.000000e-04 lr: 5.000000e-04  eta: 0:10:39  time: 0.213078  data_time: 0.101869  memory: 3109  grad_norm: 0.243839  loss: 0.054284  loss_kpt: 0.054284  acc_pose: 1.000000
2026/09/16 15:41:38 - mmengine - INFO - Exp name: rtmpose-m_lumbar-coco_1stage_20260916_153635
2026/09/16 15:41:38 - mmengine - INFO - Epoch(train) [126][10/10]  base_lr: 5.000000e-04 lr: 5.000000e-04  eta: 0:10:37  time: 0.212940  data_time: 0.101805  memory: 3109  grad_norm: 0.243232  loss: 0.053954  loss_kpt: 0.053954  acc_pose: 1.000000
2026/09/16 15:41:41 - mmengine - INFO - Exp name: rtmpose-m_lumbar-coco_1stage_20260916_153635
2026/09/16 15:41:41 - mmengine - INFO - Epoch(train) [127][10/10]  base_lr: 5.000000e-04 lr: 5.000000e-04  eta: 0:10:34  time: 0.213257  data_time: 0.101582  memory: 3109  grad_norm: 0.240473  loss: 0.053343  loss_kpt: 0.053343  acc_pose: 1.000000
2026/09/16 15:41:43 - mmengine - INFO - Exp name: rtmpose-m_lumbar-coco_1stage_20260916_153635
2026/09/16 15:41:43 - mmengine - INFO - Epoch(train) [128][10/10]  base_lr: 5.000000e-04 lr: 5.000000e-04  eta: 0:10:32  time: 0.213099  data_time: 0.100699  memory: 3109  grad_norm: 0.242205  loss: 0.052677  loss_kpt: 0.052677  acc_pose: 1.000000
2026/09/16 15:41:45 - mmengine - INFO - Exp name: rtmpose-m_lumbar-coco_1stage_20260916_153635
2026/09/16 15:41:45 - mmengine - INFO - Epoch(train) [129][10/10]  base_lr: 5.000000e-04 lr: 5.000000e-04  eta: 0:10:30  time: 0.212271  data_time: 0.099766  memory: 3109  grad_norm: 0.242481  loss: 0.052220  loss_kpt: 0.052220  acc_pose: 1.000000
2026/09/16 15:41:47 - mmengine - INFO - Exp name: rtmpose-m_lumbar-coco_1stage_20260916_153635
2026/09/16 15:41:47 - mmengine - INFO - Epoch(train) [130][10/10]  base_lr: 5.000000e-04 lr: 5.000000e-04  eta: 0:10:28  time: 0.212128  data_time: 0.099032  memory: 3109  grad_norm: 0.241160  loss: 0.052032  loss_kpt: 0.052032  acc_pose: 0.998580
2026/09/16 15:41:47 - mmengine - INFO - Saving checkpoint at 130 epochs
2026/09/16 15:41:48 - mmengine - INFO - Evaluating CocoMetric...
2026/09/16 15:41:48 - mmengine - INFO - Evaluating PCKAccuracy (normalized by ``"bbox_size"``)...
2026/09/16 15:41:48 - mmengine - INFO - Epoch(val) [130][3/3]    coco/AP: 0.986139  coco/AP .5: 1.000000  coco/AP .75: 1.000000  coco/AP (M): -1.000000  coco/AP (L): 0.986139  coco/AR: 0.987500  coco/AR .5: 1.000000  coco/AR .75: 1.000000  coco/AR (M): -1.000000  coco/AR (L): 0.987500  PCK: 0.995455  data_time: 0.082203  time: 0.098471
2026/09/16 15:41:50 - mmengine - INFO - Exp name: rtmpose-m_lumbar-coco_1stage_20260916_153635
2026/09/16 15:41:50 - mmengine - INFO - Epoch(train) [131][10/10]  base_lr: 5.000000e-04 lr: 5.000000e-04  eta: 0:10:25  time: 0.212810  data_time: 0.096737  memory: 3109  grad_norm: 0.244217  loss: 0.052007  loss_kpt: 0.052007  acc_pose: 1.000000
2026/09/16 15:41:52 - mmengine - INFO - Exp name: rtmpose-m_lumbar-coco_1stage_20260916_153635
2026/09/16 15:41:52 - mmengine - INFO - Epoch(train) [132][10/10]  base_lr: 5.000000e-04 lr: 5.000000e-04  eta: 0:10:23  time: 0.212087  data_time: 0.096025  memory: 3109  grad_norm: 0.241888  loss: 0.051499  loss_kpt: 0.051499  acc_pose: 0.998534
2026/09/16 15:41:54 - mmengine - INFO - Exp name: rtmpose-m_lumbar-coco_1stage_20260916_153635
2026/09/16 15:41:54 - mmengine - INFO - Epoch(train) [133][10/10]  base_lr: 5.000000e-04 lr: 5.000000e-04  eta: 0:10:21  time: 0.213742  data_time: 0.098396  memory: 3109  grad_norm: 0.241733  loss: 0.051471  loss_kpt: 0.051471  acc_pose: 0.998580
2026/09/16 15:41:56 - mmengine - INFO - Exp name: rtmpose-m_lumbar-coco_1stage_20260916_153635
2026/09/16 15:41:56 - mmengine - INFO - Epoch(train) [134][10/10]  base_lr: 5.000000e-04 lr: 5.000000e-04  eta: 0:10:19  time: 0.214159  data_time: 0.098737  memory: 3109  grad_norm: 0.243619  loss: 0.051120  loss_kpt: 0.051120  acc_pose: 0.998580
2026/09/16 15:41:58 - mmengine - INFO - Exp name: rtmpose-m_lumbar-coco_1stage_20260916_153635
2026/09/16 15:41:58 - mmengine - INFO - Epoch(train) [135][10/10]  base_lr: 5.000000e-04 lr: 5.000000e-04  eta: 0:10:16  time: 0.214433  data_time: 0.099568  memory: 3109  grad_norm: 0.248086  loss: 0.051228  loss_kpt: 0.051228  acc_pose: 0.998534
2026/09/16 15:42:01 - mmengine - INFO - Exp name: rtmpose-m_lumbar-coco_1stage_20260916_153635
2026/09/16 15:42:01 - mmengine - INFO - Epoch(train) [136][10/10]  base_lr: 5.000000e-04 lr: 5.000000e-04  eta: 0:10:14  time: 0.213711  data_time: 0.101849  memory: 3109  grad_norm: 0.255665  loss: 0.051707  loss_kpt: 0.051707  acc_pose: 1.000000
2026/09/16 15:42:03 - mmengine - INFO - Exp name: rtmpose-m_lumbar-coco_1stage_20260916_153635
2026/09/16 15:42:03 - mmengine - INFO - Epoch(train) [137][10/10]  base_lr: 5.000000e-04 lr: 5.000000e-04  eta: 0:10:12  time: 0.213350  data_time: 0.102029  memory: 3109  grad_norm: 0.261215  loss: 0.051566  loss_kpt: 0.051566  acc_pose: 0.998534
2026/09/16 15:42:05 - mmengine - INFO - Exp name: rtmpose-m_lumbar-coco_1stage_20260916_153635
2026/09/16 15:42:05 - mmengine - INFO - Epoch(train) [138][10/10]  base_lr: 5.000000e-04 lr: 5.000000e-04  eta: 0:10:10  time: 0.213224  data_time: 0.101808  memory: 3109  grad_norm: 0.260123  loss: 0.051696  loss_kpt: 0.051696  acc_pose: 1.000000
2026/09/16 15:42:07 - mmengine - INFO - Exp name: rtmpose-m_lumbar-coco_1stage_20260916_153635
2026/09/16 15:42:07 - mmengine - INFO - Epoch(train) [139][10/10]  base_lr: 5.000000e-04 lr: 5.000000e-04  eta: 0:10:08  time: 0.212951  data_time: 0.101587  memory: 3109  grad_norm: 0.254789  loss: 0.051480  loss_kpt: 0.051480  acc_pose: 0.998580
2026/09/16 15:42:09 - mmengine - INFO - Exp name: rtmpose-m_lumbar-coco_1stage_20260916_153635
2026/09/16 15:42:09 - mmengine - INFO - Epoch(train) [140][10/10]  base_lr: 5.000000e-04 lr: 5.000000e-04  eta: 0:10:05  time: 0.212692  data_time: 0.101294  memory: 3109  grad_norm: 0.249638  loss: 0.050935  loss_kpt: 0.050935  acc_pose: 0.997113
2026/09/16 15:42:09 - mmengine - INFO - Saving checkpoint at 140 epochs
2026/09/16 15:42:10 - mmengine - INFO - Evaluating CocoMetric...
2026/09/16 15:42:10 - mmengine - INFO - Evaluating PCKAccuracy (normalized by ``"bbox_size"``)...
2026/09/16 15:42:10 - mmengine - INFO - Epoch(val) [140][3/3]    coco/AP: 0.991038  coco/AP .5: 1.000000  coco/AP .75: 1.000000  coco/AP (M): -1.000000  coco/AP (L): 0.991038  coco/AR: 0.992500  coco/AR .5: 1.000000  coco/AR .75: 1.000000  coco/AR (M): -1.000000  coco/AR (L): 0.992500  PCK: 0.997727  data_time: 0.077934  time: 0.094187
2026/09/16 15:42:12 - mmengine - INFO - Exp name: rtmpose-m_lumbar-coco_1stage_20260916_153635
2026/09/16 15:42:12 - mmengine - INFO - Epoch(train) [141][10/10]  base_lr: 5.000000e-04 lr: 5.000000e-04  eta: 0:10:03  time: 0.213126  data_time: 0.101677  memory: 3109  grad_norm: 0.244127  loss: 0.050170  loss_kpt: 0.050170  acc_pose: 0.998534
2026/09/16 15:42:14 - mmengine - INFO - Exp name: rtmpose-m_lumbar-coco_1stage_20260916_153635
2026/09/16 15:42:14 - mmengine - INFO - Epoch(train) [142][10/10]  base_lr: 5.000000e-04 lr: 5.000000e-04  eta: 0:10:01  time: 0.213056  data_time: 0.101611  memory: 3109  grad_norm: 0.239453  loss: 0.050342  loss_kpt: 0.050342  acc_pose: 1.000000
2026/09/16 15:42:16 - mmengine - INFO - Exp name: rtmpose-m_lumbar-coco_1stage_20260916_153635
2026/09/16 15:42:16 - mmengine - INFO - Epoch(train) [143][10/10]  base_lr: 5.000000e-04 lr: 5.000000e-04  eta: 0:09:58  time: 0.211598  data_time: 0.100265  memory: 3109  grad_norm: 0.237977  loss: 0.049672  loss_kpt: 0.049672  acc_pose: 0.997159
2026/09/16 15:42:19 - mmengine - INFO - Exp name: rtmpose-m_lumbar-coco_1stage_20260916_153635
2026/09/16 15:42:19 - mmengine - INFO - Epoch(train) [144][10/10]  base_lr: 5.000000e-04 lr: 5.000000e-04  eta: 0:09:56  time: 0.212913  data_time: 0.101601  memory: 3109  grad_norm: 0.234903  loss: 0.049129  loss_kpt: 0.049129  acc_pose: 0.998580
2026/09/16 15:42:21 - mmengine - INFO - Exp name: rtmpose-m_lumbar-coco_1stage_20260916_153635
2026/09/16 15:42:21 - mmengine - INFO - Epoch(train) [145][10/10]  base_lr: 5.000000e-04 lr: 5.000000e-04  eta: 0:09:54  time: 0.213276  data_time: 0.101961  memory: 3109  grad_norm: 0.234627  loss: 0.048953  loss_kpt: 0.048953  acc_pose: 1.000000
2026/09/16 15:42:23 - mmengine - INFO - Exp name: rtmpose-m_lumbar-coco_1stage_20260916_153635
2026/09/16 15:42:23 - mmengine - INFO - Epoch(train) [146][10/10]  base_lr: 5.000000e-04 lr: 5.000000e-04  eta: 0:09:52  time: 0.213241  data_time: 0.101465  memory: 3109  grad_norm: 0.230860  loss: 0.048440  loss_kpt: 0.048440  acc_pose: 0.998534
2026/09/16 15:42:25 - mmengine - INFO - Exp name: rtmpose-m_lumbar-coco_1stage_20260916_153635
2026/09/16 15:42:25 - mmengine - INFO - Epoch(train) [147][10/10]  base_lr: 5.000000e-04 lr: 5.000000e-04  eta: 0:09:50  time: 0.213933  data_time: 0.101681  memory: 3109  grad_norm: 0.233270  loss: 0.048122  loss_kpt: 0.048122  acc_pose: 1.000000
2026/09/16 15:42:27 - mmengine - INFO - Exp name: rtmpose-m_lumbar-coco_1stage_20260916_153635
2026/09/16 15:42:27 - mmengine - INFO - Epoch(train) [148][10/10]  base_lr: 5.000000e-04 lr: 5.000000e-04  eta: 0:09:48  time: 0.216323  data_time: 0.103695  memory: 3109  grad_norm: 0.235107  loss: 0.048000  loss_kpt: 0.048000  acc_pose: 0.998534
2026/09/16 15:42:29 - mmengine - INFO - Exp name: rtmpose-m_lumbar-coco_1stage_20260916_153635
2026/09/16 15:42:29 - mmengine - INFO - Epoch(train) [149][10/10]  base_lr: 5.000000e-04 lr: 5.000000e-04  eta: 0:09:46  time: 0.216511  data_time: 0.103673  memory: 3109  grad_norm: 0.237859  loss: 0.047906  loss_kpt: 0.047906  acc_pose: 0.998580
2026/09/16 15:42:32 - mmengine - INFO - Exp name: rtmpose-m_lumbar-coco_1stage_20260916_153635
2026/09/16 15:42:32 - mmengine - INFO - Epoch(train) [150][10/10]  base_lr: 5.000000e-04 lr: 5.000000e-04  eta: 0:09:43  time: 0.217247  data_time: 0.104090  memory: 3109  grad_norm: 0.240995  loss: 0.047946  loss_kpt: 0.047946  acc_pose: 1.000000
2026/09/16 15:42:32 - mmengine - INFO - Saving checkpoint at 150 epochs
2026/09/16 15:42:32 - mmengine - INFO - Evaluating CocoMetric...
2026/09/16 15:42:32 - mmengine - INFO - Evaluating PCKAccuracy (normalized by ``"bbox_size"``)...
2026/09/16 15:42:32 - mmengine - INFO - Epoch(val) [150][3/3]    coco/AP: 0.994059  coco/AP .5: 1.000000  coco/AP .75: 1.000000  coco/AP (M): -1.000000  coco/AP (L): 0.994059  coco/AR: 0.995000  coco/AR .5: 1.000000  coco/AR .75: 1.000000  coco/AR (M): -1.000000  coco/AR (L): 0.995000  PCK: 0.996591  data_time: 0.081568  time: 0.097617
2026/09/16 15:42:35 - mmengine - INFO - Exp name: rtmpose-m_lumbar-coco_1stage_20260916_153635
2026/09/16 15:42:35 - mmengine - INFO - Epoch(train) [151][10/10]  base_lr: 5.000000e-04 lr: 5.000000e-04  eta: 0:09:41  time: 0.217329  data_time: 0.104240  memory: 3109  grad_norm: 0.242632  loss: 0.047957  loss_kpt: 0.047957  acc_pose: 1.000000
2026/09/16 15:42:37 - mmengine - INFO - Exp name: rtmpose-m_lumbar-coco_1stage_20260916_153635
2026/09/16 15:42:37 - mmengine - INFO - Epoch(train) [152][10/10]  base_lr: 5.000000e-04 lr: 5.000000e-04  eta: 0:09:39  time: 0.217649  data_time: 0.104978  memory: 3109  grad_norm: 0.236969  loss: 0.047433  loss_kpt: 0.047433  acc_pose: 1.000000
2026/09/16 15:42:39 - mmengine - INFO - Exp name: rtmpose-m_lumbar-coco_1stage_20260916_153635
2026/09/16 15:42:39 - mmengine - INFO - Epoch(train) [153][10/10]  base_lr: 5.000000e-04 lr: 5.000000e-04  eta: 0:09:37  time: 0.216740  data_time: 0.104062  memory: 3109  grad_norm: 0.233563  loss: 0.047156  loss_kpt: 0.047156  acc_pose: 1.000000
2026/09/16 15:42:41 - mmengine - INFO - Exp name: rtmpose-m_lumbar-coco_1stage_20260916_153635
2026/09/16 15:42:41 - mmengine - INFO - Epoch(train) [154][10/10]  base_lr: 5.000000e-04 lr: 5.000000e-04  eta: 0:09:35  time: 0.215748  data_time: 0.102946  memory: 3109  grad_norm: 0.229929  loss: 0.046945  loss_kpt: 0.046945  acc_pose: 0.998534
2026/09/16 15:42:43 - mmengine - INFO - Exp name: rtmpose-m_lumbar-coco_1stage_20260916_153635
2026/09/16 15:42:43 - mmengine - INFO - Epoch(train) [155][10/10]  base_lr: 5.000000e-04 lr: 5.000000e-04  eta: 0:09:32  time: 0.214284  data_time: 0.101328  memory: 3109  grad_norm: 0.227456  loss: 0.046342  loss_kpt: 0.046342  acc_pose: 1.000000
2026/09/16 15:42:45 - mmengine - INFO - Exp name: rtmpose-m_lumbar-coco_1stage_20260916_153635
2026/09/16 15:42:45 - mmengine - INFO - Epoch(train) [156][10/10]  base_lr: 5.000000e-04 lr: 5.000000e-04  eta: 0:09:30  time: 0.213820  data_time: 0.100627  memory: 3109  grad_norm: 0.222379  loss: 0.045800  loss_kpt: 0.045800  acc_pose: 0.995644
2026/09/16 15:42:48 - mmengine - INFO - Exp name: rtmpose-m_lumbar-coco_1stage_20260916_153635
2026/09/16 15:42:48 - mmengine - INFO - Epoch(train) [157][10/10]  base_lr: 5.000000e-04 lr: 5.000000e-04  eta: 0:09:28  time: 0.214543  data_time: 0.100896  memory: 3109  grad_norm: 0.232834  loss: 0.045836  loss_kpt: 0.045836  acc_pose: 1.000000
2026/09/16 15:42:50 - mmengine - INFO - Exp name: rtmpose-m_lumbar-coco_1stage_20260916_153635
2026/09/16 15:42:50 - mmengine - INFO - Epoch(train) [158][10/10]  base_lr: 5.000000e-04 lr: 5.000000e-04  eta: 0:09:26  time: 0.213686  data_time: 0.099806  memory: 3109  grad_norm: 0.231981  loss: 0.045626  loss_kpt: 0.045626  acc_pose: 0.996861
2026/09/16 15:42:52 - mmengine - INFO - Exp name: rtmpose-m_lumbar-coco_1stage_20260916_153635
2026/09/16 15:42:52 - mmengine - INFO - Epoch(train) [159][10/10]  base_lr: 5.000000e-04 lr: 5.000000e-04  eta: 0:09:24  time: 0.214027  data_time: 0.100151  memory: 3109  grad_norm: 0.230458  loss: 0.045849  loss_kpt: 0.045849  acc_pose: 0.998580
2026/09/16 15:42:54 - mmengine - INFO - Exp name: rtmpose-m_lumbar-coco_1stage_20260916_153635
2026/09/16 15:42:54 - mmengine - INFO - Epoch(train) [160][10/10]  base_lr: 5.000000e-04 lr: 5.000000e-04  eta: 0:09:21  time: 0.214322  data_time: 0.100416  memory: 3109  grad_norm: 0.229079  loss: 0.046013  loss_kpt: 0.046013  acc_pose: 1.000000
2026/09/16 15:42:54 - mmengine - INFO - Saving checkpoint at 160 epochs
2026/09/16 15:42:55 - mmengine - INFO - Evaluating CocoMetric...
2026/09/16 15:42:55 - mmengine - INFO - Evaluating PCKAccuracy (normalized by ``"bbox_size"``)...
2026/09/16 15:42:55 - mmengine - INFO - Epoch(val) [160][3/3]    coco/AP: 0.986466  coco/AP .5: 1.000000  coco/AP .75: 1.000000  coco/AP (M): -1.000000  coco/AP (L): 0.986466  coco/AR: 0.987500  coco/AR .5: 1.000000  coco/AR .75: 1.000000  coco/AR (M): -1.000000  coco/AR (L): 0.987500  PCK: 0.995455  data_time: 0.082810  time: 0.098804
2026/09/16 15:42:57 - mmengine - INFO - Exp name: rtmpose-m_lumbar-coco_1stage_20260916_153635
2026/09/16 15:42:57 - mmengine - INFO - Epoch(train) [161][10/10]  base_lr: 5.000000e-04 lr: 5.000000e-04  eta: 0:09:19  time: 0.214182  data_time: 0.100290  memory: 3109  grad_norm: 0.234189  loss: 0.046342  loss_kpt: 0.046342  acc_pose: 1.000000
2026/09/16 15:42:59 - mmengine - INFO - Exp name: rtmpose-m_lumbar-coco_1stage_20260916_153635
2026/09/16 15:42:59 - mmengine - INFO - Epoch(train) [162][10/10]  base_lr: 5.000000e-04 lr: 5.000000e-04  eta: 0:09:17  time: 0.211851  data_time: 0.097938  memory: 3109  grad_norm: 0.226885  loss: 0.046290  loss_kpt: 0.046290  acc_pose: 0.998534
2026/09/16 15:43:01 - mmengine - INFO - Exp name: rtmpose-m_lumbar-coco_1stage_20260916_153635
2026/09/16 15:43:01 - mmengine - INFO - Epoch(train) [163][10/10]  base_lr: 5.000000e-04 lr: 5.000000e-04  eta: 0:09:15  time: 0.212294  data_time: 0.098486  memory: 3109  grad_norm: 0.231102  loss: 0.046495  loss_kpt: 0.046495  acc_pose: 1.000000
2026/09/16 15:43:03 - mmengine - INFO - Exp name: rtmpose-m_lumbar-coco_1stage_20260916_153635
2026/09/16 15:43:03 - mmengine - INFO - Epoch(train) [164][10/10]  base_lr: 5.000000e-04 lr: 5.000000e-04  eta: 0:09:13  time: 0.212042  data_time: 0.098139  memory: 3109  grad_norm: 0.230883  loss: 0.046127  loss_kpt: 0.046127  acc_pose: 0.998580
2026/09/16 15:43:06 - mmengine - INFO - Exp name: rtmpose-m_lumbar-coco_1stage_20260916_153635
2026/09/16 15:43:06 - mmengine - INFO - Epoch(train) [165][10/10]  base_lr: 5.000000e-04 lr: 5.000000e-04  eta: 0:09:10  time: 0.213493  data_time: 0.099711  memory: 3109  grad_norm: 0.229851  loss: 0.046091  loss_kpt: 0.046091  acc_pose: 1.000000
2026/09/16 15:43:08 - mmengine - INFO - Exp name: rtmpose-m_lumbar-coco_1stage_20260916_153635
2026/09/16 15:43:08 - mmengine - INFO - Epoch(train) [166][10/10]  base_lr: 5.000000e-04 lr: 5.000000e-04  eta: 0:09:08  time: 0.213303  data_time: 0.099588  memory: 3109  grad_norm: 0.221772  loss: 0.045549  loss_kpt: 0.045549  acc_pose: 1.000000
2026/09/16 15:43:10 - mmengine - INFO - Exp name: rtmpose-m_lumbar-coco_1stage_20260916_153635
2026/09/16 15:43:10 - mmengine - INFO - Epoch(train) [167][10/10]  base_lr: 5.000000e-04 lr: 5.000000e-04  eta: 0:09:06  time: 0.214940  data_time: 0.101541  memory: 3109  grad_norm: 0.218902  loss: 0.044848  loss_kpt: 0.044848  acc_pose: 1.000000
2026/09/16 15:43:12 - mmengine - INFO - Exp name: rtmpose-m_lumbar-coco_1stage_20260916_153635
2026/09/16 15:43:12 - mmengine - INFO - Epoch(train) [168][10/10]  base_lr: 5.000000e-04 lr: 5.000000e-04  eta: 0:09:04  time: 0.215346  data_time: 0.102021  memory: 3109  grad_norm: 0.214423  loss: 0.044169  loss_kpt: 0.044169  acc_pose: 0.998580
2026/09/16 15:43:14 - mmengine - INFO - Exp name: rtmpose-m_lumbar-coco_1stage_20260916_153635
2026/09/16 15:43:14 - mmengine - INFO - Epoch(train) [169][10/10]  base_lr: 5.000000e-04 lr: 5.000000e-04  eta: 0:09:02  time: 0.214485  data_time: 0.101335  memory: 3109  grad_norm: 0.217160  loss: 0.044074  loss_kpt: 0.044074  acc_pose: 0.998534
2026/09/16 15:43:16 - mmengine - INFO - Exp name: rtmpose-m_lumbar-coco_1stage_20260916_153635
2026/09/16 15:43:16 - mmengine - INFO - Epoch(train) [170][10/10]  base_lr: 5.000000e-04 lr: 5.000000e-04  eta: 0:09:00  time: 0.213961  data_time: 0.100920  memory: 3109  grad_norm: 0.219033  loss: 0.043844  loss_kpt: 0.043844  acc_pose: 1.000000
2026/09/16 15:43:16 - mmengine - INFO - Saving checkpoint at 170 epochs
2026/09/16 15:43:17 - mmengine - INFO - Evaluating CocoMetric...
2026/09/16 15:43:17 - mmengine - INFO - Evaluating PCKAccuracy (normalized by ``"bbox_size"``)...
2026/09/16 15:43:17 - mmengine - INFO - Epoch(val) [170][3/3]    coco/AP: 0.997030  coco/AP .5: 1.000000  coco/AP .75: 1.000000  coco/AP (M): -1.000000  coco/AP (L): 0.997030  coco/AR: 0.997500  coco/AR .5: 1.000000  coco/AR .75: 1.000000  coco/AR (M): -1.000000  coco/AR (L): 0.997500  PCK: 0.998864  data_time: 0.077920  time: 0.094266
2026/09/16 15:43:19 - mmengine - INFO - Exp name: rtmpose-m_lumbar-coco_1stage_20260916_153635
2026/09/16 15:43:19 - mmengine - INFO - Epoch(train) [171][10/10]  base_lr: 5.000000e-04 lr: 5.000000e-04  eta: 0:08:57  time: 0.214545  data_time: 0.101523  memory: 3109  grad_norm: 0.223602  loss: 0.043973  loss_kpt: 0.043973  acc_pose: 0.995739
2026/09/16 15:43:21 - mmengine - INFO - Exp name: rtmpose-m_lumbar-coco_1stage_20260916_153635
2026/09/16 15:43:21 - mmengine - INFO - Epoch(train) [172][10/10]  base_lr: 5.000000e-04 lr: 5.000000e-04  eta: 0:08:55  time: 0.213563  data_time: 0.100381  memory: 3109  grad_norm: 0.223964  loss: 0.044044  loss_kpt: 0.044044  acc_pose: 1.000000
2026/09/16 15:43:24 - mmengine - INFO - Exp name: rtmpose-m_lumbar-coco_1stage_20260916_153635
2026/09/16 15:43:24 - mmengine - INFO - Epoch(train) [173][10/10]  base_lr: 5.000000e-04 lr: 5.000000e-04  eta: 0:08:53  time: 0.213397  data_time: 0.100606  memory: 3109  grad_norm: 0.220539  loss: 0.043568  loss_kpt: 0.043568  acc_pose: 1.000000
2026/09/16 15:43:26 - mmengine - INFO - Exp name: rtmpose-m_lumbar-coco_1stage_20260916_153635
2026/09/16 15:43:26 - mmengine - INFO - Epoch(train) [174][10/10]  base_lr: 5.000000e-04 lr: 5.000000e-04  eta: 0:08:51  time: 0.214036  data_time: 0.101443  memory: 3109  grad_norm: 0.222135  loss: 0.043224  loss_kpt: 0.043224  acc_pose: 1.000000
2026/09/16 15:43:28 - mmengine - INFO - Exp name: rtmpose-m_lumbar-coco_1stage_20260916_153635
2026/09/16 15:43:28 - mmengine - INFO - Epoch(train) [175][10/10]  base_lr: 5.000000e-04 lr: 5.000000e-04  eta: 0:08:49  time: 0.213968  data_time: 0.101577  memory: 3109  grad_norm: 0.219172  loss: 0.042724  loss_kpt: 0.042724  acc_pose: 0.998580
2026/09/16 15:43:30 - mmengine - INFO - Exp name: rtmpose-m_lumbar-coco_1stage_20260916_153635
2026/09/16 15:43:30 - mmengine - INFO - Epoch(train) [176][10/10]  base_lr: 5.000000e-04 lr: 5.000000e-04  eta: 0:08:46  time: 0.214789  data_time: 0.102381  memory: 3109  grad_norm: 0.214420  loss: 0.042220  loss_kpt: 0.042220  acc_pose: 0.998580
2026/09/16 15:43:32 - mmengine - INFO - Exp name: rtmpose-m_lumbar-coco_1stage_20260916_153635
2026/09/16 15:43:32 - mmengine - INFO - Epoch(train) [177][10/10]  base_lr: 5.000000e-04 lr: 5.000000e-04  eta: 0:08:44  time: 0.215017  data_time: 0.102886  memory: 3109  grad_norm: 0.212476  loss: 0.041718  loss_kpt: 0.041718  acc_pose: 1.000000
2026/09/16 15:43:34 - mmengine - INFO - Exp name: rtmpose-m_lumbar-coco_1stage_20260916_153635
2026/09/16 15:43:34 - mmengine - INFO - Epoch(train) [178][10/10]  base_lr: 5.000000e-04 lr: 5.000000e-04  eta: 0:08:42  time: 0.215507  data_time: 0.103297  memory: 3109  grad_norm: 0.219656  loss: 0.041982  loss_kpt: 0.041982  acc_pose: 1.000000
2026/09/16 15:43:37 - mmengine - INFO - Exp name: rtmpose-m_lumbar-coco_1stage_20260916_153635
2026/09/16 15:43:37 - mmengine - INFO - Epoch(train) [179][10/10]  base_lr: 5.000000e-04 lr: 5.000000e-04  eta: 0:08:40  time: 0.215712  data_time: 0.103454  memory: 3109  grad_norm: 0.217989  loss: 0.041847  loss_kpt: 0.041847  acc_pose: 1.000000
2026/09/16 15:43:39 - mmengine - INFO - Exp name: rtmpose-m_lumbar-coco_1stage_20260916_153635
2026/09/16 15:43:39 - mmengine - INFO - Epoch(train) [180][10/10]  base_lr: 5.000000e-04 lr: 5.000000e-04  eta: 0:08:38  time: 0.215029  data_time: 0.102777  memory: 3109  grad_norm: 0.225384  loss: 0.042019  loss_kpt: 0.042019  acc_pose: 0.997113
2026/09/16 15:43:39 - mmengine - INFO - Saving checkpoint at 180 epochs
2026/09/16 15:43:40 - mmengine - INFO - Evaluating CocoMetric...
2026/09/16 15:43:40 - mmengine - INFO - Evaluating PCKAccuracy (normalized by ``"bbox_size"``)...
2026/09/16 15:43:40 - mmengine - INFO - Epoch(val) [180][3/3]    coco/AP: 0.978012  coco/AP .5: 1.000000  coco/AP .75: 1.000000  coco/AP (M): -1.000000  coco/AP (L): 0.978012  coco/AR: 0.980000  coco/AR .5: 1.000000  coco/AR .75: 1.000000  coco/AR (M): -1.000000  coco/AR (L): 0.980000  PCK: 0.992045  data_time: 0.076459  time: 0.092454
2026/09/16 15:43:42 - mmengine - INFO - Exp name: rtmpose-m_lumbar-coco_1stage_20260916_153635
2026/09/16 15:43:42 - mmengine - INFO - Epoch(train) [181][10/10]  base_lr: 5.000000e-04 lr: 5.000000e-04  eta: 0:08:36  time: 0.214600  data_time: 0.102715  memory: 3109  grad_norm: 0.230259  loss: 0.042444  loss_kpt: 0.042444  acc_pose: 1.000000
2026/09/16 15:43:44 - mmengine - INFO - Exp name: rtmpose-m_lumbar-coco_1stage_20260916_153635
2026/09/16 15:43:44 - mmengine - INFO - Epoch(train) [182][10/10]  base_lr: 5.000000e-04 lr: 5.000000e-04  eta: 0:08:33  time: 0.214908  data_time: 0.102971  memory: 3109  grad_norm: 0.239214  loss: 0.042577  loss_kpt: 0.042577  acc_pose: 1.000000
2026/09/16 15:43:46 - mmengine - INFO - Exp name: rtmpose-m_lumbar-coco_1stage_20260916_153635
2026/09/16 15:43:46 - mmengine - INFO - Epoch(train) [183][10/10]  base_lr: 5.000000e-04 lr: 5.000000e-04  eta: 0:08:31  time: 0.214642  data_time: 0.102681  memory: 3109  grad_norm: 0.249219  loss: 0.042814  loss_kpt: 0.042814  acc_pose: 1.000000
2026/09/16 15:43:48 - mmengine - INFO - Exp name: rtmpose-m_lumbar-coco_1stage_20260916_153635
2026/09/16 15:43:48 - mmengine - INFO - Epoch(train) [184][10/10]  base_lr: 5.000000e-04 lr: 5.000000e-04  eta: 0:08:29  time: 0.214834  data_time: 0.102841  memory: 3109  grad_norm: 0.248442  loss: 0.042782  loss_kpt: 0.042782  acc_pose: 1.000000
2026/09/16 15:43:50 - mmengine - INFO - Exp name: rtmpose-m_lumbar-coco_1stage_20260916_153635
2026/09/16 15:43:50 - mmengine - INFO - Epoch(train) [185][10/10]  base_lr: 5.000000e-04 lr: 5.000000e-04  eta: 0:08:27  time: 0.215591  data_time: 0.103433  memory: 3109  grad_norm: 0.248628  loss: 0.042669  loss_kpt: 0.042669  acc_pose: 0.998580
2026/09/16 15:43:52 - mmengine - INFO - Exp name: rtmpose-m_lumbar-coco_1stage_20260916_153635
2026/09/16 15:43:52 - mmengine - INFO - Epoch(train) [186][10/10]  base_lr: 5.000000e-04 lr: 5.000000e-04  eta: 0:08:25  time: 0.214042  data_time: 0.101737  memory: 3109  grad_norm: 0.245934  loss: 0.042108  loss_kpt: 0.042108  acc_pose: 0.998534
2026/09/16 15:43:55 - mmengine - INFO - Exp name: rtmpose-m_lumbar-coco_1stage_20260916_153635
2026/09/16 15:43:55 - mmengine - INFO - Epoch(train) [187][10/10]  base_lr: 5.000000e-04 lr: 5.000000e-04  eta: 0:08:22  time: 0.213902  data_time: 0.101514  memory: 3109  grad_norm: 0.243384  loss: 0.042208  loss_kpt: 0.042208  acc_pose: 1.000000
2026/09/16 15:43:57 - mmengine - INFO - Exp name: rtmpose-m_lumbar-coco_1stage_20260916_153635
2026/09/16 15:43:57 - mmengine - INFO - Epoch(train) [188][10/10]  base_lr: 5.000000e-04 lr: 5.000000e-04  eta: 0:08:20  time: 0.213876  data_time: 0.101489  memory: 3109  grad_norm: 0.233276  loss: 0.041678  loss_kpt: 0.041678  acc_pose: 0.998580
2026/09/16 15:43:59 - mmengine - INFO - Exp name: rtmpose-m_lumbar-coco_1stage_20260916_153635
2026/09/16 15:44:00 - mmengine - INFO - Epoch(train) [189][10/10]  base_lr: 5.000000e-04 lr: 5.000000e-04  eta: 0:08:18  time: 0.213371  data_time: 0.100784  memory: 3109  grad_norm: 0.233346  loss: 0.041635  loss_kpt: 0.041635  acc_pose: 1.000000
2026/09/16 15:44:02 - mmengine - INFO - Exp name: rtmpose-m_lumbar-coco_1stage_20260916_153635
2026/09/16 15:44:02 - mmengine - INFO - Epoch(train) [190][10/10]  base_lr: 5.000000e-04 lr: 5.000000e-04  eta: 0:08:16  time: 0.211830  data_time: 0.099299  memory: 3109  grad_norm: 0.223012  loss: 0.040938  loss_kpt: 0.040938  acc_pose: 1.000000
2026/09/16 15:44:02 - mmengine - INFO - Saving checkpoint at 190 epochs
2026/09/16 15:44:03 - mmengine - INFO - Evaluating CocoMetric...
2026/09/16 15:44:03 - mmengine - INFO - Evaluating PCKAccuracy (normalized by ``"bbox_size"``)...
2026/09/16 15:44:03 - mmengine - INFO - Epoch(val) [190][3/3]    coco/AP: 0.957426  coco/AP .5: 0.970297  coco/AP .75: 0.970297  coco/AP (M): -1.000000  coco/AP (L): 0.957426  coco/AR: 0.962500  coco/AR .5: 0.975000  coco/AR .75: 0.975000  coco/AR (M): -1.000000  coco/AR (L): 0.962500  PCK: 0.981818  data_time: 0.080426  time: 0.096654
2026/09/16 15:44:05 - mmengine - INFO - Exp name: rtmpose-m_lumbar-coco_1stage_20260916_153635
2026/09/16 15:44:05 - mmengine - INFO - Epoch(train) [191][10/10]  base_lr: 5.000000e-04 lr: 5.000000e-04  eta: 0:08:14  time: 0.212019  data_time: 0.099458  memory: 3109  grad_norm: 0.216087  loss: 0.040279  loss_kpt: 0.040279  acc_pose: 1.000000
2026/09/16 15:44:07 - mmengine - INFO - Exp name: rtmpose-m_lumbar-coco_1stage_20260916_153635
2026/09/16 15:44:07 - mmengine - INFO - Epoch(train) [192][10/10]  base_lr: 5.000000e-04 lr: 5.000000e-04  eta: 0:08:11  time: 0.211689  data_time: 0.098900  memory: 3109  grad_norm: 0.204562  loss: 0.039396  loss_kpt: 0.039396  acc_pose: 1.000000
2026/09/16 15:44:09 - mmengine - INFO - Exp name: rtmpose-m_lumbar-coco_1stage_20260916_153635
2026/09/16 15:44:09 - mmengine - INFO - Epoch(train) [193][10/10]  base_lr: 5.000000e-04 lr: 5.000000e-04  eta: 0:08:09  time: 0.211922  data_time: 0.099034  memory: 3109  grad_norm: 0.193406  loss: 0.038732  loss_kpt: 0.038732  acc_pose: 0.998534
2026/09/16 15:44:11 - mmengine - INFO - Exp name: rtmpose-m_lumbar-coco_1stage_20260916_153635
2026/09/16 15:44:11 - mmengine - INFO - Epoch(train) [194][10/10]  base_lr: 5.000000e-04 lr: 5.000000e-04  eta: 0:08:07  time: 0.212200  data_time: 0.099403  memory: 3109  grad_norm: 0.188342  loss: 0.038129  loss_kpt: 0.038129  acc_pose: 1.000000
2026/09/16 15:44:14 - mmengine - INFO - Exp name: rtmpose-m_lumbar-coco_1stage_20260916_153635
2026/09/16 15:44:14 - mmengine - INFO - Epoch(train) [195][10/10]  base_lr: 5.000000e-04 lr: 5.000000e-04  eta: 0:08:05  time: 0.213828  data_time: 0.101003  memory: 3109  grad_norm: 0.187700  loss: 0.037920  loss_kpt: 0.037920  acc_pose: 1.000000
2026/09/16 15:44:16 - mmengine - INFO - Exp name: rtmpose-m_lumbar-coco_1stage_20260916_153635
2026/09/16 15:44:16 - mmengine - INFO - Epoch(train) [196][10/10]  base_lr: 5.000000e-04 lr: 5.000000e-04  eta: 0:08:03  time: 0.215212  data_time: 0.102468  memory: 3109  grad_norm: 0.195119  loss: 0.038507  loss_kpt: 0.038507  acc_pose: 1.000000
2026/09/16 15:44:18 - mmengine - INFO - Exp name: rtmpose-m_lumbar-coco_1stage_20260916_153635
2026/09/16 15:44:18 - mmengine - INFO - Epoch(train) [197][10/10]  base_lr: 5.000000e-04 lr: 5.000000e-04  eta: 0:08:01  time: 0.215405  data_time: 0.102955  memory: 3109  grad_norm: 0.205746  loss: 0.039087  loss_kpt: 0.039087  acc_pose: 1.000000
2026/09/16 15:44:20 - mmengine - INFO - Exp name: rtmpose-m_lumbar-coco_1stage_20260916_153635
2026/09/16 15:44:20 - mmengine - INFO - Epoch(train) [198][10/10]  base_lr: 5.000000e-04 lr: 5.000000e-04  eta: 0:07:58  time: 0.214834  data_time: 0.102293  memory: 3109  grad_norm: 0.214458  loss: 0.039547  loss_kpt: 0.039547  acc_pose: 0.998580
2026/09/16 15:44:22 - mmengine - INFO - Exp name: rtmpose-m_lumbar-coco_1stage_20260916_153635
2026/09/16 15:44:22 - mmengine - INFO - Epoch(train) [199][10/10]  base_lr: 5.000000e-04 lr: 5.000000e-04  eta: 0:07:56  time: 0.215757  data_time: 0.103131  memory: 3109  grad_norm: 0.223447  loss: 0.040028  loss_kpt: 0.040028  acc_pose: 1.000000
2026/09/16 15:44:24 - mmengine - INFO - Exp name: rtmpose-m_lumbar-coco_1stage_20260916_153635
2026/09/16 15:44:24 - mmengine - INFO - Epoch(train) [200][10/10]  base_lr: 5.000000e-04 lr: 5.000000e-04  eta: 0:07:54  time: 0.214976  data_time: 0.102091  memory: 3109  grad_norm: 0.226879  loss: 0.040257  loss_kpt: 0.040257  acc_pose: 1.000000
2026/09/16 15:44:24 - mmengine - INFO - Saving checkpoint at 200 epochs
2026/09/16 15:44:25 - mmengine - INFO - Evaluating CocoMetric...
2026/09/16 15:44:25 - mmengine - INFO - Evaluating PCKAccuracy (normalized by ``"bbox_size"``)...
2026/09/16 15:44:25 - mmengine - INFO - Epoch(val) [200][3/3]    coco/AP: 0.990734  coco/AP .5: 1.000000  coco/AP .75: 1.000000  coco/AP (M): -1.000000  coco/AP (L): 0.990734  coco/AR: 0.992500  coco/AR .5: 1.000000  coco/AR .75: 1.000000  coco/AR (M): -1.000000  coco/AR (L): 0.992500  PCK: 0.997727  data_time: 0.076606  time: 0.092777
2026/09/16 15:44:27 - mmengine - INFO - Exp name: rtmpose-m_lumbar-coco_1stage_20260916_153635
2026/09/16 15:44:27 - mmengine - INFO - Epoch(train) [201][10/10]  base_lr: 5.000000e-04 lr: 5.000000e-04  eta: 0:07:52  time: 0.214712  data_time: 0.101625  memory: 3109  grad_norm: 0.228428  loss: 0.039967  loss_kpt: 0.039967  acc_pose: 0.994272
2026/09/16 15:44:29 - mmengine - INFO - Exp name: rtmpose-m_lumbar-coco_1stage_20260916_153635
2026/09/16 15:44:29 - mmengine - INFO - Epoch(train) [202][10/10]  base_lr: 5.000000e-04 lr: 5.000000e-04  eta: 0:07:50  time: 0.215324  data_time: 0.101841  memory: 3109  grad_norm: 0.218949  loss: 0.039864  loss_kpt: 0.039864  acc_pose: 1.000000
2026/09/16 15:44:32 - mmengine - INFO - Exp name: rtmpose-m_lumbar-coco_1stage_20260916_153635
2026/09/16 15:44:32 - mmengine - INFO - Epoch(train) [203][10/10]  base_lr: 5.000000e-04 lr: 5.000000e-04  eta: 0:07:48  time: 0.215806  data_time: 0.102216  memory: 3109  grad_norm: 0.212039  loss: 0.039504  loss_kpt: 0.039504  acc_pose: 0.998580
2026/09/16 15:44:34 - mmengine - INFO - Exp name: rtmpose-m_lumbar-coco_1stage_20260916_153635
2026/09/16 15:44:34 - mmengine - INFO - Epoch(train) [204][10/10]  base_lr: 5.000000e-04 lr: 5.000000e-04  eta: 0:07:45  time: 0.213954  data_time: 0.100209  memory: 3109  grad_norm: 0.207804  loss: 0.038919  loss_kpt: 0.038919  acc_pose: 0.998580
2026/09/16 15:44:36 - mmengine - INFO - Exp name: rtmpose-m_lumbar-coco_1stage_20260916_153635
2026/09/16 15:44:36 - mmengine - INFO - Epoch(train) [205][10/10]  base_lr: 5.000000e-04 lr: 5.000000e-04  eta: 0:07:43  time: 0.213528  data_time: 0.099736  memory: 3109  grad_norm: 0.203198  loss: 0.038428  loss_kpt: 0.038428  acc_pose: 0.998580
2026/09/16 15:44:38 - mmengine - INFO - Exp name: rtmpose-m_lumbar-coco_1stage_20260916_153635
2026/09/16 15:44:38 - mmengine - INFO - Epoch(train) [206][10/10]  base_lr: 5.000000e-04 lr: 5.000000e-04  eta: 0:07:41  time: 0.214137  data_time: 0.098416  memory: 3109  grad_norm: 0.217890  loss: 0.038843  loss_kpt: 0.038843  acc_pose: 1.000000
2026/09/16 15:44:40 - mmengine - INFO - Exp name: rtmpose-m_lumbar-coco_1stage_20260916_153635
2026/09/16 15:44:40 - mmengine - INFO - Epoch(train) [207][10/10]  base_lr: 5.000000e-04 lr: 5.000000e-04  eta: 0:07:39  time: 0.214517  data_time: 0.098901  memory: 3109  grad_norm: 0.237898  loss: 0.041286  loss_kpt: 0.041286  acc_pose: 0.998580
2026/09/16 15:44:42 - mmengine - INFO - Exp name: rtmpose-m_lumbar-coco_1stage_20260916_153635
2026/09/16 15:44:42 - mmengine - INFO - Epoch(train) [208][10/10]  base_lr: 5.000000e-04 lr: 5.000000e-04  eta: 0:07:37  time: 0.214261  data_time: 0.098671  memory: 3109  grad_norm: 0.245475  loss: 0.042984  loss_kpt: 0.042984  acc_pose: 1.000000
2026/09/16 15:44:45 - mmengine - INFO - Exp name: rtmpose-m_lumbar-coco_1stage_20260916_153635
2026/09/16 15:44:45 - mmengine - INFO - Epoch(train) [209][10/10]  base_lr: 5.000000e-04 lr: 5.000000e-04  eta: 0:07:35  time: 0.215334  data_time: 0.099827  memory: 3109  grad_norm: 0.252894  loss: 0.044786  loss_kpt: 0.044786  acc_pose: 1.000000
2026/09/16 15:44:47 - mmengine - INFO - Exp name: rtmpose-m_lumbar-coco_1stage_20260916_153635
2026/09/16 15:44:47 - mmengine - INFO - Epoch(train) [210][10/10]  base_lr: 5.000000e-04 lr: 5.000000e-04  eta: 0:07:32  time: 0.216213  data_time: 0.100822  memory: 3109  grad_norm: 0.267488  loss: 0.048143  loss_kpt: 0.048143  acc_pose: 0.994272
2026/09/16 15:44:47 - mmengine - INFO - Saving checkpoint at 210 epochs
2026/09/16 15:44:47 - mmengine - INFO - Evaluating CocoMetric...
2026/09/16 15:44:47 - mmengine - INFO - Evaluating PCKAccuracy (normalized by ``"bbox_size"``)...
2026/09/16 15:44:47 - mmengine - INFO - Epoch(val) [210][3/3]    coco/AP: 0.991015  coco/AP .5: 1.000000  coco/AP .75: 1.000000  coco/AP (M): -1.000000  coco/AP (L): 0.991015  coco/AR: 0.992500  coco/AR .5: 1.000000  coco/AR .75: 1.000000  coco/AR (M): -1.000000  coco/AR (L): 0.992500  PCK: 0.995455  data_time: 0.076581  time: 0.093039
2026/09/16 15:44:50 - mmengine - INFO - Exp name: rtmpose-m_lumbar-coco_1stage_20260916_153635
2026/09/16 15:44:50 - mmengine - INFO - Epoch(train) [211][10/10]  base_lr: 4.999785e-04 lr: 4.999785e-04  eta: 0:07:30  time: 0.216403  data_time: 0.103016  memory: 3109  grad_norm: 0.248330  loss: 0.049893  loss_kpt: 0.049893  acc_pose: 0.994318
2026/09/16 15:44:52 - mmengine - INFO - Exp name: rtmpose-m_lumbar-coco_1stage_20260916_153635
2026/09/16 15:44:52 - mmengine - INFO - Epoch(train) [212][10/10]  base_lr: 4.999041e-04 lr: 4.999041e-04  eta: 0:07:28  time: 0.215688  data_time: 0.102244  memory: 3109  grad_norm: 0.226703  loss: 0.048347  loss_kpt: 0.048347  acc_pose: 1.000000
2026/09/16 15:44:54 - mmengine - INFO - Exp name: rtmpose-m_lumbar-coco_1stage_20260916_153635
2026/09/16 15:44:54 - mmengine - INFO - Epoch(train) [213][10/10]  base_lr: 4.997765e-04 lr: 4.997765e-04  eta: 0:07:26  time: 0.215647  data_time: 0.102049  memory: 3109  grad_norm: 0.224686  loss: 0.047811  loss_kpt: 0.047811  acc_pose: 1.000000
2026/09/16 15:44:56 - mmengine - INFO - Exp name: rtmpose-m_lumbar-coco_1stage_20260916_153635
2026/09/16 15:44:56 - mmengine - INFO - Epoch(train) [214][10/10]  base_lr: 4.995959e-04 lr: 4.995959e-04  eta: 0:07:24  time: 0.215459  data_time: 0.101821  memory: 3109  grad_norm: 0.229045  loss: 0.047598  loss_kpt: 0.047598  acc_pose: 1.000000
2026/09/16 15:44:58 - mmengine - INFO - Exp name: rtmpose-m_lumbar-coco_1stage_20260916_153635
2026/09/16 15:44:58 - mmengine - INFO - Epoch(train) [215][10/10]  base_lr: 4.993622e-04 lr: 4.993622e-04  eta: 0:07:22  time: 0.215500  data_time: 0.101630  memory: 3109  grad_norm: 0.226440  loss: 0.046525  loss_kpt: 0.046525  acc_pose: 0.998580
2026/09/16 15:45:00 - mmengine - INFO - Exp name: rtmpose-m_lumbar-coco_1stage_20260916_153635
2026/09/16 15:45:00 - mmengine - INFO - Epoch(train) [216][10/10]  base_lr: 4.990755e-04 lr: 4.990755e-04  eta: 0:07:19  time: 0.214456  data_time: 0.100340  memory: 3109  grad_norm: 0.233010  loss: 0.046465  loss_kpt: 0.046465  acc_pose: 0.971453
2026/09/16 15:45:03 - mmengine - INFO - Exp name: rtmpose-m_lumbar-coco_1stage_20260916_153635
2026/09/16 15:45:03 - mmengine - INFO - Epoch(train) [217][10/10]  base_lr: 4.987358e-04 lr: 4.987358e-04  eta: 0:07:17  time: 0.214320  data_time: 0.100252  memory: 3109  grad_norm: 0.233071  loss: 0.046516  loss_kpt: 0.046516  acc_pose: 0.995693
2026/09/16 15:45:05 - mmengine - INFO - Exp name: rtmpose-m_lumbar-coco_1stage_20260916_153635
2026/09/16 15:45:05 - mmengine - INFO - Epoch(train) [218][10/10]  base_lr: 4.983433e-04 lr: 4.983433e-04  eta: 0:07:15  time: 0.215230  data_time: 0.101242  memory: 3109  grad_norm: 0.225704  loss: 0.046000  loss_kpt: 0.046000  acc_pose: 0.998580
2026/09/16 15:45:07 - mmengine - INFO - Exp name: rtmpose-m_lumbar-coco_1stage_20260916_153635
2026/09/16 15:45:07 - mmengine - INFO - Epoch(train) [219][10/10]  base_lr: 4.978980e-04 lr: 4.978980e-04  eta: 0:07:13  time: 0.214621  data_time: 0.100512  memory: 3109  grad_norm: 0.208389  loss: 0.044791  loss_kpt: 0.044791  acc_pose: 0.991477
2026/09/16 15:45:09 - mmengine - INFO - Exp name: rtmpose-m_lumbar-coco_1stage_20260916_153635
2026/09/16 15:45:09 - mmengine - INFO - Epoch(train) [220][10/10]  base_lr: 4.974000e-04 lr: 4.974000e-04  eta: 0:07:11  time: 0.214968  data_time: 0.101123  memory: 3109  grad_norm: 0.199318  loss: 0.043153  loss_kpt: 0.043153  acc_pose: 0.998580
2026/09/16 15:45:09 - mmengine - INFO - Saving checkpoint at 220 epochs
2026/09/16 15:45:10 - mmengine - INFO - Evaluating CocoMetric...
2026/09/16 15:45:10 - mmengine - INFO - Evaluating PCKAccuracy (normalized by ``"bbox_size"``)...
2026/09/16 15:45:10 - mmengine - INFO - Epoch(val) [220][3/3]    coco/AP: 0.997030  coco/AP .5: 1.000000  coco/AP .75: 1.000000  coco/AP (M): -1.000000  coco/AP (L): 0.997030  coco/AR: 0.997500  coco/AR .5: 1.000000  coco/AR .75: 1.000000  coco/AR (M): -1.000000  coco/AR (L): 0.997500  PCK: 0.998864  data_time: 0.077152  time: 0.093472
2026/09/16 15:45:12 - mmengine - INFO - Exp name: rtmpose-m_lumbar-coco_1stage_20260916_153635
2026/09/16 15:45:12 - mmengine - INFO - Epoch(train) [221][10/10]  base_lr: 4.968495e-04 lr: 4.968495e-04  eta: 0:07:09  time: 0.214766  data_time: 0.101035  memory: 3109  grad_norm: 0.196048  loss: 0.041265  loss_kpt: 0.041265  acc_pose: 0.982909
2026/09/16 15:45:14 - mmengine - INFO - Exp name: rtmpose-m_lumbar-coco_1stage_20260916_153635
2026/09/16 15:45:14 - mmengine - INFO - Epoch(train) [222][10/10]  base_lr: 4.962465e-04 lr: 4.962465e-04  eta: 0:07:07  time: 0.215101  data_time: 0.101321  memory: 3109  grad_norm: 0.194000  loss: 0.040066  loss_kpt: 0.040066  acc_pose: 1.000000
2026/09/16 15:45:16 - mmengine - INFO - Exp name: rtmpose-m_lumbar-coco_1stage_20260916_153635
2026/09/16 15:45:16 - mmengine - INFO - Epoch(train) [223][10/10]  base_lr: 4.955911e-04 lr: 4.955911e-04  eta: 0:07:04  time: 0.215590  data_time: 0.100145  memory: 3109  grad_norm: 0.192176  loss: 0.039308  loss_kpt: 0.039308  acc_pose: 1.000000
2026/09/16 15:45:19 - mmengine - INFO - Exp name: rtmpose-m_lumbar-coco_1stage_20260916_153635
2026/09/16 15:45:19 - mmengine - INFO - Epoch(train) [224][10/10]  base_lr: 4.948837e-04 lr: 4.948837e-04  eta: 0:07:02  time: 0.216358  data_time: 0.101156  memory: 3109  grad_norm: 0.188567  loss: 0.038605  loss_kpt: 0.038605  acc_pose: 1.000000
2026/09/16 15:45:21 - mmengine - INFO - Exp name: rtmpose-m_lumbar-coco_1stage_20260916_153635
2026/09/16 15:45:21 - mmengine - INFO - Epoch(train) [225][10/10]  base_lr: 4.941242e-04 lr: 4.941242e-04  eta: 0:07:00  time: 0.216022  data_time: 0.100545  memory: 3109  grad_norm: 0.179453  loss: 0.037948  loss_kpt: 0.037948  acc_pose: 1.000000
2026/09/16 15:45:23 - mmengine - INFO - Exp name: rtmpose-m_lumbar-coco_1stage_20260916_153635
2026/09/16 15:45:23 - mmengine - INFO - Epoch(train) [226][10/10]  base_lr: 4.933129e-04 lr: 4.933129e-04  eta: 0:06:58  time: 0.215831  data_time: 0.100270  memory: 3109  grad_norm: 0.170058  loss: 0.036798  loss_kpt: 0.036798  acc_pose: 1.000000
2026/09/16 15:45:25 - mmengine - INFO - Exp name: rtmpose-m_lumbar-coco_1stage_20260916_153635
2026/09/16 15:45:25 - mmengine - INFO - Epoch(train) [227][10/10]  base_lr: 4.924499e-04 lr: 4.924499e-04  eta: 0:06:56  time: 0.216083  data_time: 0.100635  memory: 3109  grad_norm: 0.172718  loss: 0.036178  loss_kpt: 0.036178  acc_pose: 1.000000
2026/09/16 15:45:27 - mmengine - INFO - Exp name: rtmpose-m_lumbar-coco_1stage_20260916_153635
2026/09/16 15:45:27 - mmengine - INFO - Epoch(train) [228][10/10]  base_lr: 4.915354e-04 lr: 4.915354e-04  eta: 0:06:54  time: 0.214330  data_time: 0.100667  memory: 3109  grad_norm: 0.171610  loss: 0.035589  loss_kpt: 0.035589  acc_pose: 0.997159
2026/09/16 15:45:29 - mmengine - INFO - Exp name: rtmpose-m_lumbar-coco_1stage_20260916_153635
2026/09/16 15:45:29 - mmengine - INFO - Epoch(train) [229][10/10]  base_lr: 4.905698e-04 lr: 4.905698e-04  eta: 0:06:51  time: 0.214086  data_time: 0.100301  memory: 3109  grad_norm: 0.171227  loss: 0.035443  loss_kpt: 0.035443  acc_pose: 1.000000
2026/09/16 15:45:31 - mmengine - INFO - Exp name: rtmpose-m_lumbar-coco_1stage_20260916_153635
2026/09/16 15:45:31 - mmengine - INFO - Epoch(train) [230][10/10]  base_lr: 4.895530e-04 lr: 4.895530e-04  eta: 0:06:49  time: 0.214374  data_time: 0.100759  memory: 3109  grad_norm: 0.174822  loss: 0.035101  loss_kpt: 0.035101  acc_pose: 0.998580
2026/09/16 15:45:31 - mmengine - INFO - Saving checkpoint at 230 epochs
2026/09/16 15:45:32 - mmengine - INFO - Evaluating CocoMetric...
2026/09/16 15:45:32 - mmengine - INFO - Evaluating PCKAccuracy (normalized by ``"bbox_size"``)...
2026/09/16 15:45:32 - mmengine - INFO - Epoch(val) [230][3/3]    coco/AP: 0.997030  coco/AP .5: 1.000000  coco/AP .75: 1.000000  coco/AP (M): -1.000000  coco/AP (L): 0.997030  coco/AR: 0.997500  coco/AR .5: 1.000000  coco/AR .75: 1.000000  coco/AR (M): -1.000000  coco/AR (L): 0.997500  PCK: 0.998864  data_time: 0.076408  time: 0.092718
2026/09/16 15:45:34 - mmengine - INFO - Exp name: rtmpose-m_lumbar-coco_1stage_20260916_153635
2026/09/16 15:45:34 - mmengine - INFO - Epoch(train) [231][10/10]  base_lr: 4.884855e-04 lr: 4.884855e-04  eta: 0:06:47  time: 0.214421  data_time: 0.100529  memory: 3109  grad_norm: 0.179170  loss: 0.035288  loss_kpt: 0.035288  acc_pose: 1.000000
2026/09/16 15:45:37 - mmengine - INFO - Exp name: rtmpose-m_lumbar-coco_1stage_20260916_153635
2026/09/16 15:45:37 - mmengine - INFO - Epoch(train) [232][10/10]  base_lr: 4.873673e-04 lr: 4.873673e-04  eta: 0:06:45  time: 0.214472  data_time: 0.100605  memory: 3109  grad_norm: 0.176093  loss: 0.035070  loss_kpt: 0.035070  acc_pose: 1.000000
2026/09/16 15:45:39 - mmengine - INFO - Exp name: rtmpose-m_lumbar-coco_1stage_20260916_153635
2026/09/16 15:45:39 - mmengine - INFO - Epoch(train) [233][10/10]  base_lr: 4.861989e-04 lr: 4.861989e-04  eta: 0:06:43  time: 0.215737  data_time: 0.101721  memory: 3109  grad_norm: 0.179113  loss: 0.034998  loss_kpt: 0.034998  acc_pose: 0.998580
2026/09/16 15:45:41 - mmengine - INFO - Exp name: rtmpose-m_lumbar-coco_1stage_20260916_153635
2026/09/16 15:45:41 - mmengine - INFO - Epoch(train) [234][10/10]  base_lr: 4.849804e-04 lr: 4.849804e-04  eta: 0:06:41  time: 0.215833  data_time: 0.101953  memory: 3109  grad_norm: 0.180446  loss: 0.034765  loss_kpt: 0.034765  acc_pose: 1.000000
2026/09/16 15:45:43 - mmengine - INFO - Exp name: rtmpose-m_lumbar-coco_1stage_20260916_153635
2026/09/16 15:45:43 - mmengine - INFO - Epoch(train) [235][10/10]  base_lr: 4.837121e-04 lr: 4.837121e-04  eta: 0:06:38  time: 0.216460  data_time: 0.102752  memory: 3109  grad_norm: 0.181466  loss: 0.034654  loss_kpt: 0.034654  acc_pose: 1.000000
2026/09/16 15:45:45 - mmengine - INFO - Exp name: rtmpose-m_lumbar-coco_1stage_20260916_153635
2026/09/16 15:45:45 - mmengine - INFO - Epoch(train) [236][10/10]  base_lr: 4.823943e-04 lr: 4.823943e-04  eta: 0:06:36  time: 0.216410  data_time: 0.103180  memory: 3109  grad_norm: 0.179512  loss: 0.034086  loss_kpt: 0.034086  acc_pose: 1.000000
2026/09/16 15:45:47 - mmengine - INFO - Exp name: rtmpose-m_lumbar-coco_1stage_20260916_153635
2026/09/16 15:45:47 - mmengine - INFO - Epoch(train) [237][10/10]  base_lr: 4.810272e-04 lr: 4.810272e-04  eta: 0:06:34  time: 0.216253  data_time: 0.103110  memory: 3109  grad_norm: 0.181980  loss: 0.033780  loss_kpt: 0.033780  acc_pose: 1.000000
2026/09/16 15:45:50 - mmengine - INFO - Exp name: rtmpose-m_lumbar-coco_1stage_20260916_153635
2026/09/16 15:45:50 - mmengine - INFO - Epoch(train) [238][10/10]  base_lr: 4.796113e-04 lr: 4.796113e-04  eta: 0:06:32  time: 0.215476  data_time: 0.102621  memory: 3109  grad_norm: 0.181774  loss: 0.033538  loss_kpt: 0.033538  acc_pose: 1.000000
2026/09/16 15:45:52 - mmengine - INFO - Exp name: rtmpose-m_lumbar-coco_1stage_20260916_153635
2026/09/16 15:45:52 - mmengine - INFO - Epoch(train) [239][10/10]  base_lr: 4.781468e-04 lr: 4.781468e-04  eta: 0:06:30  time: 0.214981  data_time: 0.102082  memory: 3109  grad_norm: 0.182420  loss: 0.033166  loss_kpt: 0.033166  acc_pose: 1.000000
2026/09/16 15:45:54 - mmengine - INFO - Exp name: rtmpose-m_lumbar-coco_1stage_20260916_153635
2026/09/16 15:45:54 - mmengine - INFO - Epoch(train) [240][10/10]  base_lr: 4.766340e-04 lr: 4.766340e-04  eta: 0:06:28  time: 0.214238  data_time: 0.101536  memory: 3109  grad_norm: 0.187032  loss: 0.033069  loss_kpt: 0.033069  acc_pose: 0.997159
2026/09/16 15:45:54 - mmengine - INFO - Saving checkpoint at 240 epochs
2026/09/16 15:45:55 - mmengine - INFO - Evaluating CocoMetric...
2026/09/16 15:45:55 - mmengine - INFO - Evaluating PCKAccuracy (normalized by ``"bbox_size"``)...
2026/09/16 15:45:55 - mmengine - INFO - Epoch(val) [240][3/3]    coco/AP: 0.997030  coco/AP .5: 1.000000  coco/AP .75: 1.000000  coco/AP (M): -1.000000  coco/AP (L): 0.997030  coco/AR: 0.997500  coco/AR .5: 1.000000  coco/AR .75: 1.000000  coco/AR (M): -1.000000  coco/AR (L): 0.997500  PCK: 0.998864  data_time: 0.076840  time: 0.092785
2026/09/16 15:45:57 - mmengine - INFO - Exp name: rtmpose-m_lumbar-coco_1stage_20260916_153635
2026/09/16 15:45:57 - mmengine - INFO - Epoch(train) [241][10/10]  base_lr: 4.750733e-04 lr: 4.750733e-04  eta: 0:06:25  time: 0.214545  data_time: 0.102159  memory: 3109  grad_norm: 0.190855  loss: 0.033664  loss_kpt: 0.033664  acc_pose: 1.000000
2026/09/16 15:45:59 - mmengine - INFO - Exp name: rtmpose-m_lumbar-coco_1stage_20260916_153635
2026/09/16 15:45:59 - mmengine - INFO - Epoch(train) [242][10/10]  base_lr: 4.734651e-04 lr: 4.734651e-04  eta: 0:06:23  time: 0.214593  data_time: 0.102351  memory: 3109  grad_norm: 0.194842  loss: 0.033861  loss_kpt: 0.033861  acc_pose: 1.000000
2026/09/16 15:46:01 - mmengine - INFO - Exp name: rtmpose-m_lumbar-coco_1stage_20260916_153635
2026/09/16 15:46:01 - mmengine - INFO - Epoch(train) [243][10/10]  base_lr: 4.718096e-04 lr: 4.718096e-04  eta: 0:06:21  time: 0.214455  data_time: 0.102299  memory: 3109  grad_norm: 0.192169  loss: 0.033751  loss_kpt: 0.033751  acc_pose: 1.000000
2026/09/16 15:46:04 - mmengine - INFO - Exp name: rtmpose-m_lumbar-coco_1stage_20260916_153635
2026/09/16 15:46:04 - mmengine - INFO - Epoch(train) [244][10/10]  base_lr: 4.701072e-04 lr: 4.701072e-04  eta: 0:06:19  time: 0.214227  data_time: 0.102225  memory: 3109  grad_norm: 0.189097  loss: 0.033348  loss_kpt: 0.033348  acc_pose: 1.000000
2026/09/16 15:46:06 - mmengine - INFO - Exp name: rtmpose-m_lumbar-coco_1stage_20260916_153635
2026/09/16 15:46:06 - mmengine - INFO - Epoch(train) [245][10/10]  base_lr: 4.683585e-04 lr: 4.683585e-04  eta: 0:06:17  time: 0.213539  data_time: 0.101594  memory: 3109  grad_norm: 0.180904  loss: 0.032873  loss_kpt: 0.032873  acc_pose: 1.000000
2026/09/16 15:46:08 - mmengine - INFO - Exp name: rtmpose-m_lumbar-coco_1stage_20260916_153635
2026/09/16 15:46:08 - mmengine - INFO - Epoch(train) [246][10/10]  base_lr: 4.665636e-04 lr: 4.665636e-04  eta: 0:06:15  time: 0.213419  data_time: 0.101338  memory: 3109  grad_norm: 0.173521  loss: 0.032111  loss_kpt: 0.032111  acc_pose: 1.000000
2026/09/16 15:46:10 - mmengine - INFO - Exp name: rtmpose-m_lumbar-coco_1stage_20260916_153635
2026/09/16 15:46:10 - mmengine - INFO - Epoch(train) [247][10/10]  base_lr: 4.647231e-04 lr: 4.647231e-04  eta: 0:06:12  time: 0.213743  data_time: 0.101680  memory: 3109  grad_norm: 0.172713  loss: 0.031766  loss_kpt: 0.031766  acc_pose: 1.000000
2026/09/16 15:46:12 - mmengine - INFO - Exp name: rtmpose-m_lumbar-coco_1stage_20260916_153635
2026/09/16 15:46:12 - mmengine - INFO - Epoch(train) [248][10/10]  base_lr: 4.628373e-04 lr: 4.628373e-04  eta: 0:06:10  time: 0.213216  data_time: 0.100859  memory: 3109  grad_norm: 0.172527  loss: 0.031552  loss_kpt: 0.031552  acc_pose: 1.000000
2026/09/16 15:46:15 - mmengine - INFO - Exp name: rtmpose-m_lumbar-coco_1stage_20260916_153635
2026/09/16 15:46:15 - mmengine - INFO - Epoch(train) [249][10/10]  base_lr: 4.609067e-04 lr: 4.609067e-04  eta: 0:06:08  time: 0.214010  data_time: 0.101445  memory: 3109  grad_norm: 0.173698  loss: 0.031642  loss_kpt: 0.031642  acc_pose: 0.995739
2026/09/16 15:46:17 - mmengine - INFO - Exp name: rtmpose-m_lumbar-coco_1stage_20260916_153635
2026/09/16 15:46:17 - mmengine - INFO - Epoch(train) [250][10/10]  base_lr: 4.589316e-04 lr: 4.589316e-04  eta: 0:06:06  time: 0.213752  data_time: 0.101011  memory: 3109  grad_norm: 0.176398  loss: 0.031526  loss_kpt: 0.031526  acc_pose: 1.000000
2026/09/16 15:46:17 - mmengine - INFO - Saving checkpoint at 250 epochs
2026/09/16 15:46:18 - mmengine - INFO - Evaluating CocoMetric...
2026/09/16 15:46:18 - mmengine - INFO - Evaluating PCKAccuracy (normalized by ``"bbox_size"``)...
2026/09/16 15:46:18 - mmengine - INFO - Epoch(val) [250][3/3]    coco/AP: 0.997030  coco/AP .5: 1.000000  coco/AP .75: 1.000000  coco/AP (M): -1.000000  coco/AP (L): 0.997030  coco/AR: 0.997500  coco/AR .5: 1.000000  coco/AR .75: 1.000000  coco/AR (M): -1.000000  coco/AR (L): 0.997500  PCK: 0.998864  data_time: 0.077431  time: 0.093812
2026/09/16 15:46:20 - mmengine - INFO - Exp name: rtmpose-m_lumbar-coco_1stage_20260916_153635
2026/09/16 15:46:20 - mmengine - INFO - Epoch(train) [251][10/10]  base_lr: 4.569127e-04 lr: 4.569127e-04  eta: 0:06:04  time: 0.212933  data_time: 0.099898  memory: 3109  grad_norm: 0.176849  loss: 0.031252  loss_kpt: 0.031252  acc_pose: 0.998534
2026/09/16 15:46:22 - mmengine - INFO - Exp name: rtmpose-m_lumbar-coco_1stage_20260916_153635
2026/09/16 15:46:22 - mmengine - INFO - Epoch(train) [252][10/10]  base_lr: 4.548502e-04 lr: 4.548502e-04  eta: 0:06:02  time: 0.212533  data_time: 0.099433  memory: 3109  grad_norm: 0.171537  loss: 0.031077  loss_kpt: 0.031077  acc_pose: 1.000000
2026/09/16 15:46:24 - mmengine - INFO - Exp name: rtmpose-m_lumbar-coco_1stage_20260916_153635
2026/09/16 15:46:24 - mmengine - INFO - Epoch(train) [253][10/10]  base_lr: 4.527446e-04 lr: 4.527446e-04  eta: 0:05:59  time: 0.213859  data_time: 0.101090  memory: 3109  grad_norm: 0.172962  loss: 0.030804  loss_kpt: 0.030804  acc_pose: 0.998580
2026/09/16 15:46:26 - mmengine - INFO - Exp name: rtmpose-m_lumbar-coco_1stage_20260916_153635
2026/09/16 15:46:26 - mmengine - INFO - Epoch(train) [254][10/10]  base_lr: 4.505965e-04 lr: 4.505965e-04  eta: 0:05:57  time: 0.214262  data_time: 0.101696  memory: 3109  grad_norm: 0.173481  loss: 0.030712  loss_kpt: 0.030712  acc_pose: 1.000000
2026/09/16 15:46:28 - mmengine - INFO - Exp name: rtmpose-m_lumbar-coco_1stage_20260916_153635
2026/09/16 15:46:28 - mmengine - INFO - Epoch(train) [255][10/10]  base_lr: 4.484063e-04 lr: 4.484063e-04  eta: 0:05:55  time: 0.214732  data_time: 0.102353  memory: 3109  grad_norm: 0.173612  loss: 0.030670  loss_kpt: 0.030670  acc_pose: 1.000000
2026/09/16 15:46:30 - mmengine - INFO - Exp name: rtmpose-m_lumbar-coco_1stage_20260916_153635
2026/09/16 15:46:30 - mmengine - INFO - Epoch(train) [256][10/10]  base_lr: 4.461745e-04 lr: 4.461745e-04  eta: 0:05:53  time: 0.215432  data_time: 0.103265  memory: 3109  grad_norm: 0.174573  loss: 0.030846  loss_kpt: 0.030846  acc_pose: 1.000000
2026/09/16 15:46:32 - mmengine - INFO - Exp name: rtmpose-m_lumbar-coco_1stage_20260916_153635
2026/09/16 15:46:32 - mmengine - INFO - Epoch(train) [257][10/10]  base_lr: 4.439016e-04 lr: 4.439016e-04  eta: 0:05:51  time: 0.213387  data_time: 0.101168  memory: 3109  grad_norm: 0.173073  loss: 0.030571  loss_kpt: 0.030571  acc_pose: 1.000000
2026/09/16 15:46:35 - mmengine - INFO - Exp name: rtmpose-m_lumbar-coco_1stage_20260916_153635
2026/09/16 15:46:35 - mmengine - INFO - Epoch(train) [258][10/10]  base_lr: 4.415880e-04 lr: 4.415880e-04  eta: 0:05:49  time: 0.212459  data_time: 0.100196  memory: 3109  grad_norm: 0.168805  loss: 0.030561  loss_kpt: 0.030561  acc_pose: 1.000000
2026/09/16 15:46:37 - mmengine - INFO - Exp name: rtmpose-m_lumbar-coco_1stage_20260916_153635
2026/09/16 15:46:37 - mmengine - INFO - Epoch(train) [259][10/10]  base_lr: 4.392344e-04 lr: 4.392344e-04  eta: 0:05:46  time: 0.210316  data_time: 0.098107  memory: 3109  grad_norm: 0.168753  loss: 0.030490  loss_kpt: 0.030490  acc_pose: 1.000000
2026/09/16 15:46:39 - mmengine - INFO - Exp name: rtmpose-m_lumbar-coco_1stage_20260916_153635
2026/09/16 15:46:39 - mmengine - INFO - Epoch(train) [260][10/10]  base_lr: 4.368413e-04 lr: 4.368413e-04  eta: 0:05:44  time: 0.211344  data_time: 0.099089  memory: 3109  grad_norm: 0.166261  loss: 0.030194  loss_kpt: 0.030194  acc_pose: 1.000000
2026/09/16 15:46:39 - mmengine - INFO - Saving checkpoint at 260 epochs
2026/09/16 15:46:40 - mmengine - INFO - Evaluating CocoMetric...
2026/09/16 15:46:40 - mmengine - INFO - Evaluating PCKAccuracy (normalized by ``"bbox_size"``)...
2026/09/16 15:46:40 - mmengine - INFO - Epoch(val) [260][3/3]    coco/AP: 0.994059  coco/AP .5: 1.000000  coco/AP .75: 1.000000  coco/AP (M): -1.000000  coco/AP (L): 0.994059  coco/AR: 0.995000  coco/AR .5: 1.000000  coco/AR .75: 1.000000  coco/AR (M): -1.000000  coco/AR (L): 0.995000  PCK: 0.997727  data_time: 0.077323  time: 0.093263
2026/09/16 15:46:42 - mmengine - INFO - Exp name: rtmpose-m_lumbar-coco_1stage_20260916_153635
2026/09/16 15:46:42 - mmengine - INFO - Epoch(train) [261][10/10]  base_lr: 4.344091e-04 lr: 4.344091e-04  eta: 0:05:42  time: 0.212112  data_time: 0.099853  memory: 3109  grad_norm: 0.162730  loss: 0.029772  loss_kpt: 0.029772  acc_pose: 1.000000
2026/09/16 15:46:44 - mmengine - INFO - Exp name: rtmpose-m_lumbar-coco_1stage_20260916_153635
2026/09/16 15:46:44 - mmengine - INFO - Epoch(train) [262][10/10]  base_lr: 4.319385e-04 lr: 4.319385e-04  eta: 0:05:40  time: 0.213856  data_time: 0.101615  memory: 3109  grad_norm: 0.161875  loss: 0.029717  loss_kpt: 0.029717  acc_pose: 0.998485
2026/09/16 15:46:46 - mmengine - INFO - Exp name: rtmpose-m_lumbar-coco_1stage_20260916_153635
2026/09/16 15:46:46 - mmengine - INFO - Epoch(train) [263][10/10]  base_lr: 4.294299e-04 lr: 4.294299e-04  eta: 0:05:38  time: 0.213496  data_time: 0.101215  memory: 3109  grad_norm: 0.164547  loss: 0.029635  loss_kpt: 0.029635  acc_pose: 1.000000
2026/09/16 15:46:49 - mmengine - INFO - Exp name: rtmpose-m_lumbar-coco_1stage_20260916_153635
2026/09/16 15:46:49 - mmengine - INFO - Epoch(train) [264][10/10]  base_lr: 4.268840e-04 lr: 4.268840e-04  eta: 0:05:36  time: 0.215628  data_time: 0.103406  memory: 3109  grad_norm: 0.163322  loss: 0.029291  loss_kpt: 0.029291  acc_pose: 1.000000
2026/09/16 15:46:51 - mmengine - INFO - Exp name: rtmpose-m_lumbar-coco_1stage_20260916_153635
2026/09/16 15:46:51 - mmengine - INFO - Epoch(train) [265][10/10]  base_lr: 4.243013e-04 lr: 4.243013e-04  eta: 0:05:33  time: 0.213969  data_time: 0.101634  memory: 3109  grad_norm: 0.161284  loss: 0.029228  loss_kpt: 0.029228  acc_pose: 1.000000
2026/09/16 15:46:53 - mmengine - INFO - Exp name: rtmpose-m_lumbar-coco_1stage_20260916_153635
2026/09/16 15:46:53 - mmengine - INFO - Epoch(train) [266][10/10]  base_lr: 4.216824e-04 lr: 4.216824e-04  eta: 0:05:31  time: 0.213529  data_time: 0.101380  memory: 3109  grad_norm: 0.162731  loss: 0.029144  loss_kpt: 0.029144  acc_pose: 1.000000
2026/09/16 15:46:55 - mmengine - INFO - Exp name: rtmpose-m_lumbar-coco_1stage_20260916_153635
2026/09/16 15:46:55 - mmengine - INFO - Epoch(train) [267][10/10]  base_lr: 4.190278e-04 lr: 4.190278e-04  eta: 0:05:29  time: 0.212824  data_time: 0.100612  memory: 3109  grad_norm: 0.165053  loss: 0.028868  loss_kpt: 0.028868  acc_pose: 0.998433
2026/09/16 15:46:57 - mmengine - INFO - Exp name: rtmpose-m_lumbar-coco_1stage_20260916_153635
2026/09/16 15:46:57 - mmengine - INFO - Epoch(train) [268][10/10]  base_lr: 4.163383e-04 lr: 4.163383e-04  eta: 0:05:27  time: 0.214373  data_time: 0.102275  memory: 3109  grad_norm: 0.162473  loss: 0.028563  loss_kpt: 0.028563  acc_pose: 1.000000
2026/09/16 15:46:59 - mmengine - INFO - Exp name: rtmpose-m_lumbar-coco_1stage_20260916_153635
2026/09/16 15:46:59 - mmengine - INFO - Epoch(train) [269][10/10]  base_lr: 4.136143e-04 lr: 4.136143e-04  eta: 0:05:25  time: 0.213514  data_time: 0.101404  memory: 3109  grad_norm: 0.162695  loss: 0.028375  loss_kpt: 0.028375  acc_pose: 0.998580
2026/09/16 15:47:01 - mmengine - INFO - Exp name: rtmpose-m_lumbar-coco_1stage_20260916_153635
2026/09/16 15:47:01 - mmengine - INFO - Epoch(train) [270][10/10]  base_lr: 4.108564e-04 lr: 4.108564e-04  eta: 0:05:23  time: 0.213501  data_time: 0.101482  memory: 3109  grad_norm: 0.164627  loss: 0.027980  loss_kpt: 0.027980  acc_pose: 1.000000
2026/09/16 15:47:01 - mmengine - INFO - Saving checkpoint at 270 epochs
2026/09/16 15:47:02 - mmengine - INFO - Evaluating CocoMetric...
2026/09/16 15:47:02 - mmengine - INFO - Evaluating PCKAccuracy (normalized by ``"bbox_size"``)...
2026/09/16 15:47:02 - mmengine - INFO - Epoch(val) [270][3/3]    coco/AP: 0.997030  coco/AP .5: 1.000000  coco/AP .75: 1.000000  coco/AP (M): -1.000000  coco/AP (L): 0.997030  coco/AR: 0.997500  coco/AR .5: 1.000000  coco/AR .75: 1.000000  coco/AR (M): -1.000000  coco/AR (L): 0.997500  PCK: 0.998864  data_time: 0.081012  time: 0.096887
2026/09/16 15:47:04 - mmengine - INFO - Exp name: rtmpose-m_lumbar-coco_1stage_20260916_153635
2026/09/16 15:47:04 - mmengine - INFO - Epoch(train) [271][10/10]  base_lr: 4.080654e-04 lr: 4.080654e-04  eta: 0:05:20  time: 0.212477  data_time: 0.100355  memory: 3109  grad_norm: 0.166578  loss: 0.027893  loss_kpt: 0.027893  acc_pose: 1.000000
2026/09/16 15:47:07 - mmengine - INFO - Exp name: rtmpose-m_lumbar-coco_1stage_20260916_153635
2026/09/16 15:47:07 - mmengine - INFO - Epoch(train) [272][10/10]  base_lr: 4.052418e-04 lr: 4.052418e-04  eta: 0:05:18  time: 0.213393  data_time: 0.101433  memory: 3109  grad_norm: 0.167532  loss: 0.027674  loss_kpt: 0.027674  acc_pose: 1.000000
2026/09/16 15:47:09 - mmengine - INFO - Exp name: rtmpose-m_lumbar-coco_1stage_20260916_153635
2026/09/16 15:47:09 - mmengine - INFO - Epoch(train) [273][10/10]  base_lr: 4.023863e-04 lr: 4.023863e-04  eta: 0:05:16  time: 0.212600  data_time: 0.100704  memory: 3109  grad_norm: 0.175113  loss: 0.027946  loss_kpt: 0.027946  acc_pose: 0.998485
2026/09/16 15:47:11 - mmengine - INFO - Exp name: rtmpose-m_lumbar-coco_1stage_20260916_153635
2026/09/16 15:47:11 - mmengine - INFO - Epoch(train) [274][10/10]  base_lr: 3.994994e-04 lr: 3.994994e-04  eta: 0:05:14  time: 0.212728  data_time: 0.100769  memory: 3109  grad_norm: 0.178180  loss: 0.028306  loss_kpt: 0.028306  acc_pose: 1.000000
2026/09/16 15:47:13 - mmengine - INFO - Exp name: rtmpose-m_lumbar-coco_1stage_20260916_153635
2026/09/16 15:47:13 - mmengine - INFO - Epoch(train) [275][10/10]  base_lr: 3.965819e-04 lr: 3.965819e-04  eta: 0:05:12  time: 0.212549  data_time: 0.100561  memory: 3109  grad_norm: 0.185321  loss: 0.028957  loss_kpt: 0.028957  acc_pose: 1.000000
2026/09/16 15:47:15 - mmengine - INFO - Exp name: rtmpose-m_lumbar-coco_1stage_20260916_153635
2026/09/16 15:47:15 - mmengine - INFO - Epoch(train) [276][10/10]  base_lr: 3.936344e-04 lr: 3.936344e-04  eta: 0:05:10  time: 0.213880  data_time: 0.101658  memory: 3109  grad_norm: 0.182328  loss: 0.028853  loss_kpt: 0.028853  acc_pose: 1.000000
2026/09/16 15:47:17 - mmengine - INFO - Exp name: rtmpose-m_lumbar-coco_1stage_20260916_153635
2026/09/16 15:47:17 - mmengine - INFO - Epoch(train) [277][10/10]  base_lr: 3.906575e-04 lr: 3.906575e-04  eta: 0:05:07  time: 0.213366  data_time: 0.100697  memory: 3109  grad_norm: 0.179715  loss: 0.028913  loss_kpt: 0.028913  acc_pose: 1.000000
2026/09/16 15:47:19 - mmengine - INFO - Exp name: rtmpose-m_lumbar-coco_1stage_20260916_153635
2026/09/16 15:47:19 - mmengine - INFO - Epoch(train) [278][10/10]  base_lr: 3.876520e-04 lr: 3.876520e-04  eta: 0:05:05  time: 0.212183  data_time: 0.098769  memory: 3109  grad_norm: 0.171708  loss: 0.028112  loss_kpt: 0.028112  acc_pose: 0.998580
2026/09/16 15:47:22 - mmengine - INFO - Exp name: rtmpose-m_lumbar-coco_1stage_20260916_153635
2026/09/16 15:47:22 - mmengine - INFO - Epoch(train) [279][10/10]  base_lr: 3.846184e-04 lr: 3.846184e-04  eta: 0:05:03  time: 0.213477  data_time: 0.099568  memory: 3109  grad_norm: 0.167237  loss: 0.027518  loss_kpt: 0.027518  acc_pose: 1.000000
2026/09/16 15:47:24 - mmengine - INFO - Exp name: rtmpose-m_lumbar-coco_1stage_20260916_153635
2026/09/16 15:47:24 - mmengine - INFO - Epoch(train) [280][10/10]  base_lr: 3.815576e-04 lr: 3.815576e-04  eta: 0:05:01  time: 0.214598  data_time: 0.100695  memory: 3109  grad_norm: 0.157883  loss: 0.026874  loss_kpt: 0.026874  acc_pose: 1.000000
2026/09/16 15:47:24 - mmengine - INFO - Saving checkpoint at 280 epochs
2026/09/16 15:47:25 - mmengine - INFO - Evaluating CocoMetric...
2026/09/16 15:47:25 - mmengine - INFO - Evaluating PCKAccuracy (normalized by ``"bbox_size"``)...
2026/09/16 15:47:25 - mmengine - INFO - Epoch(val) [280][3/3]    coco/AP: 0.997030  coco/AP .5: 1.000000  coco/AP .75: 1.000000  coco/AP (M): -1.000000  coco/AP (L): 0.997030  coco/AR: 0.997500  coco/AR .5: 1.000000  coco/AR .75: 1.000000  coco/AR (M): -1.000000  coco/AR (L): 0.997500  PCK: 0.998864  data_time: 0.077373  time: 0.093204
2026/09/16 15:47:27 - mmengine - INFO - Exp name: rtmpose-m_lumbar-coco_1stage_20260916_153635
2026/09/16 15:47:27 - mmengine - INFO - Epoch(train) [281][10/10]  base_lr: 3.784700e-04 lr: 3.784700e-04  eta: 0:04:59  time: 0.213791  data_time: 0.100054  memory: 3109  grad_norm: 0.157719  loss: 0.026465  loss_kpt: 0.026465  acc_pose: 0.997113
2026/09/16 15:47:29 - mmengine - INFO - Exp name: rtmpose-m_lumbar-coco_1stage_20260916_153635
2026/09/16 15:47:29 - mmengine - INFO - Epoch(train) [282][10/10]  base_lr: 3.753566e-04 lr: 3.753566e-04  eta: 0:04:57  time: 0.213666  data_time: 0.100004  memory: 3109  grad_norm: 0.156568  loss: 0.026211  loss_kpt: 0.026211  acc_pose: 1.000000
2026/09/16 15:47:31 - mmengine - INFO - Exp name: rtmpose-m_lumbar-coco_1stage_20260916_153635
2026/09/16 15:47:31 - mmengine - INFO - Epoch(train) [283][10/10]  base_lr: 3.722178e-04 lr: 3.722178e-04  eta: 0:04:54  time: 0.214251  data_time: 0.101272  memory: 3109  grad_norm: 0.156965  loss: 0.026018  loss_kpt: 0.026018  acc_pose: 0.998534
2026/09/16 15:47:33 - mmengine - INFO - Exp name: rtmpose-m_lumbar-coco_1stage_20260916_153635
2026/09/16 15:47:33 - mmengine - INFO - Epoch(train) [284][10/10]  base_lr: 3.690545e-04 lr: 3.690545e-04  eta: 0:04:52  time: 0.213692  data_time: 0.101253  memory: 3109  grad_norm: 0.153645  loss: 0.025466  loss_kpt: 0.025466  acc_pose: 1.000000
2026/09/16 15:47:35 - mmengine - INFO - Exp name: rtmpose-m_lumbar-coco_1stage_20260916_153635
2026/09/16 15:47:35 - mmengine - INFO - Epoch(train) [285][10/10]  base_lr: 3.658674e-04 lr: 3.658674e-04  eta: 0:04:50  time: 0.213641  data_time: 0.100794  memory: 3109  grad_norm: 0.154347  loss: 0.025125  loss_kpt: 0.025125  acc_pose: 1.000000
2026/09/16 15:47:37 - mmengine - INFO - Exp name: rtmpose-m_lumbar-coco_1stage_20260916_153635
2026/09/16 15:47:37 - mmengine - INFO - Epoch(train) [286][10/10]  base_lr: 3.626571e-04 lr: 3.626571e-04  eta: 0:04:48  time: 0.213465  data_time: 0.100255  memory: 3109  grad_norm: 0.159881  loss: 0.025043  loss_kpt: 0.025043  acc_pose: 0.998580
2026/09/16 15:47:40 - mmengine - INFO - Exp name: rtmpose-m_lumbar-coco_1stage_20260916_153635
2026/09/16 15:47:40 - mmengine - INFO - Epoch(train) [287][10/10]  base_lr: 3.594244e-04 lr: 3.594244e-04  eta: 0:04:46  time: 0.214129  data_time: 0.101007  memory: 3109  grad_norm: 0.165393  loss: 0.025206  loss_kpt: 0.025206  acc_pose: 1.000000
2026/09/16 15:47:42 - mmengine - INFO - Exp name: rtmpose-m_lumbar-coco_1stage_20260916_153635
2026/09/16 15:47:42 - mmengine - INFO - Epoch(train) [288][10/10]  base_lr: 3.561700e-04 lr: 3.561700e-04  eta: 0:04:44  time: 0.214359  data_time: 0.101222  memory: 3109  grad_norm: 0.171037  loss: 0.025623  loss_kpt: 0.025623  acc_pose: 1.000000
2026/09/16 15:47:44 - mmengine - INFO - Exp name: rtmpose-m_lumbar-coco_1stage_20260916_153635
2026/09/16 15:47:44 - mmengine - INFO - Epoch(train) [289][10/10]  base_lr: 3.528947e-04 lr: 3.528947e-04  eta: 0:04:41  time: 0.212525  data_time: 0.099351  memory: 3109  grad_norm: 0.180045  loss: 0.026087  loss_kpt: 0.026087  acc_pose: 1.000000
2026/09/16 15:47:46 - mmengine - INFO - Exp name: rtmpose-m_lumbar-coco_1stage_20260916_153635
2026/09/16 15:47:46 - mmengine - INFO - Epoch(train) [290][10/10]  base_lr: 3.495991e-04 lr: 3.495991e-04  eta: 0:04:39  time: 0.212300  data_time: 0.099553  memory: 3109  grad_norm: 0.180630  loss: 0.026145  loss_kpt: 0.026145  acc_pose: 1.000000
2026/09/16 15:47:46 - mmengine - INFO - Saving checkpoint at 290 epochs
2026/09/16 15:47:47 - mmengine - INFO - Evaluating CocoMetric...
2026/09/16 15:47:47 - mmengine - INFO - Evaluating PCKAccuracy (normalized by ``"bbox_size"``)...
2026/09/16 15:47:47 - mmengine - INFO - Epoch(val) [290][3/3]    coco/AP: 0.993882  coco/AP .5: 1.000000  coco/AP .75: 1.000000  coco/AP (M): -1.000000  coco/AP (L): 0.993882  coco/AR: 0.995000  coco/AR .5: 1.000000  coco/AR .75: 1.000000  coco/AR (M): -1.000000  coco/AR (L): 0.995000  PCK: 0.997727  data_time: 0.076572  time: 0.092903
2026/09/16 15:47:49 - mmengine - INFO - Exp name: rtmpose-m_lumbar-coco_1stage_20260916_153635
2026/09/16 15:47:49 - mmengine - INFO - Epoch(train) [291][10/10]  base_lr: 3.462841e-04 lr: 3.462841e-04  eta: 0:04:37  time: 0.212523  data_time: 0.100195  memory: 3109  grad_norm: 0.175346  loss: 0.025955  loss_kpt: 0.025955  acc_pose: 1.000000
2026/09/16 15:47:51 - mmengine - INFO - Exp name: rtmpose-m_lumbar-coco_1stage_20260916_153635
2026/09/16 15:47:51 - mmengine - INFO - Epoch(train) [292][10/10]  base_lr: 3.429503e-04 lr: 3.429503e-04  eta: 0:04:35  time: 0.212325  data_time: 0.100303  memory: 3109  grad_norm: 0.169927  loss: 0.025413  loss_kpt: 0.025413  acc_pose: 1.000000
2026/09/16 15:47:53 - mmengine - INFO - Exp name: rtmpose-m_lumbar-coco_1stage_20260916_153635
2026/09/16 15:47:53 - mmengine - INFO - Epoch(train) [293][10/10]  base_lr: 3.395984e-04 lr: 3.395984e-04  eta: 0:04:33  time: 0.211039  data_time: 0.098940  memory: 3109  grad_norm: 0.167056  loss: 0.025104  loss_kpt: 0.025104  acc_pose: 1.000000
2026/09/16 15:47:55 - mmengine - INFO - Exp name: rtmpose-m_lumbar-coco_1stage_20260916_153635
2026/09/16 15:47:55 - mmengine - INFO - Epoch(train) [294][10/10]  base_lr: 3.362294e-04 lr: 3.362294e-04  eta: 0:04:31  time: 0.212313  data_time: 0.100268  memory: 3109  grad_norm: 0.165632  loss: 0.024820  loss_kpt: 0.024820  acc_pose: 1.000000
2026/09/16 15:47:57 - mmengine - INFO - Exp name: rtmpose-m_lumbar-coco_1stage_20260916_153635
2026/09/16 15:47:57 - mmengine - INFO - Epoch(train) [295][10/10]  base_lr: 3.328438e-04 lr: 3.328438e-04  eta: 0:04:28  time: 0.211742  data_time: 0.099731  memory: 3109  grad_norm: 0.167159  loss: 0.024525  loss_kpt: 0.024525  acc_pose: 1.000000
2026/09/16 15:48:00 - mmengine - INFO - Exp name: rtmpose-m_lumbar-coco_1stage_20260916_153635
2026/09/16 15:48:00 - mmengine - INFO - Epoch(train) [296][10/10]  base_lr: 3.294425e-04 lr: 3.294425e-04  eta: 0:04:26  time: 0.211814  data_time: 0.099886  memory: 3109  grad_norm: 0.168981  loss: 0.024829  loss_kpt: 0.024829  acc_pose: 1.000000
2026/09/16 15:48:02 - mmengine - INFO - Exp name: rtmpose-m_lumbar-coco_1stage_20260916_153635
2026/09/16 15:48:02 - mmengine - INFO - Epoch(train) [297][10/10]  base_lr: 3.260262e-04 lr: 3.260262e-04  eta: 0:04:24  time: 0.211957  data_time: 0.100087  memory: 3109  grad_norm: 0.171720  loss: 0.024814  loss_kpt: 0.024814  acc_pose: 1.000000
2026/09/16 15:48:04 - mmengine - INFO - Exp name: rtmpose-m_lumbar-coco_1stage_20260916_153635
2026/09/16 15:48:04 - mmengine - INFO - Epoch(train) [298][10/10]  base_lr: 3.225957e-04 lr: 3.225957e-04  eta: 0:04:22  time: 0.213220  data_time: 0.101298  memory: 3109  grad_norm: 0.170047  loss: 0.024613  loss_kpt: 0.024613  acc_pose: 0.998580
2026/09/16 15:48:06 - mmengine - INFO - Exp name: rtmpose-m_lumbar-coco_1stage_20260916_153635
2026/09/16 15:48:06 - mmengine - INFO - Epoch(train) [299][10/10]  base_lr: 3.191517e-04 lr: 3.191517e-04  eta: 0:04:20  time: 0.213076  data_time: 0.101102  memory: 3109  grad_norm: 0.164720  loss: 0.024470  loss_kpt: 0.024470  acc_pose: 1.000000
2026/09/16 15:48:08 - mmengine - INFO - Exp name: rtmpose-m_lumbar-coco_1stage_20260916_153635
2026/09/16 15:48:08 - mmengine - INFO - Epoch(train) [300][10/10]  base_lr: 3.156951e-04 lr: 3.156951e-04  eta: 0:04:18  time: 0.213493  data_time: 0.101545  memory: 3109  grad_norm: 0.160821  loss: 0.024324  loss_kpt: 0.024324  acc_pose: 1.000000
2026/09/16 15:48:08 - mmengine - INFO - Saving checkpoint at 300 epochs
2026/09/16 15:48:09 - mmengine - INFO - Evaluating CocoMetric...
2026/09/16 15:48:09 - mmengine - INFO - Evaluating PCKAccuracy (normalized by ``"bbox_size"``)...
2026/09/16 15:48:09 - mmengine - INFO - Epoch(val) [300][3/3]    coco/AP: 0.994059  coco/AP .5: 1.000000  coco/AP .75: 1.000000  coco/AP (M): -1.000000  coco/AP (L): 0.994059  coco/AR: 0.995000  coco/AR .5: 1.000000  coco/AR .75: 1.000000  coco/AR (M): -1.000000  coco/AR (L): 0.995000  PCK: 0.997727  data_time: 0.079530  time: 0.095638
2026/09/16 15:48:11 - mmengine - INFO - Exp name: rtmpose-m_lumbar-coco_1stage_20260916_153635
2026/09/16 15:48:11 - mmengine - INFO - Epoch(train) [301][10/10]  base_lr: 3.122265e-04 lr: 3.122265e-04  eta: 0:04:16  time: 0.213472  data_time: 0.101493  memory: 3109  grad_norm: 0.155375  loss: 0.023683  loss_kpt: 0.023683  acc_pose: 1.000000
2026/09/16 15:48:13 - mmengine - INFO - Exp name: rtmpose-m_lumbar-coco_1stage_20260916_153635
2026/09/16 15:48:13 - mmengine - INFO - Epoch(train) [302][10/10]  base_lr: 3.087468e-04 lr: 3.087468e-04  eta: 0:04:13  time: 0.212718  data_time: 0.100635  memory: 3109  grad_norm: 0.151399  loss: 0.023455  loss_kpt: 0.023455  acc_pose: 1.000000
2026/09/16 15:48:15 - mmengine - INFO - Exp name: rtmpose-m_lumbar-coco_1stage_20260916_153635
2026/09/16 15:48:15 - mmengine - INFO - Epoch(train) [303][10/10]  base_lr: 3.052568e-04 lr: 3.052568e-04  eta: 0:04:11  time: 0.212749  data_time: 0.100635  memory: 3109  grad_norm: 0.150636  loss: 0.023362  loss_kpt: 0.023362  acc_pose: 1.000000
2026/09/16 15:48:18 - mmengine - INFO - Exp name: rtmpose-m_lumbar-coco_1stage_20260916_153635
2026/09/16 15:48:18 - mmengine - INFO - Epoch(train) [304][10/10]  base_lr: 3.017572e-04 lr: 3.017572e-04  eta: 0:04:09  time: 0.212617  data_time: 0.100591  memory: 3109  grad_norm: 0.149133  loss: 0.023150  loss_kpt: 0.023150  acc_pose: 1.000000
2026/09/16 15:48:20 - mmengine - INFO - Exp name: rtmpose-m_lumbar-coco_1stage_20260916_153635
2026/09/16 15:48:20 - mmengine - INFO - Epoch(train) [305][10/10]  base_lr: 2.982488e-04 lr: 2.982488e-04  eta: 0:04:07  time: 0.213350  data_time: 0.101286  memory: 3109  grad_norm: 0.149435  loss: 0.023036  loss_kpt: 0.023036  acc_pose: 1.000000
2026/09/16 15:48:22 - mmengine - INFO - Exp name: rtmpose-m_lumbar-coco_1stage_20260916_153635
2026/09/16 15:48:22 - mmengine - INFO - Epoch(train) [306][10/10]  base_lr: 2.947324e-04 lr: 2.947324e-04  eta: 0:04:05  time: 0.213238  data_time: 0.101268  memory: 3109  grad_norm: 0.150991  loss: 0.022883  loss_kpt: 0.022883  acc_pose: 1.000000
2026/09/16 15:48:24 - mmengine - INFO - Exp name: rtmpose-m_lumbar-coco_1stage_20260916_153635
2026/09/16 15:48:24 - mmengine - INFO - Epoch(train) [307][10/10]  base_lr: 2.912089e-04 lr: 2.912089e-04  eta: 0:04:03  time: 0.214558  data_time: 0.102649  memory: 3109  grad_norm: 0.151937  loss: 0.023051  loss_kpt: 0.023051  acc_pose: 1.000000
2026/09/16 15:48:26 - mmengine - INFO - Exp name: rtmpose-m_lumbar-coco_1stage_20260916_153635
2026/09/16 15:48:26 - mmengine - INFO - Epoch(train) [308][10/10]  base_lr: 2.876788e-04 lr: 2.876788e-04  eta: 0:04:00  time: 0.214436  data_time: 0.102733  memory: 3109  grad_norm: 0.150965  loss: 0.022887  loss_kpt: 0.022887  acc_pose: 1.000000
2026/09/16 15:48:28 - mmengine - INFO - Exp name: rtmpose-m_lumbar-coco_1stage_20260916_153635
2026/09/16 15:48:28 - mmengine - INFO - Epoch(train) [309][10/10]  base_lr: 2.841432e-04 lr: 2.841432e-04  eta: 0:03:58  time: 0.215346  data_time: 0.103613  memory: 3109  grad_norm: 0.157422  loss: 0.023152  loss_kpt: 0.023152  acc_pose: 1.000000
2026/09/16 15:48:30 - mmengine - INFO - Exp name: rtmpose-m_lumbar-coco_1stage_20260916_153635
2026/09/16 15:48:30 - mmengine - INFO - Epoch(train) [310][10/10]  base_lr: 2.806027e-04 lr: 2.806027e-04  eta: 0:03:56  time: 0.215133  data_time: 0.103411  memory: 3109  grad_norm: 0.158116  loss: 0.023134  loss_kpt: 0.023134  acc_pose: 1.000000
2026/09/16 15:48:30 - mmengine - INFO - Saving checkpoint at 310 epochs
2026/09/16 15:48:31 - mmengine - INFO - Evaluating CocoMetric...
2026/09/16 15:48:31 - mmengine - INFO - Evaluating PCKAccuracy (normalized by ``"bbox_size"``)...
2026/09/16 15:48:31 - mmengine - INFO - Epoch(val) [310][3/3]    coco/AP: 0.994059  coco/AP .5: 1.000000  coco/AP .75: 1.000000  coco/AP (M): -1.000000  coco/AP (L): 0.994059  coco/AR: 0.995000  coco/AR .5: 1.000000  coco/AR .75: 1.000000  coco/AR (M): -1.000000  coco/AR (L): 0.995000  PCK: 0.997727  data_time: 0.076488  time: 0.092917
2026/09/16 15:48:33 - mmengine - INFO - Exp name: rtmpose-m_lumbar-coco_1stage_20260916_153635
2026/09/16 15:48:33 - mmengine - INFO - Epoch(train) [311][10/10]  base_lr: 2.770581e-04 lr: 2.770581e-04  eta: 0:03:54  time: 0.216452  data_time: 0.104252  memory: 3109  grad_norm: 0.159559  loss: 0.023090  loss_kpt: 0.023090  acc_pose: 1.000000
2026/09/16 15:48:36 - mmengine - INFO - Exp name: rtmpose-m_lumbar-coco_1stage_20260916_153635
2026/09/16 15:48:36 - mmengine - INFO - Epoch(train) [312][10/10]  base_lr: 2.735103e-04 lr: 2.735103e-04  eta: 0:03:52  time: 0.215452  data_time: 0.102814  memory: 3109  grad_norm: 0.165324  loss: 0.022893  loss_kpt: 0.022893  acc_pose: 0.998534
2026/09/16 15:48:38 - mmengine - INFO - Exp name: rtmpose-m_lumbar-coco_1stage_20260916_153635
2026/09/16 15:48:38 - mmengine - INFO - Epoch(train) [313][10/10]  base_lr: 2.699601e-04 lr: 2.699601e-04  eta: 0:03:50  time: 0.216881  data_time: 0.104066  memory: 3109  grad_norm: 0.165308  loss: 0.022747  loss_kpt: 0.022747  acc_pose: 0.998534
2026/09/16 15:48:40 - mmengine - INFO - Exp name: rtmpose-m_lumbar-coco_1stage_20260916_153635
2026/09/16 15:48:41 - mmengine - INFO - Epoch(train) [314][10/10]  base_lr: 2.664081e-04 lr: 2.664081e-04  eta: 0:03:48  time: 0.215790  data_time: 0.103033  memory: 3109  grad_norm: 0.159640  loss: 0.022194  loss_kpt: 0.022194  acc_pose: 1.000000
2026/09/16 15:48:43 - mmengine - INFO - Exp name: rtmpose-m_lumbar-coco_1stage_20260916_153635
2026/09/16 15:48:43 - mmengine - INFO - Epoch(train) [315][10/10]  base_lr: 2.628553e-04 lr: 2.628553e-04  eta: 0:03:45  time: 0.215566  data_time: 0.102593  memory: 3109  grad_norm: 0.161982  loss: 0.021964  loss_kpt: 0.021964  acc_pose: 1.000000
2026/09/16 15:48:45 - mmengine - INFO - Exp name: rtmpose-m_lumbar-coco_1stage_20260916_153635
2026/09/16 15:48:45 - mmengine - INFO - Epoch(train) [316][10/10]  base_lr: 2.593024e-04 lr: 2.593024e-04  eta: 0:03:43  time: 0.215461  data_time: 0.102884  memory: 3109  grad_norm: 0.159485  loss: 0.021831  loss_kpt: 0.021831  acc_pose: 1.000000
2026/09/16 15:48:47 - mmengine - INFO - Exp name: rtmpose-m_lumbar-coco_1stage_20260916_153635
2026/09/16 15:48:47 - mmengine - INFO - Epoch(train) [317][10/10]  base_lr: 2.557502e-04 lr: 2.557502e-04  eta: 0:03:41  time: 0.216310  data_time: 0.104179  memory: 3109  grad_norm: 0.156305  loss: 0.021499  loss_kpt: 0.021499  acc_pose: 1.000000
2026/09/16 15:48:50 - mmengine - INFO - Exp name: rtmpose-m_lumbar-coco_1stage_20260916_153635
2026/09/16 15:48:50 - mmengine - INFO - Epoch(train) [318][10/10]  base_lr: 2.521996e-04 lr: 2.521996e-04  eta: 0:03:39  time: 0.214238  data_time: 0.102192  memory: 3109  grad_norm: 0.158272  loss: 0.021377  loss_kpt: 0.021377  acc_pose: 1.000000
2026/09/16 15:48:52 - mmengine - INFO - Exp name: rtmpose-m_lumbar-coco_1stage_20260916_153635
2026/09/16 15:48:52 - mmengine - INFO - Epoch(train) [319][10/10]  base_lr: 2.486512e-04 lr: 2.486512e-04  eta: 0:03:37  time: 0.213815  data_time: 0.101813  memory: 3109  grad_norm: 0.156360  loss: 0.021418  loss_kpt: 0.021418  acc_pose: 1.000000
2026/09/16 15:48:54 - mmengine - INFO - Exp name: rtmpose-m_lumbar-coco_1stage_20260916_153635
2026/09/16 15:48:54 - mmengine - INFO - Epoch(train) [320][10/10]  base_lr: 2.451059e-04 lr: 2.451059e-04  eta: 0:03:35  time: 0.213738  data_time: 0.102042  memory: 3109  grad_norm: 0.151304  loss: 0.021184  loss_kpt: 0.021184  acc_pose: 1.000000
2026/09/16 15:48:54 - mmengine - INFO - Saving checkpoint at 320 epochs
2026/09/16 15:48:55 - mmengine - INFO - Evaluating CocoMetric...
2026/09/16 15:48:55 - mmengine - INFO - Evaluating PCKAccuracy (normalized by ``"bbox_size"``)...
2026/09/16 15:48:55 - mmengine - INFO - Epoch(val) [320][3/3]    coco/AP: 0.993958  coco/AP .5: 1.000000  coco/AP .75: 1.000000  coco/AP (M): -1.000000  coco/AP (L): 0.993958  coco/AR: 0.995000  coco/AR .5: 1.000000  coco/AR .75: 1.000000  coco/AR (M): -1.000000  coco/AR (L): 0.995000  PCK: 0.997727  data_time: 0.077127  time: 0.093020
2026/09/16 15:48:57 - mmengine - INFO - Exp name: rtmpose-m_lumbar-coco_1stage_20260916_153635
2026/09/16 15:48:57 - mmengine - INFO - Epoch(train) [321][10/10]  base_lr: 2.415646e-04 lr: 2.415646e-04  eta: 0:03:32  time: 0.212881  data_time: 0.101345  memory: 3109  grad_norm: 0.154333  loss: 0.021193  loss_kpt: 0.021193  acc_pose: 1.000000
2026/09/16 15:48:59 - mmengine - INFO - Exp name: rtmpose-m_lumbar-coco_1stage_20260916_153635
2026/09/16 15:48:59 - mmengine - INFO - Epoch(train) [322][10/10]  base_lr: 2.380279e-04 lr: 2.380279e-04  eta: 0:03:30  time: 0.211621  data_time: 0.100090  memory: 3109  grad_norm: 0.154308  loss: 0.021360  loss_kpt: 0.021360  acc_pose: 1.000000
2026/09/16 15:49:01 - mmengine - INFO - Exp name: rtmpose-m_lumbar-coco_1stage_20260916_153635
2026/09/16 15:49:01 - mmengine - INFO - Epoch(train) [323][10/10]  base_lr: 2.344967e-04 lr: 2.344967e-04  eta: 0:03:28  time: 0.212045  data_time: 0.100382  memory: 3109  grad_norm: 0.155721  loss: 0.021240  loss_kpt: 0.021240  acc_pose: 1.000000
2026/09/16 15:49:03 - mmengine - INFO - Exp name: rtmpose-m_lumbar-coco_1stage_20260916_153635
2026/09/16 15:49:03 - mmengine - INFO - Epoch(train) [324][10/10]  base_lr: 2.309717e-04 lr: 2.309717e-04  eta: 0:03:26  time: 0.212613  data_time: 0.100869  memory: 3109  grad_norm: 0.156035  loss: 0.021009  loss_kpt: 0.021009  acc_pose: 1.000000
2026/09/16 15:49:05 - mmengine - INFO - Exp name: rtmpose-m_lumbar-coco_1stage_20260916_153635
2026/09/16 15:49:05 - mmengine - INFO - Epoch(train) [325][10/10]  base_lr: 2.274538e-04 lr: 2.274538e-04  eta: 0:03:24  time: 0.213882  data_time: 0.101995  memory: 3109  grad_norm: 0.154781  loss: 0.021049  loss_kpt: 0.021049  acc_pose: 1.000000
2026/09/16 15:49:07 - mmengine - INFO - Exp name: rtmpose-m_lumbar-coco_1stage_20260916_153635
2026/09/16 15:49:07 - mmengine - INFO - Epoch(train) [326][10/10]  base_lr: 2.239438e-04 lr: 2.239438e-04  eta: 0:03:22  time: 0.214073  data_time: 0.101645  memory: 3109  grad_norm: 0.149772  loss: 0.020632  loss_kpt: 0.020632  acc_pose: 1.000000
2026/09/16 15:49:10 - mmengine - INFO - Exp name: rtmpose-m_lumbar-coco_1stage_20260916_153635
2026/09/16 15:49:10 - mmengine - INFO - Epoch(train) [327][10/10]  base_lr: 2.204424e-04 lr: 2.204424e-04  eta: 0:03:20  time: 0.214118  data_time: 0.101161  memory: 3109  grad_norm: 0.142893  loss: 0.020223  loss_kpt: 0.020223  acc_pose: 1.000000
2026/09/16 15:49:12 - mmengine - INFO - Exp name: rtmpose-m_lumbar-coco_1stage_20260916_153635
2026/09/16 15:49:12 - mmengine - INFO - Epoch(train) [328][10/10]  base_lr: 2.169504e-04 lr: 2.169504e-04  eta: 0:03:17  time: 0.215097  data_time: 0.101851  memory: 3109  grad_norm: 0.138873  loss: 0.019900  loss_kpt: 0.019900  acc_pose: 1.000000
2026/09/16 15:49:14 - mmengine - INFO - Exp name: rtmpose-m_lumbar-coco_1stage_20260916_153635
2026/09/16 15:49:14 - mmengine - INFO - Epoch(train) [329][10/10]  base_lr: 2.134686e-04 lr: 2.134686e-04  eta: 0:03:15  time: 0.215333  data_time: 0.101702  memory: 3109  grad_norm: 0.137081  loss: 0.019586  loss_kpt: 0.019586  acc_pose: 1.000000
2026/09/16 15:49:16 - mmengine - INFO - Exp name: rtmpose-m_lumbar-coco_1stage_20260916_153635
2026/09/16 15:49:16 - mmengine - INFO - Epoch(train) [330][10/10]  base_lr: 2.099977e-04 lr: 2.099977e-04  eta: 0:03:13  time: 0.214268  data_time: 0.100592  memory: 3109  grad_norm: 0.142393  loss: 0.019524  loss_kpt: 0.019524  acc_pose: 1.000000
2026/09/16 15:49:16 - mmengine - INFO - Saving checkpoint at 330 epochs
2026/09/16 15:49:17 - mmengine - INFO - Evaluating CocoMetric...
2026/09/16 15:49:17 - mmengine - INFO - Evaluating PCKAccuracy (normalized by ``"bbox_size"``)...
2026/09/16 15:49:17 - mmengine - INFO - Epoch(val) [330][3/3]    coco/AP: 0.990861  coco/AP .5: 1.000000  coco/AP .75: 1.000000  coco/AP (M): -1.000000  coco/AP (L): 0.990861  coco/AR: 0.992500  coco/AR .5: 1.000000  coco/AR .75: 1.000000  coco/AR (M): -1.000000  coco/AR (L): 0.992500  PCK: 0.996591  data_time: 0.076021  time: 0.092304
2026/09/16 15:49:19 - mmengine - INFO - Exp name: rtmpose-m_lumbar-coco_1stage_20260916_153635
2026/09/16 15:49:19 - mmengine - INFO - Epoch(train) [331][10/10]  base_lr: 2.065386e-04 lr: 2.065386e-04  eta: 0:03:11  time: 0.214056  data_time: 0.100866  memory: 3109  grad_norm: 0.143703  loss: 0.019624  loss_kpt: 0.019624  acc_pose: 1.000000
2026/09/16 15:49:21 - mmengine - INFO - Exp name: rtmpose-m_lumbar-coco_1stage_20260916_153635
2026/09/16 15:49:21 - mmengine - INFO - Epoch(train) [332][10/10]  base_lr: 2.030921e-04 lr: 2.030921e-04  eta: 0:03:09  time: 0.215213  data_time: 0.102416  memory: 3109  grad_norm: 0.148340  loss: 0.019501  loss_kpt: 0.019501  acc_pose: 0.998485
2026/09/16 15:49:23 - mmengine - INFO - Exp name: rtmpose-m_lumbar-coco_1stage_20260916_153635
2026/09/16 15:49:23 - mmengine - INFO - Epoch(train) [333][10/10]  base_lr: 1.996588e-04 lr: 1.996588e-04  eta: 0:03:07  time: 0.214584  data_time: 0.102137  memory: 3109  grad_norm: 0.148944  loss: 0.019491  loss_kpt: 0.019491  acc_pose: 1.000000
2026/09/16 15:49:25 - mmengine - INFO - Exp name: rtmpose-m_lumbar-coco_1stage_20260916_153635
2026/09/16 15:49:25 - mmengine - INFO - Epoch(train) [334][10/10]  base_lr: 1.962396e-04 lr: 1.962396e-04  eta: 0:03:04  time: 0.214166  data_time: 0.099720  memory: 3109  grad_norm: 0.152039  loss: 0.019729  loss_kpt: 0.019729  acc_pose: 1.000000
2026/09/16 15:49:28 - mmengine - INFO - Exp name: rtmpose-m_lumbar-coco_1stage_20260916_153635
2026/09/16 15:49:28 - mmengine - INFO - Epoch(train) [335][10/10]  base_lr: 1.928352e-04 lr: 1.928352e-04  eta: 0:03:02  time: 0.214084  data_time: 0.099766  memory: 3109  grad_norm: 0.149118  loss: 0.019427  loss_kpt: 0.019427  acc_pose: 1.000000
2026/09/16 15:49:30 - mmengine - INFO - Exp name: rtmpose-m_lumbar-coco_1stage_20260916_153635
2026/09/16 15:49:30 - mmengine - INFO - Epoch(train) [336][10/10]  base_lr: 1.894465e-04 lr: 1.894465e-04  eta: 0:03:00  time: 0.213960  data_time: 0.099529  memory: 3109  grad_norm: 0.151132  loss: 0.019347  loss_kpt: 0.019347  acc_pose: 1.000000
2026/09/16 15:49:32 - mmengine - INFO - Exp name: rtmpose-m_lumbar-coco_1stage_20260916_153635
2026/09/16 15:49:32 - mmengine - INFO - Epoch(train) [337][10/10]  base_lr: 1.860740e-04 lr: 1.860740e-04  eta: 0:02:58  time: 0.214232  data_time: 0.099847  memory: 3109  grad_norm: 0.149398  loss: 0.019152  loss_kpt: 0.019152  acc_pose: 1.000000
2026/09/16 15:49:34 - mmengine - INFO - Exp name: rtmpose-m_lumbar-coco_1stage_20260916_153635
2026/09/16 15:49:34 - mmengine - INFO - Epoch(train) [338][10/10]  base_lr: 1.827187e-04 lr: 1.827187e-04  eta: 0:02:56  time: 0.214339  data_time: 0.100157  memory: 3109  grad_norm: 0.146404  loss: 0.018934  loss_kpt: 0.018934  acc_pose: 1.000000
2026/09/16 15:49:36 - mmengine - INFO - Exp name: rtmpose-m_lumbar-coco_1stage_20260916_153635
2026/09/16 15:49:36 - mmengine - INFO - Epoch(train) [339][10/10]  base_lr: 1.793812e-04 lr: 1.793812e-04  eta: 0:02:54  time: 0.215927  data_time: 0.103852  memory: 3109  grad_norm: 0.148270  loss: 0.019018  loss_kpt: 0.019018  acc_pose: 1.000000
2026/09/16 15:49:38 - mmengine - INFO - Exp name: rtmpose-m_lumbar-coco_1stage_20260916_153635
2026/09/16 15:49:38 - mmengine - INFO - Epoch(train) [340][10/10]  base_lr: 1.760623e-04 lr: 1.760623e-04  eta: 0:02:52  time: 0.216074  data_time: 0.103443  memory: 3109  grad_norm: 0.149549  loss: 0.019052  loss_kpt: 0.019052  acc_pose: 1.000000
2026/09/16 15:49:38 - mmengine - INFO - Saving checkpoint at 340 epochs
2026/09/16 15:49:39 - mmengine - INFO - Evaluating CocoMetric...
2026/09/16 15:49:39 - mmengine - INFO - Evaluating PCKAccuracy (normalized by ``"bbox_size"``)...
2026/09/16 15:49:39 - mmengine - INFO - Epoch(val) [340][3/3]    coco/AP: 0.994059  coco/AP .5: 1.000000  coco/AP .75: 1.000000  coco/AP (M): -1.000000  coco/AP (L): 0.994059  coco/AR: 0.995000  coco/AR .5: 1.000000  coco/AR .75: 1.000000  coco/AR (M): -1.000000  coco/AR (L): 0.995000  PCK: 0.997727  data_time: 0.076403  time: 0.092562
2026/09/16 15:49:41 - mmengine - INFO - Exp name: rtmpose-m_lumbar-coco_1stage_20260916_153635
2026/09/16 15:49:41 - mmengine - INFO - Epoch(train) [341][10/10]  base_lr: 1.727628e-04 lr: 1.727628e-04  eta: 0:02:49  time: 0.216690  data_time: 0.104162  memory: 3109  grad_norm: 0.146728  loss: 0.018746  loss_kpt: 0.018746  acc_pose: 1.000000
2026/09/16 15:49:44 - mmengine - INFO - Exp name: rtmpose-m_lumbar-coco_1stage_20260916_153635
2026/09/16 15:49:44 - mmengine - INFO - Epoch(train) [342][10/10]  base_lr: 1.694834e-04 lr: 1.694834e-04  eta: 0:02:47  time: 0.215637  data_time: 0.103147  memory: 3109  grad_norm: 0.141153  loss: 0.018624  loss_kpt: 0.018624  acc_pose: 1.000000
2026/09/16 15:49:46 - mmengine - INFO - Exp name: rtmpose-m_lumbar-coco_1stage_20260916_153635
2026/09/16 15:49:46 - mmengine - INFO - Epoch(train) [343][10/10]  base_lr: 1.662247e-04 lr: 1.662247e-04  eta: 0:02:45  time: 0.216037  data_time: 0.101006  memory: 3109  grad_norm: 0.140169  loss: 0.018490  loss_kpt: 0.018490  acc_pose: 0.998534
2026/09/16 15:49:48 - mmengine - INFO - Exp name: rtmpose-m_lumbar-coco_1stage_20260916_153635
2026/09/16 15:49:48 - mmengine - INFO - Epoch(train) [344][10/10]  base_lr: 1.629877e-04 lr: 1.629877e-04  eta: 0:02:43  time: 0.215397  data_time: 0.100561  memory: 3109  grad_norm: 0.133952  loss: 0.017898  loss_kpt: 0.017898  acc_pose: 1.000000
2026/09/16 15:49:50 - mmengine - INFO - Exp name: rtmpose-m_lumbar-coco_1stage_20260916_153635
2026/09/16 15:49:50 - mmengine - INFO - Epoch(train) [345][10/10]  base_lr: 1.597728e-04 lr: 1.597728e-04  eta: 0:02:41  time: 0.215723  data_time: 0.100945  memory: 3109  grad_norm: 0.131958  loss: 0.017648  loss_kpt: 0.017648  acc_pose: 1.000000
2026/09/16 15:49:52 - mmengine - INFO - Exp name: rtmpose-m_lumbar-coco_1stage_20260916_153635
2026/09/16 15:49:52 - mmengine - INFO - Epoch(train) [346][10/10]  base_lr: 1.565810e-04 lr: 1.565810e-04  eta: 0:02:39  time: 0.214998  data_time: 0.100268  memory: 3109  grad_norm: 0.129767  loss: 0.017674  loss_kpt: 0.017674  acc_pose: 1.000000
2026/09/16 15:49:54 - mmengine - INFO - Exp name: rtmpose-m_lumbar-coco_1stage_20260916_153635
2026/09/16 15:49:54 - mmengine - INFO - Epoch(train) [347][10/10]  base_lr: 1.534129e-04 lr: 1.534129e-04  eta: 0:02:37  time: 0.214927  data_time: 0.100322  memory: 3109  grad_norm: 0.133118  loss: 0.017613  loss_kpt: 0.017613  acc_pose: 0.998580
2026/09/16 15:49:56 - mmengine - INFO - Exp name: rtmpose-m_lumbar-coco_1stage_20260916_153635
2026/09/16 15:49:56 - mmengine - INFO - Epoch(train) [348][10/10]  base_lr: 1.502692e-04 lr: 1.502692e-04  eta: 0:02:34  time: 0.214757  data_time: 0.102711  memory: 3109  grad_norm: 0.132359  loss: 0.017714  loss_kpt: 0.017714  acc_pose: 1.000000
2026/09/16 15:49:59 - mmengine - INFO - Exp name: rtmpose-m_lumbar-coco_1stage_20260916_153635
2026/09/16 15:49:59 - mmengine - INFO - Epoch(train) [349][10/10]  base_lr: 1.471506e-04 lr: 1.471506e-04  eta: 0:02:32  time: 0.213676  data_time: 0.101810  memory: 3109  grad_norm: 0.132461  loss: 0.017702  loss_kpt: 0.017702  acc_pose: 1.000000
2026/09/16 15:50:01 - mmengine - INFO - Exp name: rtmpose-m_lumbar-coco_1stage_20260916_153635
2026/09/16 15:50:01 - mmengine - INFO - Epoch(train) [350][10/10]  base_lr: 1.440578e-04 lr: 1.440578e-04  eta: 0:02:30  time: 0.213565  data_time: 0.102299  memory: 3109  grad_norm: 0.130020  loss: 0.017616  loss_kpt: 0.017616  acc_pose: 1.000000
2026/09/16 15:50:01 - mmengine - INFO - Saving checkpoint at 350 epochs
2026/09/16 15:50:02 - mmengine - INFO - Evaluating CocoMetric...
2026/09/16 15:50:02 - mmengine - INFO - Evaluating PCKAccuracy (normalized by ``"bbox_size"``)...
2026/09/16 15:50:02 - mmengine - INFO - Epoch(val) [350][3/3]    coco/AP: 0.994059  coco/AP .5: 1.000000  coco/AP .75: 1.000000  coco/AP (M): -1.000000  coco/AP (L): 0.994059  coco/AR: 0.995000  coco/AR .5: 1.000000  coco/AR .75: 1.000000  coco/AR (M): -1.000000  coco/AR (L): 0.995000  PCK: 0.996591  data_time: 0.076407  time: 0.092289
2026/09/16 15:50:04 - mmengine - INFO - Exp name: rtmpose-m_lumbar-coco_1stage_20260916_153635
2026/09/16 15:50:04 - mmengine - INFO - Epoch(train) [351][10/10]  base_lr: 1.409916e-04 lr: 1.409916e-04  eta: 0:02:28  time: 0.213412  data_time: 0.102147  memory: 3109  grad_norm: 0.132872  loss: 0.017442  loss_kpt: 0.017442  acc_pose: 1.000000
2026/09/16 15:50:06 - mmengine - INFO - Exp name: rtmpose-m_lumbar-coco_1stage_20260916_153635
2026/09/16 15:50:06 - mmengine - INFO - Epoch(train) [352][10/10]  base_lr: 1.379525e-04 lr: 1.379525e-04  eta: 0:02:26  time: 0.213729  data_time: 0.102436  memory: 3109  grad_norm: 0.137011  loss: 0.017483  loss_kpt: 0.017483  acc_pose: 1.000000
2026/09/16 15:50:08 - mmengine - INFO - Exp name: rtmpose-m_lumbar-coco_1stage_20260916_153635
2026/09/16 15:50:08 - mmengine - INFO - Epoch(train) [353][10/10]  base_lr: 1.349413e-04 lr: 1.349413e-04  eta: 0:02:24  time: 0.213685  data_time: 0.102413  memory: 3109  grad_norm: 0.141554  loss: 0.017434  loss_kpt: 0.017434  acc_pose: 0.998534
2026/09/16 15:50:10 - mmengine - INFO - Exp name: rtmpose-m_lumbar-coco_1stage_20260916_153635
2026/09/16 15:50:10 - mmengine - INFO - Epoch(train) [354][10/10]  base_lr: 1.319586e-04 lr: 1.319586e-04  eta: 0:02:21  time: 0.214181  data_time: 0.102884  memory: 3109  grad_norm: 0.142064  loss: 0.017268  loss_kpt: 0.017268  acc_pose: 1.000000
2026/09/16 15:50:12 - mmengine - INFO - Exp name: rtmpose-m_lumbar-coco_1stage_20260916_153635
2026/09/16 15:50:12 - mmengine - INFO - Epoch(train) [355][10/10]  base_lr: 1.290052e-04 lr: 1.290052e-04  eta: 0:02:19  time: 0.214742  data_time: 0.103493  memory: 3109  grad_norm: 0.140277  loss: 0.017016  loss_kpt: 0.017016  acc_pose: 1.000000
2026/09/16 15:50:14 - mmengine - INFO - Exp name: rtmpose-m_lumbar-coco_1stage_20260916_153635
2026/09/16 15:50:14 - mmengine - INFO - Epoch(train) [356][10/10]  base_lr: 1.260816e-04 lr: 1.260816e-04  eta: 0:02:17  time: 0.215538  data_time: 0.104305  memory: 3109  grad_norm: 0.137615  loss: 0.016960  loss_kpt: 0.016960  acc_pose: 1.000000
2026/09/16 15:50:17 - mmengine - INFO - Exp name: rtmpose-m_lumbar-coco_1stage_20260916_153635
2026/09/16 15:50:17 - mmengine - INFO - Epoch(train) [357][10/10]  base_lr: 1.231886e-04 lr: 1.231886e-04  eta: 0:02:15  time: 0.214690  data_time: 0.103493  memory: 3109  grad_norm: 0.130443  loss: 0.016587  loss_kpt: 0.016587  acc_pose: 1.000000
2026/09/16 15:50:19 - mmengine - INFO - Exp name: rtmpose-m_lumbar-coco_1stage_20260916_153635
2026/09/16 15:50:19 - mmengine - INFO - Epoch(train) [358][10/10]  base_lr: 1.203267e-04 lr: 1.203267e-04  eta: 0:02:13  time: 0.214362  data_time: 0.103231  memory: 3109  grad_norm: 0.125937  loss: 0.016362  loss_kpt: 0.016362  acc_pose: 0.997159
2026/09/16 15:50:21 - mmengine - INFO - Exp name: rtmpose-m_lumbar-coco_1stage_20260916_153635
2026/09/16 15:50:21 - mmengine - INFO - Epoch(train) [359][10/10]  base_lr: 1.174967e-04 lr: 1.174967e-04  eta: 0:02:11  time: 0.214811  data_time: 0.103769  memory: 3109  grad_norm: 0.123923  loss: 0.016282  loss_kpt: 0.016282  acc_pose: 1.000000
2026/09/16 15:50:23 - mmengine - INFO - Exp name: rtmpose-m_lumbar-coco_1stage_20260916_153635
2026/09/16 15:50:23 - mmengine - INFO - Epoch(train) [360][10/10]  base_lr: 1.146991e-04 lr: 1.146991e-04  eta: 0:02:09  time: 0.214224  data_time: 0.103127  memory: 3109  grad_norm: 0.127966  loss: 0.016330  loss_kpt: 0.016330  acc_pose: 1.000000
2026/09/16 15:50:23 - mmengine - INFO - Saving checkpoint at 360 epochs
2026/09/16 15:50:24 - mmengine - INFO - Evaluating CocoMetric...
2026/09/16 15:50:24 - mmengine - INFO - Evaluating PCKAccuracy (normalized by ``"bbox_size"``)...
2026/09/16 15:50:24 - mmengine - INFO - Epoch(val) [360][3/3]    coco/AP: 0.994059  coco/AP .5: 1.000000  coco/AP .75: 1.000000  coco/AP (M): -1.000000  coco/AP (L): 0.994059  coco/AR: 0.995000  coco/AR .5: 1.000000  coco/AR .75: 1.000000  coco/AR (M): -1.000000  coco/AR (L): 0.995000  PCK: 0.996591  data_time: 0.084166  time: 0.099816
2026/09/16 15:50:26 - mmengine - INFO - Exp name: rtmpose-m_lumbar-coco_1stage_20260916_153635
2026/09/16 15:50:26 - mmengine - INFO - Epoch(train) [361][10/10]  base_lr: 1.119346e-04 lr: 1.119346e-04  eta: 0:02:06  time: 0.213988  data_time: 0.102897  memory: 3109  grad_norm: 0.129067  loss: 0.016288  loss_kpt: 0.016288  acc_pose: 1.000000
2026/09/16 15:50:28 - mmengine - INFO - Exp name: rtmpose-m_lumbar-coco_1stage_20260916_153635
2026/09/16 15:50:28 - mmengine - INFO - Epoch(train) [362][10/10]  base_lr: 1.092038e-04 lr: 1.092038e-04  eta: 0:02:04  time: 0.213761  data_time: 0.102552  memory: 3109  grad_norm: 0.133753  loss: 0.016511  loss_kpt: 0.016511  acc_pose: 0.998485
2026/09/16 15:50:30 - mmengine - INFO - Exp name: rtmpose-m_lumbar-coco_1stage_20260916_153635
2026/09/16 15:50:30 - mmengine - INFO - Epoch(train) [363][10/10]  base_lr: 1.065073e-04 lr: 1.065073e-04  eta: 0:02:02  time: 0.213991  data_time: 0.102550  memory: 3109  grad_norm: 0.134428  loss: 0.016410  loss_kpt: 0.016410  acc_pose: 0.998534
2026/09/16 15:50:33 - mmengine - INFO - Exp name: rtmpose-m_lumbar-coco_1stage_20260916_153635
2026/09/16 15:50:33 - mmengine - INFO - Epoch(train) [364][10/10]  base_lr: 1.038457e-04 lr: 1.038457e-04  eta: 0:02:00  time: 0.213188  data_time: 0.101667  memory: 3109  grad_norm: 0.137772  loss: 0.016497  loss_kpt: 0.016497  acc_pose: 1.000000
2026/09/16 15:50:35 - mmengine - INFO - Exp name: rtmpose-m_lumbar-coco_1stage_20260916_153635
2026/09/16 15:50:35 - mmengine - INFO - Epoch(train) [365][10/10]  base_lr: 1.012196e-04 lr: 1.012196e-04  eta: 0:01:58  time: 0.212111  data_time: 0.100675  memory: 3109  grad_norm: 0.138593  loss: 0.016545  loss_kpt: 0.016545  acc_pose: 1.000000
2026/09/16 15:50:37 - mmengine - INFO - Exp name: rtmpose-m_lumbar-coco_1stage_20260916_153635
2026/09/16 15:50:37 - mmengine - INFO - Epoch(train) [366][10/10]  base_lr: 9.862961e-05 lr: 9.862961e-05  eta: 0:01:56  time: 0.213012  data_time: 0.101663  memory: 3109  grad_norm: 0.138710  loss: 0.016387  loss_kpt: 0.016387  acc_pose: 1.000000
2026/09/16 15:50:39 - mmengine - INFO - Exp name: rtmpose-m_lumbar-coco_1stage_20260916_153635
2026/09/16 15:50:39 - mmengine - INFO - Epoch(train) [367][10/10]  base_lr: 9.607629e-05 lr: 9.607629e-05  eta: 0:01:53  time: 0.213264  data_time: 0.102032  memory: 3109  grad_norm: 0.135957  loss: 0.016311  loss_kpt: 0.016311  acc_pose: 1.000000
2026/09/16 15:50:41 - mmengine - INFO - Exp name: rtmpose-m_lumbar-coco_1stage_20260916_153635
2026/09/16 15:50:41 - mmengine - INFO - Epoch(train) [368][10/10]  base_lr: 9.356021e-05 lr: 9.356021e-05  eta: 0:01:51  time: 0.212277  data_time: 0.101134  memory: 3109  grad_norm: 0.134695  loss: 0.016294  loss_kpt: 0.016294  acc_pose: 1.000000
2026/09/16 15:50:43 - mmengine - INFO - Exp name: rtmpose-m_lumbar-coco_1stage_20260916_153635
2026/09/16 15:50:43 - mmengine - INFO - Epoch(train) [369][10/10]  base_lr: 9.108195e-05 lr: 9.108195e-05  eta: 0:01:49  time: 0.212650  data_time: 0.101435  memory: 3109  grad_norm: 0.130787  loss: 0.016127  loss_kpt: 0.016127  acc_pose: 1.000000
2026/09/16 15:50:45 - mmengine - INFO - Exp name: rtmpose-m_lumbar-coco_1stage_20260916_153635
2026/09/16 15:50:45 - mmengine - INFO - Epoch(train) [370][10/10]  base_lr: 8.864204e-05 lr: 8.864204e-05  eta: 0:01:47  time: 0.212551  data_time: 0.101258  memory: 3109  grad_norm: 0.126404  loss: 0.016080  loss_kpt: 0.016080  acc_pose: 1.000000
2026/09/16 15:50:45 - mmengine - INFO - Saving checkpoint at 370 epochs
2026/09/16 15:50:46 - mmengine - INFO - Evaluating CocoMetric...
2026/09/16 15:50:46 - mmengine - INFO - Evaluating PCKAccuracy (normalized by ``"bbox_size"``)...
2026/09/16 15:50:46 - mmengine - INFO - Epoch(val) [370][3/3]    coco/AP: 0.994059  coco/AP .5: 1.000000  coco/AP .75: 1.000000  coco/AP (M): -1.000000  coco/AP (L): 0.994059  coco/AR: 0.995000  coco/AR .5: 1.000000  coco/AR .75: 1.000000  coco/AR (M): -1.000000  coco/AR (L): 0.995000  PCK: 0.996591  data_time: 0.075460  time: 0.091218
2026/09/16 15:50:48 - mmengine - INFO - Exp name: rtmpose-m_lumbar-coco_1stage_20260916_153635
2026/09/16 15:50:48 - mmengine - INFO - Epoch(train) [371][10/10]  base_lr: 8.624104e-05 lr: 8.624104e-05  eta: 0:01:45  time: 0.211041  data_time: 0.099450  memory: 3109  grad_norm: 0.125456  loss: 0.016077  loss_kpt: 0.016077  acc_pose: 0.998534
2026/09/16 15:50:50 - mmengine - INFO - Exp name: rtmpose-m_lumbar-coco_1stage_20260916_153635
2026/09/16 15:50:50 - mmengine - INFO - Epoch(train) [372][10/10]  base_lr: 8.387949e-05 lr: 8.387949e-05  eta: 0:01:43  time: 0.211311  data_time: 0.099557  memory: 3109  grad_norm: 0.123768  loss: 0.015912  loss_kpt: 0.015912  acc_pose: 1.000000
2026/09/16 15:50:53 - mmengine - INFO - Exp name: rtmpose-m_lumbar-coco_1stage_20260916_153635
2026/09/16 15:50:53 - mmengine - INFO - Epoch(train) [373][10/10]  base_lr: 8.155792e-05 lr: 8.155792e-05  eta: 0:01:41  time: 0.212038  data_time: 0.100216  memory: 3109  grad_norm: 0.122705  loss: 0.015819  loss_kpt: 0.015819  acc_pose: 1.000000
2026/09/16 15:50:55 - mmengine - INFO - Exp name: rtmpose-m_lumbar-coco_1stage_20260916_153635
2026/09/16 15:50:55 - mmengine - INFO - Epoch(train) [374][10/10]  base_lr: 7.927683e-05 lr: 7.927683e-05  eta: 0:01:38  time: 0.212371  data_time: 0.100558  memory: 3109  grad_norm: 0.122441  loss: 0.015783  loss_kpt: 0.015783  acc_pose: 1.000000
2026/09/16 15:50:57 - mmengine - INFO - Exp name: rtmpose-m_lumbar-coco_1stage_20260916_153635
2026/09/16 15:50:57 - mmengine - INFO - Epoch(train) [375][10/10]  base_lr: 7.703676e-05 lr: 7.703676e-05  eta: 0:01:36  time: 0.212237  data_time: 0.100418  memory: 3109  grad_norm: 0.120105  loss: 0.015533  loss_kpt: 0.015533  acc_pose: 0.998534
2026/09/16 15:50:59 - mmengine - INFO - Exp name: rtmpose-m_lumbar-coco_1stage_20260916_153635
2026/09/16 15:50:59 - mmengine - INFO - Epoch(train) [376][10/10]  base_lr: 7.483818e-05 lr: 7.483818e-05  eta: 0:01:34  time: 0.212394  data_time: 0.100602  memory: 3109  grad_norm: 0.117336  loss: 0.015423  loss_kpt: 0.015423  acc_pose: 1.000000
2026/09/16 15:51:01 - mmengine - INFO - Exp name: rtmpose-m_lumbar-coco_1stage_20260916_153635
2026/09/16 15:51:01 - mmengine - INFO - Epoch(train) [377][10/10]  base_lr: 7.268161e-05 lr: 7.268161e-05  eta: 0:01:32  time: 0.212816  data_time: 0.101088  memory: 3109  grad_norm: 0.114939  loss: 0.015237  loss_kpt: 0.015237  acc_pose: 1.000000
2026/09/16 15:51:03 - mmengine - INFO - Exp name: rtmpose-m_lumbar-coco_1stage_20260916_153635
2026/09/16 15:51:03 - mmengine - INFO - Epoch(train) [378][10/10]  base_lr: 7.056752e-05 lr: 7.056752e-05  eta: 0:01:30  time: 0.213377  data_time: 0.101805  memory: 3109  grad_norm: 0.114190  loss: 0.015107  loss_kpt: 0.015107  acc_pose: 1.000000
2026/09/16 15:51:05 - mmengine - INFO - Exp name: rtmpose-m_lumbar-coco_1stage_20260916_153635
2026/09/16 15:51:05 - mmengine - INFO - Epoch(train) [379][10/10]  base_lr: 6.849638e-05 lr: 6.849638e-05  eta: 0:01:28  time: 0.213954  data_time: 0.102441  memory: 3109  grad_norm: 0.116840  loss: 0.015057  loss_kpt: 0.015057  acc_pose: 1.000000
2026/09/16 15:51:08 - mmengine - INFO - Exp name: rtmpose-m_lumbar-coco_1stage_20260916_153635
2026/09/16 15:51:08 - mmengine - INFO - Epoch(train) [380][10/10]  base_lr: 6.646866e-05 lr: 6.646866e-05  eta: 0:01:25  time: 0.214912  data_time: 0.103419  memory: 3109  grad_norm: 0.117158  loss: 0.015037  loss_kpt: 0.015037  acc_pose: 1.000000
2026/09/16 15:51:08 - mmengine - INFO - Saving checkpoint at 380 epochs
2026/09/16 15:51:08 - mmengine - INFO - Evaluating CocoMetric...
2026/09/16 15:51:08 - mmengine - INFO - Evaluating PCKAccuracy (normalized by ``"bbox_size"``)...
2026/09/16 15:51:08 - mmengine - INFO - Epoch(val) [380][3/3]    coco/AP: 0.994059  coco/AP .5: 1.000000  coco/AP .75: 1.000000  coco/AP (M): -1.000000  coco/AP (L): 0.994059  coco/AR: 0.995000  coco/AR .5: 1.000000  coco/AR .75: 1.000000  coco/AR (M): -1.000000  coco/AR (L): 0.995000  PCK: 0.997727  data_time: 0.082230  time: 0.098035
2026/09/16 15:51:11 - mmengine - INFO - Exp name: rtmpose-m_lumbar-coco_1stage_20260916_153635
2026/09/16 15:51:11 - mmengine - INFO - Epoch(train) [381][10/10]  base_lr: 6.448481e-05 lr: 6.448481e-05  eta: 0:01:23  time: 0.214315  data_time: 0.103003  memory: 3109  grad_norm: 0.118881  loss: 0.015042  loss_kpt: 0.015042  acc_pose: 1.000000
2026/09/16 15:51:13 - mmengine - INFO - Exp name: rtmpose-m_lumbar-coco_1stage_20260916_153635
2026/09/16 15:51:13 - mmengine - INFO - Epoch(train) [382][10/10]  base_lr: 6.254527e-05 lr: 6.254527e-05  eta: 0:01:21  time: 0.214016  data_time: 0.102804  memory: 3109  grad_norm: 0.119628  loss: 0.015027  loss_kpt: 0.015027  acc_pose: 0.998580
2026/09/16 15:51:15 - mmengine - INFO - Exp name: rtmpose-m_lumbar-coco_1stage_20260916_153635
2026/09/16 15:51:15 - mmengine - INFO - Epoch(train) [383][10/10]  base_lr: 6.065049e-05 lr: 6.065049e-05  eta: 0:01:19  time: 0.214021  data_time: 0.102800  memory: 3109  grad_norm: 0.119651  loss: 0.015035  loss_kpt: 0.015035  acc_pose: 0.998534
2026/09/16 15:51:17 - mmengine - INFO - Exp name: rtmpose-m_lumbar-coco_1stage_20260916_153635
2026/09/16 15:51:17 - mmengine - INFO - Epoch(train) [384][10/10]  base_lr: 5.880087e-05 lr: 5.880087e-05  eta: 0:01:17  time: 0.212301  data_time: 0.101123  memory: 3109  grad_norm: 0.116297  loss: 0.014965  loss_kpt: 0.014965  acc_pose: 1.000000
2026/09/16 15:51:19 - mmengine - INFO - Exp name: rtmpose-m_lumbar-coco_1stage_20260916_153635
2026/09/16 15:51:19 - mmengine - INFO - Epoch(train) [385][10/10]  base_lr: 5.699685e-05 lr: 5.699685e-05  eta: 0:01:15  time: 0.210648  data_time: 0.099334  memory: 3109  grad_norm: 0.116759  loss: 0.014988  loss_kpt: 0.014988  acc_pose: 1.000000
2026/09/16 15:51:21 - mmengine - INFO - Exp name: rtmpose-m_lumbar-coco_1stage_20260916_153635
2026/09/16 15:51:21 - mmengine - INFO - Epoch(train) [386][10/10]  base_lr: 5.523881e-05 lr: 5.523881e-05  eta: 0:01:13  time: 0.212183  data_time: 0.100621  memory: 3109  grad_norm: 0.115424  loss: 0.015017  loss_kpt: 0.015017  acc_pose: 1.000000
2026/09/16 15:51:23 - mmengine - INFO - Exp name: rtmpose-m_lumbar-coco_1stage_20260916_153635
2026/09/16 15:51:23 - mmengine - INFO - Epoch(train) [387][10/10]  base_lr: 5.352716e-05 lr: 5.352716e-05  eta: 0:01:10  time: 0.211750  data_time: 0.100013  memory: 3109  grad_norm: 0.115906  loss: 0.015038  loss_kpt: 0.015038  acc_pose: 1.000000
2026/09/16 15:51:25 - mmengine - INFO - Exp name: rtmpose-m_lumbar-coco_1stage_20260916_153635
2026/09/16 15:51:25 - mmengine - INFO - Epoch(train) [388][10/10]  base_lr: 5.186228e-05 lr: 5.186228e-05  eta: 0:01:08  time: 0.210146  data_time: 0.097968  memory: 3109  grad_norm: 0.114316  loss: 0.014883  loss_kpt: 0.014883  acc_pose: 0.998580
2026/09/16 15:51:28 - mmengine - INFO - Exp name: rtmpose-m_lumbar-coco_1stage_20260916_153635
2026/09/16 15:51:28 - mmengine - INFO - Epoch(train) [389][10/10]  base_lr: 5.024453e-05 lr: 5.024453e-05  eta: 0:01:06  time: 0.210888  data_time: 0.098333  memory: 3109  grad_norm: 0.116395  loss: 0.014910  loss_kpt: 0.014910  acc_pose: 1.000000
2026/09/16 15:51:30 - mmengine - INFO - Exp name: rtmpose-m_lumbar-coco_1stage_20260916_153635
2026/09/16 15:51:30 - mmengine - INFO - Epoch(train) [390][10/10]  base_lr: 4.867429e-05 lr: 4.867429e-05  eta: 0:01:04  time: 0.213820  data_time: 0.101061  memory: 3109  grad_norm: 0.117909  loss: 0.014977  loss_kpt: 0.014977  acc_pose: 1.000000
2026/09/16 15:51:30 - mmengine - INFO - Saving checkpoint at 390 epochs
2026/09/16 15:51:31 - mmengine - INFO - Evaluating CocoMetric...
2026/09/16 15:51:31 - mmengine - INFO - Evaluating PCKAccuracy (normalized by ``"bbox_size"``)...
2026/09/16 15:51:31 - mmengine - INFO - Epoch(val) [390][3/3]    coco/AP: 0.994059  coco/AP .5: 1.000000  coco/AP .75: 1.000000  coco/AP (M): -1.000000  coco/AP (L): 0.994059  coco/AR: 0.995000  coco/AR .5: 1.000000  coco/AR .75: 1.000000  coco/AR (M): -1.000000  coco/AR (L): 0.995000  PCK: 0.997727  data_time: 0.075879  time: 0.091451
2026/09/16 15:51:33 - mmengine - INFO - Exp name: rtmpose-m_lumbar-coco_1stage_20260916_153635
2026/09/16 15:51:33 - mmengine - INFO - Epoch(train) [391][10/10]  base_lr: 4.715190e-05 lr: 4.715190e-05  eta: 0:01:02  time: 0.212587  data_time: 0.100024  memory: 3109  grad_norm: 0.116576  loss: 0.014836  loss_kpt: 0.014836  acc_pose: 1.000000
2026/09/16 15:51:35 - mmengine - INFO - Exp name: rtmpose-m_lumbar-coco_1stage_20260916_153635
2026/09/16 15:51:35 - mmengine - INFO - Epoch(train) [392][10/10]  base_lr: 4.567771e-05 lr: 4.567771e-05  eta: 0:01:00  time: 0.213197  data_time: 0.100679  memory: 3109  grad_norm: 0.117347  loss: 0.014778  loss_kpt: 0.014778  acc_pose: 0.998580
2026/09/16 15:51:37 - mmengine - INFO - Exp name: rtmpose-m_lumbar-coco_1stage_20260916_153635
2026/09/16 15:51:37 - mmengine - INFO - Epoch(train) [393][10/10]  base_lr: 4.425204e-05 lr: 4.425204e-05  eta: 0:00:58  time: 0.214019  data_time: 0.101610  memory: 3109  grad_norm: 0.119304  loss: 0.014859  loss_kpt: 0.014859  acc_pose: 1.000000
2026/09/16 15:51:39 - mmengine - INFO - Exp name: rtmpose-m_lumbar-coco_1stage_20260916_153635
2026/09/16 15:51:39 - mmengine - INFO - Epoch(train) [394][10/10]  base_lr: 4.287521e-05 lr: 4.287521e-05  eta: 0:00:55  time: 0.213287  data_time: 0.101168  memory: 3109  grad_norm: 0.119979  loss: 0.014707  loss_kpt: 0.014707  acc_pose: 1.000000
2026/09/16 15:51:41 - mmengine - INFO - Exp name: rtmpose-m_lumbar-coco_1stage_20260916_153635
2026/09/16 15:51:41 - mmengine - INFO - Epoch(train) [395][10/10]  base_lr: 4.154754e-05 lr: 4.154754e-05  eta: 0:00:53  time: 0.212033  data_time: 0.100186  memory: 3109  grad_norm: 0.116856  loss: 0.014441  loss_kpt: 0.014441  acc_pose: 1.000000
2026/09/16 15:51:43 - mmengine - INFO - Exp name: rtmpose-m_lumbar-coco_1stage_20260916_153635
2026/09/16 15:51:43 - mmengine - INFO - Epoch(train) [396][10/10]  base_lr: 4.026931e-05 lr: 4.026931e-05  eta: 0:00:51  time: 0.212081  data_time: 0.100045  memory: 3109  grad_norm: 0.116506  loss: 0.014392  loss_kpt: 0.014392  acc_pose: 1.000000
2026/09/16 15:51:45 - mmengine - INFO - Exp name: rtmpose-m_lumbar-coco_1stage_20260916_153635
2026/09/16 15:51:45 - mmengine - INFO - Epoch(train) [397][10/10]  base_lr: 3.904082e-05 lr: 3.904082e-05  eta: 0:00:49  time: 0.212639  data_time: 0.100143  memory: 3109  grad_norm: 0.114876  loss: 0.014319  loss_kpt: 0.014319  acc_pose: 1.000000
2026/09/16 15:51:48 - mmengine - INFO - Exp name: rtmpose-m_lumbar-coco_1stage_20260916_153635
2026/09/16 15:51:48 - mmengine - INFO - Epoch(train) [398][10/10]  base_lr: 3.786233e-05 lr: 3.786233e-05  eta: 0:00:47  time: 0.214048  data_time: 0.101367  memory: 3109  grad_norm: 0.112997  loss: 0.014184  loss_kpt: 0.014184  acc_pose: 1.000000
2026/09/16 15:51:50 - mmengine - INFO - Exp name: rtmpose-m_lumbar-coco_1stage_20260916_153635
2026/09/16 15:51:50 - mmengine - INFO - Epoch(train) [399][10/10]  base_lr: 3.673412e-05 lr: 3.673412e-05  eta: 0:00:45  time: 0.215585  data_time: 0.102416  memory: 3109  grad_norm: 0.110965  loss: 0.014256  loss_kpt: 0.014256  acc_pose: 0.998316
2026/09/16 15:51:52 - mmengine - INFO - Exp name: rtmpose-m_lumbar-coco_1stage_20260916_153635
2026/09/16 15:51:52 - mmengine - INFO - Epoch(train) [400][10/10]  base_lr: 3.565644e-05 lr: 3.565644e-05  eta: 0:00:42  time: 0.215351  data_time: 0.102243  memory: 3109  grad_norm: 0.111549  loss: 0.014255  loss_kpt: 0.014255  acc_pose: 1.000000
2026/09/16 15:51:52 - mmengine - INFO - Saving checkpoint at 400 epochs
2026/09/16 15:51:53 - mmengine - INFO - Evaluating CocoMetric...
2026/09/16 15:51:53 - mmengine - INFO - Evaluating PCKAccuracy (normalized by ``"bbox_size"``)...
2026/09/16 15:51:53 - mmengine - INFO - Epoch(val) [400][3/3]    coco/AP: 0.994059  coco/AP .5: 1.000000  coco/AP .75: 1.000000  coco/AP (M): -1.000000  coco/AP (L): 0.994059  coco/AR: 0.995000  coco/AR .5: 1.000000  coco/AR .75: 1.000000  coco/AR (M): -1.000000  coco/AR (L): 0.995000  PCK: 0.996591  data_time: 0.080138  time: 0.096013
2026/09/16 15:51:55 - mmengine - INFO - Exp name: rtmpose-m_lumbar-coco_1stage_20260916_153635
2026/09/16 15:51:55 - mmengine - INFO - Epoch(train) [401][10/10]  base_lr: 3.462952e-05 lr: 3.462952e-05  eta: 0:00:40  time: 0.215535  data_time: 0.102585  memory: 3109  grad_norm: 0.111557  loss: 0.014027  loss_kpt: 0.014027  acc_pose: 1.000000
2026/09/16 15:51:57 - mmengine - INFO - Exp name: rtmpose-m_lumbar-coco_1stage_20260916_153635
2026/09/16 15:51:57 - mmengine - INFO - Epoch(train) [402][10/10]  base_lr: 3.365360e-05 lr: 3.365360e-05  eta: 0:00:38  time: 0.213921  data_time: 0.101550  memory: 3109  grad_norm: 0.110681  loss: 0.013980  loss_kpt: 0.013980  acc_pose: 1.000000
2026/09/16 15:52:00 - mmengine - INFO - Exp name: rtmpose-m_lumbar-coco_1stage_20260916_153635
2026/09/16 15:52:00 - mmengine - INFO - Epoch(train) [403][10/10]  base_lr: 3.272889e-05 lr: 3.272889e-05  eta: 0:00:36  time: 0.213037  data_time: 0.101197  memory: 3109  grad_norm: 0.109848  loss: 0.013871  loss_kpt: 0.013871  acc_pose: 1.000000
2026/09/16 15:52:02 - mmengine - INFO - Exp name: rtmpose-m_lumbar-coco_1stage_20260916_153635
2026/09/16 15:52:02 - mmengine - INFO - Epoch(train) [404][10/10]  base_lr: 3.185561e-05 lr: 3.185561e-05  eta: 0:00:34  time: 0.211541  data_time: 0.100250  memory: 3109  grad_norm: 0.107851  loss: 0.013658  loss_kpt: 0.013658  acc_pose: 1.000000
2026/09/16 15:52:04 - mmengine - INFO - Exp name: rtmpose-m_lumbar-coco_1stage_20260916_153635
2026/09/16 15:52:04 - mmengine - INFO - Epoch(train) [405][10/10]  base_lr: 3.103394e-05 lr: 3.103394e-05  eta: 0:00:32  time: 0.210781  data_time: 0.099363  memory: 3109  grad_norm: 0.107014  loss: 0.013691  loss_kpt: 0.013691  acc_pose: 1.000000
2026/09/16 15:52:06 - mmengine - INFO - Exp name: rtmpose-m_lumbar-coco_1stage_20260916_153635
2026/09/16 15:52:06 - mmengine - INFO - Epoch(train) [406][10/10]  base_lr: 3.026408e-05 lr: 3.026408e-05  eta: 0:00:30  time: 0.212439  data_time: 0.100641  memory: 3109  grad_norm: 0.106803  loss: 0.013764  loss_kpt: 0.013764  acc_pose: 0.998580
2026/09/16 15:52:08 - mmengine - INFO - Exp name: rtmpose-m_lumbar-coco_1stage_20260916_153635
2026/09/16 15:52:08 - mmengine - INFO - Epoch(train) [407][10/10]  base_lr: 2.954618e-05 lr: 2.954618e-05  eta: 0:00:27  time: 0.213019  data_time: 0.101068  memory: 3109  grad_norm: 0.106075  loss: 0.013681  loss_kpt: 0.013681  acc_pose: 1.000000
2026/09/16 15:52:10 - mmengine - INFO - Exp name: rtmpose-m_lumbar-coco_1stage_20260916_153635
2026/09/16 15:52:10 - mmengine - INFO - Epoch(train) [408][10/10]  base_lr: 2.888043e-05 lr: 2.888043e-05  eta: 0:00:25  time: 0.212503  data_time: 0.100433  memory: 3109  grad_norm: 0.107696  loss: 0.013934  loss_kpt: 0.013934  acc_pose: 0.998580
2026/09/16 15:52:12 - mmengine - INFO - Exp name: rtmpose-m_lumbar-coco_1stage_20260916_153635
2026/09/16 15:52:12 - mmengine - INFO - Epoch(train) [409][10/10]  base_lr: 2.826695e-05 lr: 2.826695e-05  eta: 0:00:23  time: 0.212374  data_time: 0.100378  memory: 3109  grad_norm: 0.107613  loss: 0.013905  loss_kpt: 0.013905  acc_pose: 1.000000
2026/09/16 15:52:14 - mmengine - INFO - Exp name: rtmpose-m_lumbar-coco_1stage_20260916_153635
2026/09/16 15:52:14 - mmengine - INFO - Epoch(train) [410][10/10]  base_lr: 2.770590e-05 lr: 2.770590e-05  eta: 0:00:21  time: 0.212749  data_time: 0.100877  memory: 3109  grad_norm: 0.107115  loss: 0.013765  loss_kpt: 0.013765  acc_pose: 1.000000
2026/09/16 15:52:14 - mmengine - INFO - Saving checkpoint at 410 epochs
2026/09/16 15:52:16 - mmengine - INFO - Evaluating CocoMetric...
2026/09/16 15:52:16 - mmengine - INFO - Evaluating PCKAccuracy (normalized by ``"bbox_size"``)...
2026/09/16 15:52:16 - mmengine - INFO - Epoch(val) [410][3/3]    coco/AP: 0.994059  coco/AP .5: 1.000000  coco/AP .75: 1.000000  coco/AP (M): -1.000000  coco/AP (L): 0.994059  coco/AR: 0.995000  coco/AR .5: 1.000000  coco/AR .75: 1.000000  coco/AR (M): -1.000000  coco/AR (L): 0.995000  PCK: 0.997727  data_time: 0.075763  time: 0.091498
2026/09/16 15:52:18 - mmengine - INFO - Exp name: rtmpose-m_lumbar-coco_1stage_20260916_153635
2026/09/16 15:52:18 - mmengine - INFO - Epoch(train) [411][10/10]  base_lr: 2.719739e-05 lr: 2.719739e-05  eta: 0:00:19  time: 0.212531  data_time: 0.101279  memory: 3109  grad_norm: 0.107383  loss: 0.013860  loss_kpt: 0.013860  acc_pose: 0.998580
2026/09/16 15:52:20 - mmengine - INFO - Exp name: rtmpose-m_lumbar-coco_1stage_20260916_153635
2026/09/16 15:52:20 - mmengine - INFO - Epoch(train) [412][10/10]  base_lr: 2.674154e-05 lr: 2.674154e-05  eta: 0:00:17  time: 0.212756  data_time: 0.101566  memory: 3109  grad_norm: 0.107666  loss: 0.013914  loss_kpt: 0.013914  acc_pose: 1.000000
2026/09/16 15:52:22 - mmengine - INFO - Exp name: rtmpose-m_lumbar-coco_1stage_20260916_153635
2026/09/16 15:52:22 - mmengine - INFO - Epoch(train) [413][10/10]  base_lr: 2.633845e-05 lr: 2.633845e-05  eta: 0:00:15  time: 0.213139  data_time: 0.101503  memory: 3109  grad_norm: 0.107192  loss: 0.013851  loss_kpt: 0.013851  acc_pose: 0.998485
2026/09/16 15:52:24 - mmengine - INFO - Exp name: rtmpose-m_lumbar-coco_1stage_20260916_153635
2026/09/16 15:52:24 - mmengine - INFO - Epoch(train) [414][10/10]  base_lr: 2.598822e-05 lr: 2.598822e-05  eta: 0:00:12  time: 0.213993  data_time: 0.101697  memory: 3109  grad_norm: 0.107161  loss: 0.013725  loss_kpt: 0.013725  acc_pose: 1.000000
2026/09/16 15:52:26 - mmengine - INFO - Exp name: rtmpose-m_lumbar-coco_1stage_20260916_153635
2026/09/16 15:52:26 - mmengine - INFO - Epoch(train) [415][10/10]  base_lr: 2.569091e-05 lr: 2.569091e-05  eta: 0:00:10  time: 0.213175  data_time: 0.100210  memory: 3109  grad_norm: 0.106689  loss: 0.013746  loss_kpt: 0.013746  acc_pose: 1.000000
2026/09/16 15:52:29 - mmengine - INFO - Exp name: rtmpose-m_lumbar-coco_1stage_20260916_153635
2026/09/16 15:52:29 - mmengine - INFO - Epoch(train) [416][10/10]  base_lr: 2.544661e-05 lr: 2.544661e-05  eta: 0:00:08  time: 0.212818  data_time: 0.097433  memory: 3109  grad_norm: 0.106427  loss: 0.013719  loss_kpt: 0.013719  acc_pose: 1.000000
2026/09/16 15:52:31 - mmengine - INFO - Exp name: rtmpose-m_lumbar-coco_1stage_20260916_153635
2026/09/16 15:52:31 - mmengine - INFO - Epoch(train) [417][10/10]  base_lr: 2.525535e-05 lr: 2.525535e-05  eta: 0:00:06  time: 0.213605  data_time: 0.098425  memory: 3109  grad_norm: 0.106039  loss: 0.013667  loss_kpt: 0.013667  acc_pose: 1.000000
2026/09/16 15:52:33 - mmengine - INFO - Exp name: rtmpose-m_lumbar-coco_1stage_20260916_153635
2026/09/16 15:52:33 - mmengine - INFO - Epoch(train) [418][10/10]  base_lr: 2.511719e-05 lr: 2.511719e-05  eta: 0:00:04  time: 0.212404  data_time: 0.097374  memory: 3109  grad_norm: 0.104870  loss: 0.013485  loss_kpt: 0.013485  acc_pose: 1.000000
2026/09/16 15:52:35 - mmengine - INFO - Exp name: rtmpose-m_lumbar-coco_1stage_20260916_153635
2026/09/16 15:52:35 - mmengine - INFO - Epoch(train) [419][10/10]  base_lr: 2.503216e-05 lr: 2.503216e-05  eta: 0:00:02  time: 0.212616  data_time: 0.097753  memory: 3109  grad_norm: 0.106232  loss: 0.013835  loss_kpt: 0.013835  acc_pose: 1.000000
2026/09/16 15:52:37 - mmengine - INFO - Exp name: rtmpose-m_lumbar-coco_1stage_20260916_153635
2026/09/16 15:52:37 - mmengine - INFO - Epoch(train) [420][10/10]  base_lr: 2.500027e-05 lr: 2.500027e-05  eta: 0:00:00  time: 0.214494  data_time: 0.099897  memory: 3109  grad_norm: 0.106872  loss: 0.013978  loss_kpt: 0.013978  acc_pose: 1.000000
2026/09/16 15:52:37 - mmengine - INFO - Saving checkpoint at 420 epochs
2026/09/16 15:52:38 - mmengine - INFO - Evaluating CocoMetric...
2026/09/16 15:52:38 - mmengine - INFO - Evaluating PCKAccuracy (normalized by ``"bbox_size"``)...
2026/09/16 15:52:38 - mmengine - INFO - Epoch(val) [420][3/3]    coco/AP: 0.994059  coco/AP .5: 1.000000  coco/AP .75: 1.000000  coco/AP (M): -1.000000  coco/AP (L): 0.994059  coco/AR: 0.995000  coco/AR .5: 1.000000  coco/AR .75: 1.000000  coco/AR (M): -1.000000  coco/AR (L): 0.995000  PCK: 0.997727  data_time: 0.074558  time: 0.089958
